precinct_key,district_num,area_weight,county,countyfp20
ADAMS|BERNEA,3,1.000000000000,Adams,001
ADAMS|BERNEB,3,1.000000000000,Adams,001
ADAMS|BERNEC,3,1.000000000000,Adams,001
ADAMS|BLUECREEK,3,1.000000000000,Adams,001
ADAMS|DECATUR1,3,1.000000000000,Adams,001
ADAMS|DECATUR2,3,1.000000000000,Adams,001
ADAMS|DECATUR3,3,1.000000000000,Adams,001
ADAMS|DECATUR4,3,1.000000000000,Adams,001
ADAMS|DECATUR5,3,1.000000000000,Adams,001
ADAMS|EASTROOT,3,1.000000000000,Adams,001
ADAMS|FRENCH,3,1.000000000000,Adams,001
ADAMS|GENEVA,3,1.000000000000,Adams,001
ADAMS|HARTFORD,3,1.000000000000,Adams,001
ADAMS|JEFFERSON,3,1.000000000000,Adams,001
ADAMS|KIRKLAND,3,1.000000000000,Adams,001
ADAMS|MONROEA,3,1.000000000000,Adams,001
ADAMS|MONROEB,3,1.000000000000,Adams,001
ADAMS|NORTHWASHINGTON,3,1.000000000000,Adams,001
ADAMS|PREBLE,3,1.000000000000,Adams,001
ADAMS|SOUTHMONROE,3,1.000000000000,Adams,001
ADAMS|SOUTHWASHINGTON,3,1.000000000000,Adams,001
ADAMS|STMARYS,3,1.000000000000,Adams,001
ADAMS|UNION,3,1.000000000000,Adams,001
ADAMS|WABASH,3,1.000000000000,Adams,001
ADAMS|WESTROOT,3,1.000000000000,Adams,001
ALLEN|151,3,1.000000000000,Allen,003
ALLEN|152,3,1.000000000000,Allen,003
ALLEN|153,3,1.000000000000,Allen,003
ALLEN|154,3,1.000000000000,Allen,003
ALLEN|156,3,1.000000000000,Allen,003
ALLEN|157,3,1.000000000000,Allen,003
ALLEN|158,3,1.000000000000,Allen,003
ALLEN|162,3,1.000000000000,Allen,003
ALLEN|163,3,1.000000000000,Allen,003
ALLEN|164,3,1.000000000000,Allen,003
ALLEN|166,3,1.000000000000,Allen,003
ALLEN|168,3,1.000000000000,Allen,003
ALLEN|169,3,1.000000000000,Allen,003
ALLEN|170,3,1.000000000000,Allen,003
ALLEN|172,3,1.000000000000,Allen,003
ALLEN|174,3,1.000000000000,Allen,003
ALLEN|175,3,1.000000000000,Allen,003
ALLEN|176,3,1.000000000000,Allen,003
ALLEN|177,3,1.000000000000,Allen,003
ALLEN|178,3,1.000000000000,Allen,003
ALLEN|179,3,1.000000000000,Allen,003
ALLEN|180,3,1.000000000000,Allen,003
ALLEN|183,3,1.000000000000,Allen,003
ALLEN|184,3,1.000000000000,Allen,003
ALLEN|185,3,1.000000000000,Allen,003
ALLEN|186,3,1.000000000000,Allen,003
ALLEN|188,3,1.000000000000,Allen,003
ALLEN|189,3,1.000000000000,Allen,003
ALLEN|190,3,1.000000000000,Allen,003
ALLEN|192,3,1.000000000000,Allen,003
ALLEN|194,3,1.000000000000,Allen,003
ALLEN|195,3,1.000000000000,Allen,003
ALLEN|196,3,1.000000000000,Allen,003
ALLEN|197,3,1.000000000000,Allen,003
ALLEN|200,3,1.000000000000,Allen,003
ALLEN|203,3,1.000000000000,Allen,003
ALLEN|204,3,1.000000000000,Allen,003
ALLEN|205,3,1.000000000000,Allen,003
ALLEN|207,3,1.000000000000,Allen,003
ALLEN|209,3,1.000000000000,Allen,003
ALLEN|210,3,1.000000000000,Allen,003
ALLEN|211,3,1.000000000000,Allen,003
ALLEN|212,3,1.000000000000,Allen,003
ALLEN|213,3,1.000000000000,Allen,003
ALLEN|214,3,1.000000000000,Allen,003
ALLEN|216,3,1.000000000000,Allen,003
ALLEN|217,3,1.000000000000,Allen,003
ALLEN|218,3,1.000000000000,Allen,003
ALLEN|255,3,1.000000000000,Allen,003
ALLEN|256,3,1.000000000000,Allen,003
ALLEN|257,3,1.000000000000,Allen,003
ALLEN|259,3,1.000000000000,Allen,003
ALLEN|260,3,1.000000000000,Allen,003
ALLEN|261,3,1.000000000000,Allen,003
ALLEN|262,3,1.000000000000,Allen,003
ALLEN|270,3,1.000000000000,Allen,003
ALLEN|285,3,1.000000000000,Allen,003
ALLEN|287,3,1.000000000000,Allen,003
ALLEN|288,3,1.000000000000,Allen,003
ALLEN|289,3,1.000000000000,Allen,003
ALLEN|290,3,1.000000000000,Allen,003
ALLEN|291,3,1.000000000000,Allen,003
ALLEN|292,3,1.000000000000,Allen,003
ALLEN|293,3,1.000000000000,Allen,003
ALLEN|294,3,1.000000000000,Allen,003
ALLEN|296,3,1.000000000000,Allen,003
ALLEN|297,3,1.000000000000,Allen,003
ALLEN|298,3,1.000000000000,Allen,003
ALLEN|303,3,1.000000000000,Allen,003
ALLEN|304,3,1.000000000000,Allen,003
ALLEN|306,3,1.000000000000,Allen,003
ALLEN|307,3,1.000000000000,Allen,003
ALLEN|309,3,1.000000000000,Allen,003
ALLEN|310,3,1.000000000000,Allen,003
ALLEN|311,3,1.000000000000,Allen,003
ALLEN|312,3,1.000000000000,Allen,003
ALLEN|313,3,1.000000000000,Allen,003
ALLEN|314,3,1.000000000000,Allen,003
ALLEN|315,3,1.000000000000,Allen,003
ALLEN|316,3,1.000000000000,Allen,003
ALLEN|318,3,1.000000000000,Allen,003
ALLEN|319,3,1.000000000000,Allen,003
ALLEN|320,3,1.000000000000,Allen,003
ALLEN|321,3,1.000000000000,Allen,003
ALLEN|322,3,1.000000000000,Allen,003
ALLEN|323,3,1.000000000000,Allen,003
ALLEN|327,3,1.000000000000,Allen,003
ALLEN|360,3,1.000000000000,Allen,003
ALLEN|364,3,1.000000000000,Allen,003
ALLEN|366,3,1.000000000000,Allen,003
ALLEN|367,3,1.000000000000,Allen,003
ALLEN|368,3,1.000000000000,Allen,003
ALLEN|370,3,1.000000000000,Allen,003
ALLEN|371,3,1.000000000000,Allen,003
ALLEN|373,3,1.000000000000,Allen,003
ALLEN|399,3,1.000000000000,Allen,003
ALLEN|410,3,1.000000000000,Allen,003
ALLEN|411,3,1.000000000000,Allen,003
ALLEN|415,3,1.000000000000,Allen,003
ALLEN|418,3,1.000000000000,Allen,003
ALLEN|452,3,1.000000000000,Allen,003
ALLEN|454,3,1.000000000000,Allen,003
ALLEN|456,3,1.000000000000,Allen,003
ALLEN|457,3,1.000000000000,Allen,003
ALLEN|459,3,1.000000000000,Allen,003
ALLEN|460,3,1.000000000000,Allen,003
ALLEN|461,3,1.000000000000,Allen,003
ALLEN|468,3,1.000000000000,Allen,003
ALLEN|469,3,1.000000000000,Allen,003
ALLEN|470,3,1.000000000000,Allen,003
ALLEN|471,3,1.000000000000,Allen,003
ALLEN|472,3,1.000000000000,Allen,003
ALLEN|473,3,1.000000000000,Allen,003
ALLEN|474,3,1.000000000000,Allen,003
ALLEN|475,3,1.000000000000,Allen,003
ALLEN|476,3,1.000000000000,Allen,003
ALLEN|477,3,1.000000000000,Allen,003
ALLEN|478,3,1.000000000000,Allen,003
ALLEN|479,3,1.000000000000,Allen,003
ALLEN|480,3,1.000000000000,Allen,003
ALLEN|481,3,1.000000000000,Allen,003
ALLEN|482,3,1.000000000000,Allen,003
ALLEN|483,3,1.000000000000,Allen,003
ALLEN|484,3,1.000000000000,Allen,003
ALLEN|485,3,1.000000000000,Allen,003
ALLEN|486,3,1.000000000000,Allen,003
ALLEN|487,3,1.000000000000,Allen,003
ALLEN|488,3,1.000000000000,Allen,003
ALLEN|490,3,1.000000000000,Allen,003
ALLEN|502,3,1.000000000000,Allen,003
ALLEN|503,3,1.000000000000,Allen,003
ALLEN|504,3,1.000000000000,Allen,003
ALLEN|505,3,1.000000000000,Allen,003
ALLEN|509,3,1.000000000000,Allen,003
ALLEN|512,3,1.000000000000,Allen,003
ALLEN|516,3,1.000000000000,Allen,003
ALLEN|518,3,1.000000000000,Allen,003
ALLEN|519,3,1.000000000000,Allen,003
ALLEN|553,3,1.000000000000,Allen,003
ALLEN|554,3,1.000000000000,Allen,003
ALLEN|555,3,1.000000000000,Allen,003
ALLEN|557,3,1.000000000000,Allen,003
ALLEN|561,3,1.000000000000,Allen,003
ALLEN|565,3,1.000000000000,Allen,003
ALLEN|567,3,1.000000000000,Allen,003
ALLEN|569,3,1.000000000000,Allen,003
ALLEN|575,3,1.000000000000,Allen,003
ALLEN|576,3,1.000000000000,Allen,003
ALLEN|577,3,1.000000000000,Allen,003
ALLEN|578,3,1.000000000000,Allen,003
ALLEN|579,3,1.000000000000,Allen,003
ALLEN|581,3,1.000000000000,Allen,003
ALLEN|582,3,1.000000000000,Allen,003
ALLEN|583,3,1.000000000000,Allen,003
ALLEN|585,3,1.000000000000,Allen,003
ALLEN|590,3,1.000000000000,Allen,003
ALLEN|592,3,1.000000000000,Allen,003
ALLEN|594,3,1.000000000000,Allen,003
ALLEN|596,3,1.000000000000,Allen,003
ALLEN|602,3,1.000000000000,Allen,003
ALLEN|603,3,1.000000000000,Allen,003
ALLEN|605,3,1.000000000000,Allen,003
ALLEN|607,3,1.000000000000,Allen,003
ALLEN|608,3,1.000000000000,Allen,003
ALLEN|610,3,1.000000000000,Allen,003
ALLEN|611,3,1.000000000000,Allen,003
ALLEN|612,3,1.000000000000,Allen,003
ALLEN|651,3,1.000000000000,Allen,003
ALLEN|652,3,1.000000000000,Allen,003
ALLEN|653,3,1.000000000000,Allen,003
ALLEN|654,3,1.000000000000,Allen,003
ALLEN|656,3,1.000000000000,Allen,003
ALLEN|658,3,1.000000000000,Allen,003
ALLEN|660,3,1.000000000000,Allen,003
ALLEN|662,3,1.000000000000,Allen,003
ALLEN|663,3,1.000000000000,Allen,003
ALLEN|665,3,1.000000000000,Allen,003
ALLEN|667,3,1.000000000000,Allen,003
ALLEN|668,3,1.000000000000,Allen,003
ALLEN|669,3,1.000000000000,Allen,003
ALLEN|670,3,1.000000000000,Allen,003
ALLEN|671,3,1.000000000000,Allen,003
ALLEN|672,3,1.000000000000,Allen,003
ALLEN|674,3,1.000000000000,Allen,003
ALLEN|675,3,1.000000000000,Allen,003
ALLEN|677,3,1.000000000000,Allen,003
ALLEN|678,3,1.000000000000,Allen,003
ALLEN|679,3,1.000000000000,Allen,003
ALLEN|682,3,1.000000000000,Allen,003
ALLEN|690,3,1.000000000000,Allen,003
ALLEN|692,3,1.000000000000,Allen,003
ALLEN|ABOITEA,3,1.000000000000,Allen,003
ALLEN|ABOITEB,3,1.000000000000,Allen,003
ALLEN|ABOITEC,3,1.000000000000,Allen,003
ALLEN|ABOITEJ,3,1.000000000000,Allen,003
ALLEN|ABOITEK,3,1.000000000000,Allen,003
ALLEN|ABOITEL,3,1.000000000000,Allen,003
ALLEN|ABOITEN,3,1.000000000000,Allen,003
ALLEN|ABOITET,3,1.000000000000,Allen,003
ALLEN|ABOITEU,3,1.000000000000,Allen,003
ALLEN|ABOITEZ,3,1.000000000000,Allen,003
ALLEN|ADAMSB1,3,1.000000000000,Allen,003
ALLEN|ADAMSB2,3,1.000000000000,Allen,003
ALLEN|ADAMSC,3,1.000000000000,Allen,003
ALLEN|ADAMSE,3,1.000000000000,Allen,003
ALLEN|ADAMSF,3,1.000000000000,Allen,003
ALLEN|ADAMSG,3,1.000000000000,Allen,003
ALLEN|ADAMSN,3,1.000000000000,Allen,003
ALLEN|ADAMSO,3,1.000000000000,Allen,003
ALLEN|CEDARCREEKA,3,1.000000000000,Allen,003
ALLEN|CEDARCREEKB,3,1.000000000000,Allen,003
ALLEN|CEDARCREEKC,3,1.000000000000,Allen,003
ALLEN|CEDARCREEKD,3,1.000000000000,Allen,003
ALLEN|CEDARCREEKE,3,1.000000000000,Allen,003
ALLEN|CEDARCREEKF,3,1.000000000000,Allen,003
ALLEN|CEDARCREEKG,3,1.000000000000,Allen,003
ALLEN|EELRIVERA,3,1.000000000000,Allen,003
ALLEN|EELRIVERB,3,1.000000000000,Allen,003
ALLEN|GRABILL,3,1.000000000000,Allen,003
ALLEN|HUNTERTOWNA,3,1.000000000000,Allen,003
ALLEN|HUNTERTOWNB,3,1.000000000000,Allen,003
ALLEN|HUNTERTOWNC,3,1.000000000000,Allen,003
ALLEN|HUNTERTOWND,3,1.000000000000,Allen,003
ALLEN|HUNTERTOWNER,3,1.000000000000,Allen,003
ALLEN|JACKSON,3,1.000000000000,Allen,003
ALLEN|JEFFERSON,3,1.000000000000,Allen,003
ALLEN|LAFAYETTEA,3,1.000000000000,Allen,003
ALLEN|LAFAYETTEB,3,1.000000000000,Allen,003
ALLEN|LAFAYETTEC,3,1.000000000000,Allen,003
ALLEN|LAKEA,3,1.000000000000,Allen,003
ALLEN|LAKEB,3,1.000000000000,Allen,003
ALLEN|LEOCEDARVILLEA,3,1.000000000000,Allen,003
ALLEN|LEOCEDARVILLEB,3,1.000000000000,Allen,003
ALLEN|MADISON,3,1.000000000000,Allen,003
ALLEN|MARIONA,3,1.000000000000,Allen,003
ALLEN|MARIONB,3,1.000000000000,Allen,003
ALLEN|MARIONC,3,1.000000000000,Allen,003
ALLEN|MAUMEE,3,1.000000000000,Allen,003
ALLEN|MILAN,3,1.000000000000,Allen,003
ALLEN|MONROE,3,1.000000000000,Allen,003
ALLEN|MONROEVILLE,3,1.000000000000,Allen,003
ALLEN|NH1,3,1.000000000000,Allen,003
ALLEN|NH1J,3,1.000000000000,Allen,003
ALLEN|NH1SJ,3,1.000000000000,Allen,003
ALLEN|NH2A,3,1.000000000000,Allen,003
ALLEN|NH2J1,3,1.000000000000,Allen,003
ALLEN|NH2J2,3,1.000000000000,Allen,003
ALLEN|NH2J3,3,1.000000000000,Allen,003
ALLEN|NH2J4,3,1.000000000000,Allen,003
ALLEN|NH3A,3,1.000000000000,Allen,003
ALLEN|NH3B,3,1.000000000000,Allen,003
ALLEN|NH4A,3,1.000000000000,Allen,003
ALLEN|NH4B,3,1.000000000000,Allen,003
ALLEN|NH5A,3,1.000000000000,Allen,003
ALLEN|NH5B,3,1.000000000000,Allen,003
ALLEN|NH5C,3,1.000000000000,Allen,003
ALLEN|NH5D,3,1.000000000000,Allen,003
ALLEN|NH5E,3,1.000000000000,Allen,003
ALLEN|PERRYB,3,1.000000000000,Allen,003
ALLEN|PERRYD,3,1.000000000000,Allen,003
ALLEN|PERRYH,3,1.000000000000,Allen,003
ALLEN|PERRYJ,3,1.000000000000,Allen,003
ALLEN|PERRYK,3,1.000000000000,Allen,003
ALLEN|PERRYL,3,1.000000000000,Allen,003
ALLEN|PERRYM,3,1.000000000000,Allen,003
ALLEN|PERRYN,3,1.000000000000,Allen,003
ALLEN|PERRYO,3,1.000000000000,Allen,003
ALLEN|PERRYR,3,1.000000000000,Allen,003
ALLEN|PERRYS,3,1.000000000000,Allen,003
ALLEN|PERRYT,3,1.000000000000,Allen,003
ALLEN|PLEASANTA,3,1.000000000000,Allen,003
ALLEN|PLEASANTB,3,1.000000000000,Allen,003
ALLEN|PLEASANTC,3,1.000000000000,Allen,003
ALLEN|SCIPIO,3,1.000000000000,Allen,003
ALLEN|SPRINGFIELDA,3,1.000000000000,Allen,003
ALLEN|SPRINGFIELDB,3,1.000000000000,Allen,003
ALLEN|STJOEA,3,1.000000000000,Allen,003
ALLEN|STJOEB1,3,1.000000000000,Allen,003
ALLEN|STJOEB2,3,1.000000000000,Allen,003
ALLEN|STJOEC,3,1.000000000000,Allen,003
ALLEN|STJOED,3,1.000000000000,Allen,003
ALLEN|STJOEE,3,1.000000000000,Allen,003
ALLEN|STJOEF,3,1.000000000000,Allen,003
ALLEN|STJOEG,3,1.000000000000,Allen,003
ALLEN|STJOEV1,3,1.000000000000,Allen,003
ALLEN|WASHINGTONE,3,1.000000000000,Allen,003
ALLEN|WASHINGTONF,3,1.000000000000,Allen,003
ALLEN|WAYNEA,3,1.000000000000,Allen,003
ALLEN|WAYNEC,3,1.000000000000,Allen,003
ALLEN|WAYNED,3,1.000000000000,Allen,003
ALLEN|WOODBURN,3,1.000000000000,Allen,003
ALLEN|ZANESVILLE,3,1.000000000000,Allen,003
BARTHOLOMEW|CLAY3500,6,1.000000000000,Bartholomew,005
BARTHOLOMEW|CLAY3550,6,1.000000000000,Bartholomew,005
BARTHOLOMEW|CLAY3600,6,1.000000000000,Bartholomew,005
BARTHOLOMEW|CLIFTY3700,6,0.999941869494,Bartholomew,005
BARTHOLOMEW|CLIFTY3700,9,0.000058130506,Bartholomew,005
BARTHOLOMEW|COLUMBUS100,6,1.000000000000,Bartholomew,005
BARTHOLOMEW|COLUMBUS1000,6,1.000000000000,Bartholomew,005
BARTHOLOMEW|COLUMBUS1100,6,1.000000000000,Bartholomew,005
BARTHOLOMEW|COLUMBUS1200,6,1.000000000000,Bartholomew,005
BARTHOLOMEW|COLUMBUS1300,6,1.000000000000,Bartholomew,005
BARTHOLOMEW|COLUMBUS1400,6,1.000000000000,Bartholomew,005
BARTHOLOMEW|COLUMBUS1500,6,1.000000000000,Bartholomew,005
BARTHOLOMEW|COLUMBUS1600,6,1.000000000000,Bartholomew,005
BARTHOLOMEW|COLUMBUS1700,6,1.000000000000,Bartholomew,005
BARTHOLOMEW|COLUMBUS1800,6,1.000000000000,Bartholomew,005
BARTHOLOMEW|COLUMBUS1900,6,1.000000000000,Bartholomew,005
BARTHOLOMEW|COLUMBUS200,6,1.000000000000,Bartholomew,005
BARTHOLOMEW|COLUMBUS2000,6,1.000000000000,Bartholomew,005
BARTHOLOMEW|COLUMBUS2100,6,1.000000000000,Bartholomew,005
BARTHOLOMEW|COLUMBUS2200,6,1.000000000000,Bartholomew,005
BARTHOLOMEW|COLUMBUS225,6,1.000000000000,Bartholomew,005
BARTHOLOMEW|COLUMBUS2300,6,1.000000000000,Bartholomew,005
BARTHOLOMEW|COLUMBUS2400,6,1.000000000000,Bartholomew,005
BARTHOLOMEW|COLUMBUS250,6,1.000000000000,Bartholomew,005
BARTHOLOMEW|COLUMBUS2500,6,1.000000000000,Bartholomew,005
BARTHOLOMEW|COLUMBUS2600,6,1.000000000000,Bartholomew,005
BARTHOLOMEW|COLUMBUS2700,6,1.000000000000,Bartholomew,005
BARTHOLOMEW|COLUMBUS2800,6,1.000000000000,Bartholomew,005
BARTHOLOMEW|COLUMBUS2850,6,1.000000000000,Bartholomew,005
BARTHOLOMEW|COLUMBUS2900,6,1.000000000000,Bartholomew,005
BARTHOLOMEW|COLUMBUS300,6,1.000000000000,Bartholomew,005
BARTHOLOMEW|COLUMBUS3000,6,0.999807366537,Bartholomew,005
BARTHOLOMEW|COLUMBUS3000,9,0.000192633463,Bartholomew,005
BARTHOLOMEW|COLUMBUS3100,6,0.999999888326,Bartholomew,005
BARTHOLOMEW|COLUMBUS3100,9,0.000000111674,Bartholomew,005
BARTHOLOMEW|COLUMBUS3200,6,1.000000000000,Bartholomew,005
BARTHOLOMEW|COLUMBUS3300,6,1.000000000000,Bartholomew,005
BARTHOLOMEW|COLUMBUS3350,6,1.000000000000,Bartholomew,005
BARTHOLOMEW|COLUMBUS3400,6,0.999983949341,Bartholomew,005
BARTHOLOMEW|COLUMBUS3400,9,0.000016050659,Bartholomew,005
BARTHOLOMEW|COLUMBUS400,6,1.000000000000,Bartholomew,005
BARTHOLOMEW|COLUMBUS500,6,1.000000000000,Bartholomew,005
BARTHOLOMEW|COLUMBUS600,6,1.000000000000,Bartholomew,005
BARTHOLOMEW|COLUMBUS700,6,1.000000000000,Bartholomew,005
BARTHOLOMEW|COLUMBUS800,6,1.000000000000,Bartholomew,005
BARTHOLOMEW|COLUMBUS900,6,1.000000000000,Bartholomew,005
BARTHOLOMEW|FLATROCK3800,6,1.000000000000,Bartholomew,005
BARTHOLOMEW|FLATROCK3850NV,6,1.000000000000,Bartholomew,005
BARTHOLOMEW|GERMAN3900,6,1.000000000000,Bartholomew,005
BARTHOLOMEW|GERMAN4000,6,1.000000000000,Bartholomew,005
BARTHOLOMEW|GERMAN4100,6,0.999977509336,Bartholomew,005
BARTHOLOMEW|GERMAN4100,9,0.000022490664,Bartholomew,005
BARTHOLOMEW|GERMAN4200,6,1.000000000000,Bartholomew,005
BARTHOLOMEW|GERMAN4250NV,6,1.000000000000,Bartholomew,005
BARTHOLOMEW|GERMAN4300,6,1.000000000000,Bartholomew,005
BARTHOLOMEW|GERMAN4350,6,1.000000000000,Bartholomew,005
BARTHOLOMEW|HARRISON4400,6,0.999988311441,Bartholomew,005
BARTHOLOMEW|HARRISON4400,9,0.000011688559,Bartholomew,005
BARTHOLOMEW|HARRISON4450,6,1.000000000000,Bartholomew,005
BARTHOLOMEW|HARRISON4500,6,0.999812347866,Bartholomew,005
BARTHOLOMEW|HARRISON4500,9,0.000187652134,Bartholomew,005
BARTHOLOMEW|HARRISON4550,6,1.000000000000,Bartholomew,005
BARTHOLOMEW|HAWCREEK4600,6,0.999990175435,Bartholomew,005
BARTHOLOMEW|HAWCREEK4600,9,0.000009824565,Bartholomew,005
BARTHOLOMEW|HAWCREEK4700,6,1.000000000000,Bartholomew,005
BARTHOLOMEW|HAWCREEK4800,6,1.000000000000,Bartholomew,005
BARTHOLOMEW|HAWCREEK4900,6,1.000000000000,Bartholomew,005
BARTHOLOMEW|JACKSON5000,9,1.000000000000,Bartholomew,005
BARTHOLOMEW|OHIO5100,6,0.000015760145,Bartholomew,005
BARTHOLOMEW|OHIO5100,9,0.999984239855,Bartholomew,005
BARTHOLOMEW|ROCKCREEK5200,6,0.999908734312,Bartholomew,005
BARTHOLOMEW|ROCKCREEK5200,9,0.000091265688,Bartholomew,005
BARTHOLOMEW|SANDCREEK5300,6,0.162007991665,Bartholomew,005
BARTHOLOMEW|SANDCREEK5300,9,0.837992008335,Bartholomew,005
BARTHOLOMEW|SANDCREEK5400,6,0.289004139631,Bartholomew,005
BARTHOLOMEW|SANDCREEK5400,9,0.710995860369,Bartholomew,005
BARTHOLOMEW|WAYNE5500,6,0.000246673888,Bartholomew,005
BARTHOLOMEW|WAYNE5500,9,0.999753326112,Bartholomew,005
BARTHOLOMEW|WAYNE5600,9,1.000000000000,Bartholomew,005
BARTHOLOMEW|WAYNE5700,6,0.000061808996,Bartholomew,005
BARTHOLOMEW|WAYNE5700,9,0.999938191004,Bartholomew,005
BARTHOLOMEW|WAYNE5800,6,0.000000081776,Bartholomew,005
BARTHOLOMEW|WAYNE5800,9,0.999999918224,Bartholomew,005
BENTON|BOLIVAR,4,1.000000000000,Benton,007
BENTON|CENTEREAST,4,1.000000000000,Benton,007
BENTON|CENTERNORTH,4,1.000000000000,Benton,007
BENTON|CENTERSOUTH,4,1.000000000000,Benton,007
BENTON|CENTERWEST,4,1.000000000000,Benton,007
BENTON|GILBOA,4,1.000000000000,Benton,007
BENTON|GRANT,4,1.000000000000,Benton,007
BENTON|HICKORYGROVE,4,1.000000000000,Benton,007
BENTON|OAKGROVENORTH,4,1.000000000000,Benton,007
BENTON|OAKGROVESOUTH,4,1.000000000000,Benton,007
BENTON|PARISHGROVE,4,1.000000000000,Benton,007
BENTON|PINE,4,1.000000000000,Benton,007
BENTON|RICHLAND,4,1.000000000000,Benton,007
BENTON|UNION,4,1.000000000000,Benton,007
BENTON|YORK,4,1.000000000000,Benton,007
BLACKFORD|HARRISON1,3,1.000000000000,Blackford,009
BLACKFORD|HARRISON2,3,1.000000000000,Blackford,009
BLACKFORD|JACKSON1,3,1.000000000000,Blackford,009
BLACKFORD|JACKSON2,3,0.999981241997,Blackford,009
BLACKFORD|JACKSON2,5,0.000018758003,Blackford,009
BLACKFORD|LICKING1,3,1.000000000000,Blackford,009
BLACKFORD|LICKING2,3,1.000000000000,Blackford,009
BLACKFORD|LICKING3,3,1.000000000000,Blackford,009
BLACKFORD|LICKING4,3,1.000000000000,Blackford,009
BLACKFORD|LICKING5,3,0.999917388185,Blackford,009
BLACKFORD|LICKING5,5,0.000082611815,Blackford,009
BLACKFORD|LICKING6,3,1.000000000000,Blackford,009
BLACKFORD|WASHINGTON1,3,0.999885340476,Blackford,009
BLACKFORD|WASHINGTON1,5,0.000114659524,Blackford,009
BLACKFORD|WASHINGTON2,3,1.000000000000,Blackford,009
BOONE|CENTER1,4,1.000000000000,Boone,011
BOONE|CENTER10,4,1.000000000000,Boone,011
BOONE|CENTER11,4,1.000000000000,Boone,011
BOONE|CENTER12,4,1.000000000000,Boone,011
BOONE|CENTER13,4,1.000000000000,Boone,011
BOONE|CENTER14,4,1.000000000000,Boone,011
BOONE|CENTER15,4,1.000000000000,Boone,011
BOONE|CENTER16,4,1.000000000000,Boone,011
BOONE|CENTER17,4,1.000000000000,Boone,011
BOONE|CENTER2,4,1.000000000000,Boone,011
BOONE|CENTER3,4,1.000000000000,Boone,011
BOONE|CENTER4,4,1.000000000000,Boone,011
BOONE|CENTER5,4,1.000000000000,Boone,011
BOONE|CENTER6,4,1.000000000000,Boone,011
BOONE|CENTER7,4,1.000000000000,Boone,011
BOONE|CENTER8,4,1.000000000000,Boone,011
BOONE|CENTER9,4,1.000000000000,Boone,011
BOONE|CLINTON,4,1.000000000000,Boone,011
BOONE|EAGLE1,4,1.000000000000,Boone,011
BOONE|EAGLE10,4,1.000000000000,Boone,011
BOONE|EAGLE11,4,1.000000000000,Boone,011
BOONE|EAGLE12,4,1.000000000000,Boone,011
BOONE|EAGLE13,4,1.000000000000,Boone,011
BOONE|EAGLE14,4,1.000000000000,Boone,011
BOONE|EAGLE15,4,1.000000000000,Boone,011
BOONE|EAGLE16,4,0.998180841524,Boone,011
BOONE|EAGLE16,5,0.000006437925,Boone,011
BOONE|EAGLE16,7,0.001812720550,Boone,011
BOONE|EAGLE17,4,1.000000000000,Boone,011
BOONE|EAGLE18,4,0.999999885398,Boone,011
BOONE|EAGLE18,5,0.000000114602,Boone,011
BOONE|EAGLE19,4,0.999933452378,Boone,011
BOONE|EAGLE19,7,0.000066547622,Boone,011
BOONE|EAGLE2,4,1.000000000000,Boone,011
BOONE|EAGLE20,4,1.000000000000,Boone,011
BOONE|EAGLE3,4,1.000000000000,Boone,011
BOONE|EAGLE4,4,0.999964508586,Boone,011
BOONE|EAGLE4,5,0.000035491414,Boone,011
BOONE|EAGLE5,4,1.000000000000,Boone,011
BOONE|EAGLE6,4,0.999628621685,Boone,011
BOONE|EAGLE6,5,0.000371378315,Boone,011
BOONE|EAGLE7,4,0.999767015576,Boone,011
BOONE|EAGLE7,7,0.000232984424,Boone,011
BOONE|EAGLE8,4,1.000000000000,Boone,011
BOONE|EAGLE9,4,1.000000000000,Boone,011
BOONE|HARRISON,4,1.000000000000,Boone,011
BOONE|JACKSON1,4,1.000000000000,Boone,011
BOONE|JACKSON2,4,1.000000000000,Boone,011
BOONE|JACKSON3,4,1.000000000000,Boone,011
BOONE|JEFFERSON,4,1.000000000000,Boone,011
BOONE|MARION1,4,0.999946475107,Boone,011
BOONE|MARION1,5,0.000053524893,Boone,011
BOONE|MARION2,4,0.999994945202,Boone,011
BOONE|MARION2,5,0.000005054798,Boone,011
BOONE|PERRY,4,1.000000000000,Boone,011
BOONE|SUGARCREEK1,4,1.000000000000,Boone,011
BOONE|SUGARCREEK2,4,1.000000000000,Boone,011
BOONE|UNION1,4,0.999996359622,Boone,011
BOONE|UNION1,5,0.000003640378,Boone,011
BOONE|UNION2,4,1.000000000000,Boone,011
BOONE|WASHINGTON,4,1.000000000000,Boone,011
BOONE|WORTH1,4,1.000000000000,Boone,011
BOONE|WORTH2,4,1.000000000000,Boone,011
BROWN|HAMBLEN1,6,0.000009553880,Brown,013
BROWN|HAMBLEN1,9,0.999990446120,Brown,013
BROWN|HAMBLEN2,6,0.000111195934,Brown,013
BROWN|HAMBLEN2,9,0.999888804066,Brown,013
BROWN|HAMBLEN3,6,0.000118917495,Brown,013
BROWN|HAMBLEN3,9,0.999881082505,Brown,013
BROWN|JACKSON1,4,0.000039687264,Brown,013
BROWN|JACKSON1,6,0.000010871663,Brown,013
BROWN|JACKSON1,9,0.999949441073,Brown,013
BROWN|JACKSON2,9,1.000000000000,Brown,013
BROWN|JACKSON3,4,0.000062920245,Brown,013
BROWN|JACKSON3,9,0.999937079755,Brown,013
BROWN|JACKSON4,4,0.000014169288,Brown,013
BROWN|JACKSON4,9,0.999985830712,Brown,013
BROWN|VANBUREN1,6,0.000000000396,Brown,013
BROWN|VANBUREN1,9,0.999999999604,Brown,013
BROWN|WASHINGTON1,6,0.000006602482,Brown,013
BROWN|WASHINGTON1,9,0.999993397518,Brown,013
BROWN|WASHINGTON2,9,1.000000000000,Brown,013
BROWN|WASHINGTON3,9,1.000000000000,Brown,013
BROWN|WASHINGTON4,9,1.000000000000,Brown,013
CARROLL|ADAMS,4,1.000000000000,Carroll,015
CARROLL|BURLINGTON,4,0.999994328772,Carroll,015
CARROLL|BURLINGTON,5,0.000005671228,Carroll,015
CARROLL|CARROLLTON,4,0.999972140764,Carroll,015
CARROLL|CARROLLTON,5,0.000027859236,Carroll,015
CARROLL|CLAY,4,1.000000000000,Carroll,015
CARROLL|DEERCREEKI,4,1.000000000000,Carroll,015
CARROLL|DEERCREEKIII,4,1.000000000000,Carroll,015
CARROLL|DEERCREEKV,4,1.000000000000,Carroll,015
CARROLL|DEMOCRAT,4,1.000000000000,Carroll,015
CARROLL|JACKSON,4,1.000000000000,Carroll,015
CARROLL|JEFFERSONI,4,1.000000000000,Carroll,015
CARROLL|JEFFERSONII,4,1.000000000000,Carroll,015
CARROLL|LIBERTY,4,1.000000000000,Carroll,015
CARROLL|MADISON,4,1.000000000000,Carroll,015
CARROLL|MONROEI,4,1.000000000000,Carroll,015
CARROLL|MONROEII,4,1.000000000000,Carroll,015
CARROLL|ROCKCREEK,4,1.000000000000,Carroll,015
CARROLL|TIPPECANOEI,4,1.000000000000,Carroll,015
CARROLL|TIPPECANOEII,4,1.000000000000,Carroll,015
CARROLL|WASHINGTON,4,1.000000000000,Carroll,015
CASS|1,2,0.000867801418,Cass,017
CASS|1,4,0.999132198582,Cass,017
CASS|10,2,0.006781798207,Cass,017
CASS|10,4,0.993218201793,Cass,017
CASS|11,2,0.000548350830,Cass,017
CASS|11,4,0.999451649170,Cass,017
CASS|12,4,1.000000000000,Cass,017
CASS|13,4,1.000000000000,Cass,017
CASS|14,2,0.000357980484,Cass,017
CASS|14,4,0.999642019516,Cass,017
CASS|15,4,1.000000000000,Cass,017
CASS|16,4,1.000000000000,Cass,017
CASS|2,4,1.000000000000,Cass,017
CASS|3,4,1.000000000000,Cass,017
CASS|4,4,1.000000000000,Cass,017
CASS|5,4,1.000000000000,Cass,017
CASS|6,4,1.000000000000,Cass,017
CASS|7,4,1.000000000000,Cass,017
CASS|8,4,1.000000000000,Cass,017
CASS|9,4,1.000000000000,Cass,017
CASS|ADAMS,2,1.000000000000,Cass,017
CASS|BETHLEHEM,2,1.000000000000,Cass,017
CASS|BOONE,2,0.000067209927,Cass,017
CASS|BOONE,4,0.999932790073,Cass,017
CASS|CLAY1,2,1.000000000000,Cass,017
CASS|CLAY2,2,1.000000000000,Cass,017
CASS|CLAY3,2,0.999971101113,Cass,017
CASS|CLAY3,4,0.000028898887,Cass,017
CASS|CLAYCITY,2,0.999156810212,Cass,017
CASS|CLAYCITY,4,0.000843189788,Cass,017
CASS|CLINTON,4,1.000000000000,Cass,017
CASS|CLINTONCITYNV,4,1.000000000000,Cass,017
CASS|DEERCREEK,2,0.701476958603,Cass,017
CASS|DEERCREEK,4,0.298488145732,Cass,017
CASS|DEERCREEK,5,0.000034895665,Cass,017
CASS|EELEAST,2,0.137405338883,Cass,017
CASS|EELEAST,4,0.862594661117,Cass,017
CASS|EELWEST,4,1.000000000000,Cass,017
CASS|GALVESTON,2,1.000000000000,Cass,017
CASS|HARRISON,2,0.999871198672,Cass,017
CASS|HARRISON,4,0.000128801328,Cass,017
CASS|JACKSON,2,0.999974069510,Cass,017
CASS|JACKSON,5,0.000025930490,Cass,017
CASS|JEFFERSON,4,1.000000000000,Cass,017
CASS|MIAMI,2,0.999831890906,Cass,017
CASS|MIAMI,4,0.000168109094,Cass,017
CASS|NOBLECITY,4,1.000000000000,Cass,017
CASS|NOBLENORTH,2,0.011252503651,Cass,017
CASS|NOBLENORTH,4,0.988747496349,Cass,017
CASS|NOBLESOUTH,2,0.000447662976,Cass,017
CASS|NOBLESOUTH,4,0.999552337024,Cass,017
CASS|TIPTON1,2,0.999984511674,Cass,017
CASS|TIPTON1,4,0.000015488326,Cass,017
CASS|TIPTON2,2,0.999954001917,Cass,017
CASS|TIPTON2,4,0.000045998083,Cass,017
CASS|WASHINGTON,2,0.044998491672,Cass,017
CASS|WASHINGTON,4,0.955001508328,Cass,017
CASS|WASHINGTONCITY,4,1.000000000000,Cass,017
CLARK|BETHLEHEM,9,1.000000000000,Clark,019
CLARK|CARR,9,1.000000000000,Clark,019
CLARK|CHARLESTOWN1,9,1.000000000000,Clark,019
CLARK|CHARLESTOWN2,9,1.000000000000,Clark,019
CLARK|CHARLESTOWN3,9,1.000000000000,Clark,019
CLARK|CHARLESTOWN4,9,1.000000000000,Clark,019
CLARK|CHARLESTOWN5,9,1.000000000000,Clark,019
CLARK|CHARLESTOWN6,9,1.000000000000,Clark,019
CLARK|CHARLESTOWN7,9,1.000000000000,Clark,019
CLARK|CHARLESTOWN8,9,1.000000000000,Clark,019
CLARK|JEFFERSONVILLE1,9,1.000000000000,Clark,019
CLARK|JEFFERSONVILLE10,9,1.000000000000,Clark,019
CLARK|JEFFERSONVILLE11,9,1.000000000000,Clark,019
CLARK|JEFFERSONVILLE11A,9,1.000000000000,Clark,019
CLARK|JEFFERSONVILLE12,9,1.000000000000,Clark,019
CLARK|JEFFERSONVILLE13,9,1.000000000000,Clark,019
CLARK|JEFFERSONVILLE14,9,1.000000000000,Clark,019
CLARK|JEFFERSONVILLE15,9,1.000000000000,Clark,019
CLARK|JEFFERSONVILLE16,9,1.000000000000,Clark,019
CLARK|JEFFERSONVILLE17,9,1.000000000000,Clark,019
CLARK|JEFFERSONVILLE18,9,1.000000000000,Clark,019
CLARK|JEFFERSONVILLE2,9,1.000000000000,Clark,019
CLARK|JEFFERSONVILLE20,9,1.000000000000,Clark,019
CLARK|JEFFERSONVILLE21,9,1.000000000000,Clark,019
CLARK|JEFFERSONVILLE22,9,1.000000000000,Clark,019
CLARK|JEFFERSONVILLE23,9,1.000000000000,Clark,019
CLARK|JEFFERSONVILLE24,9,1.000000000000,Clark,019
CLARK|JEFFERSONVILLE25,9,1.000000000000,Clark,019
CLARK|JEFFERSONVILLE27,9,1.000000000000,Clark,019
CLARK|JEFFERSONVILLE3,9,1.000000000000,Clark,019
CLARK|JEFFERSONVILLE30,9,1.000000000000,Clark,019
CLARK|JEFFERSONVILLE31,9,1.000000000000,Clark,019
CLARK|JEFFERSONVILLE32,9,1.000000000000,Clark,019
CLARK|JEFFERSONVILLE33,9,1.000000000000,Clark,019
CLARK|JEFFERSONVILLE34,9,1.000000000000,Clark,019
CLARK|JEFFERSONVILLE35,9,1.000000000000,Clark,019
CLARK|JEFFERSONVILLE36,9,1.000000000000,Clark,019
CLARK|JEFFERSONVILLE37,9,1.000000000000,Clark,019
CLARK|JEFFERSONVILLE38,9,1.000000000000,Clark,019
CLARK|JEFFERSONVILLE39,9,1.000000000000,Clark,019
CLARK|JEFFERSONVILLE4,9,1.000000000000,Clark,019
CLARK|JEFFERSONVILLE40,9,1.000000000000,Clark,019
CLARK|JEFFERSONVILLE41,9,1.000000000000,Clark,019
CLARK|JEFFERSONVILLE42,9,1.000000000000,Clark,019
CLARK|JEFFERSONVILLE5,9,1.000000000000,Clark,019
CLARK|JEFFERSONVILLE6,9,1.000000000000,Clark,019
CLARK|JEFFERSONVILLE7,9,1.000000000000,Clark,019
CLARK|JEFFERSONVILLE8,9,1.000000000000,Clark,019
CLARK|JEFFERSONVILLE9,9,1.000000000000,Clark,019
CLARK|MONROE1,9,1.000000000000,Clark,019
CLARK|MONROE2,9,1.000000000000,Clark,019
CLARK|MONROE3,9,1.000000000000,Clark,019
CLARK|OREGON1,9,1.000000000000,Clark,019
CLARK|OWEN,9,1.000000000000,Clark,019
CLARK|SILVERCREEK1,9,1.000000000000,Clark,019
CLARK|SILVERCREEK2,9,1.000000000000,Clark,019
CLARK|SILVERCREEK3,9,1.000000000000,Clark,019
CLARK|SILVERCREEK4,9,1.000000000000,Clark,019
CLARK|SILVERCREEK5,9,1.000000000000,Clark,019
CLARK|SILVERCREEK6,9,1.000000000000,Clark,019
CLARK|SILVERCREEK7,9,1.000000000000,Clark,019
CLARK|SILVERCREEKCLARKVILLE43,9,1.000000000000,Clark,019
CLARK|UNION1,9,1.000000000000,Clark,019
CLARK|UTICA1,9,1.000000000000,Clark,019
CLARK|UTICA2,9,1.000000000000,Clark,019
CLARK|UTICA3,9,1.000000000000,Clark,019
CLARK|UTICA4,9,1.000000000000,Clark,019
CLARK|UTICAJEFFCITY19,9,1.000000000000,Clark,019
CLARK|WASHINGTON1,9,1.000000000000,Clark,019
CLARK|WOODTWP1,9,1.000000000000,Clark,019
CLARK|WOODTWP2,9,1.000000000000,Clark,019
CLARK|WOODTWP3,9,1.000000000000,Clark,019
CLAY|BRAZIL1,8,1.000000000000,Clay,021
CLAY|BRAZIL2,8,1.000000000000,Clay,021
CLAY|BRAZIL3,8,1.000000000000,Clay,021
CLAY|BRAZIL4,8,1.000000000000,Clay,021
CLAY|BRAZIL5,8,1.000000000000,Clay,021
CLAY|BRAZIL6,8,1.000000000000,Clay,021
CLAY|CASS,4,0.000007689889,Clay,021
CLAY|CASS,8,0.999992310111,Clay,021
CLAY|DICKJOHNSON,8,1.000000000000,Clay,021
CLAY|DICKJOHNSONNV,8,1.000000000000,Clay,021
CLAY|HARRISON1,8,1.000000000000,Clay,021
CLAY|HARRISON2,8,1.000000000000,Clay,021
CLAY|JACKSON1,4,0.000033741556,Clay,021
CLAY|JACKSON1,8,0.999966258444,Clay,021
CLAY|JACKSON2,8,1.000000000000,Clay,021
CLAY|JACKSON3,8,1.000000000000,Clay,021
CLAY|LEWIS,8,1.000000000000,Clay,021
CLAY|PERRY,8,1.000000000000,Clay,021
CLAY|POSEY1,8,1.000000000000,Clay,021
CLAY|POSEY2,8,1.000000000000,Clay,021
CLAY|POSEY3,8,1.000000000000,Clay,021
CLAY|SUGARRIDGE,8,1.000000000000,Clay,021
CLAY|VANBUREN1,4,0.000036120153,Clay,021
CLAY|VANBUREN1,8,0.999963879847,Clay,021
CLAY|VANBUREN2,8,1.000000000000,Clay,021
CLAY|VANBUREN3,4,0.000021469310,Clay,021
CLAY|VANBUREN3,8,0.999978530690,Clay,021
CLAY|WASHINGTON,8,1.000000000000,Clay,021
CLINTON|PRECINCT1,4,1.000000000000,Clinton,023
CLINTON|PRECINCT10,4,1.000000000000,Clinton,023
CLINTON|PRECINCT11,4,1.000000000000,Clinton,023
CLINTON|PRECINCT12,4,1.000000000000,Clinton,023
CLINTON|PRECINCT13,4,1.000000000000,Clinton,023
CLINTON|PRECINCT14,4,1.000000000000,Clinton,023
CLINTON|PRECINCT15,4,1.000000000000,Clinton,023
CLINTON|PRECINCT16,4,1.000000000000,Clinton,023
CLINTON|PRECINCT17,4,1.000000000000,Clinton,023
CLINTON|PRECINCT18,4,1.000000000000,Clinton,023
CLINTON|PRECINCT19,4,1.000000000000,Clinton,023
CLINTON|PRECINCT2,4,1.000000000000,Clinton,023
CLINTON|PRECINCT20,4,1.000000000000,Clinton,023
CLINTON|PRECINCT21,4,0.999961564601,Clinton,023
CLINTON|PRECINCT21,5,0.000038435399,Clinton,023
CLINTON|PRECINCT22,4,1.000000000000,Clinton,023
CLINTON|PRECINCT23,4,1.000000000000,Clinton,023
CLINTON|PRECINCT24,4,0.999990732789,Clinton,023
CLINTON|PRECINCT24,5,0.000009267211,Clinton,023
CLINTON|PRECINCT25,4,1.000000000000,Clinton,023
CLINTON|PRECINCT26,4,1.000000000000,Clinton,023
CLINTON|PRECINCT27,4,1.000000000000,Clinton,023
CLINTON|PRECINCT28,4,1.000000000000,Clinton,023
CLINTON|PRECINCT29,4,1.000000000000,Clinton,023
CLINTON|PRECINCT3,4,1.000000000000,Clinton,023
CLINTON|PRECINCT30,4,1.000000000000,Clinton,023
CLINTON|PRECINCT31,4,1.000000000000,Clinton,023
CLINTON|PRECINCT32,4,1.000000000000,Clinton,023
CLINTON|PRECINCT33,4,1.000000000000,Clinton,023
CLINTON|PRECINCT34,4,1.000000000000,Clinton,023
CLINTON|PRECINCT35,4,1.000000000000,Clinton,023
CLINTON|PRECINCT36,4,0.999992544841,Clinton,023
CLINTON|PRECINCT36,5,0.000007455159,Clinton,023
CLINTON|PRECINCT37,4,1.000000000000,Clinton,023
CLINTON|PRECINCT38,4,1.000000000000,Clinton,023
CLINTON|PRECINCT39,4,1.000000000000,Clinton,023
CLINTON|PRECINCT4,4,1.000000000000,Clinton,023
CLINTON|PRECINCT5,4,1.000000000000,Clinton,023
CLINTON|PRECINCT6,4,1.000000000000,Clinton,023
CLINTON|PRECINCT7,4,1.000000000000,Clinton,023
CLINTON|PRECINCT8,4,1.000000000000,Clinton,023
CLINTON|PRECINCT9,4,1.000000000000,Clinton,023
CRAWFORD|BOONE,8,1.000000000000,Crawford,025
CRAWFORD|JENNINGS1,8,0.999427107012,Crawford,025
CRAWFORD|JENNINGS1,9,0.000572892988,Crawford,025
CRAWFORD|JENNINGS2,8,1.000000000000,Crawford,025
CRAWFORD|JOHNSON1,8,1.000000000000,Crawford,025
CRAWFORD|JOHNSON2,8,1.000000000000,Crawford,025
CRAWFORD|LIBERTY1,8,1.000000000000,Crawford,025
CRAWFORD|LIBERTY2,8,1.000000000000,Crawford,025
CRAWFORD|OHIO1,8,1.000000000000,Crawford,025
CRAWFORD|OHIO2,8,1.000000000000,Crawford,025
CRAWFORD|PATOKA1,8,1.000000000000,Crawford,025
CRAWFORD|PATOKA2,8,1.000000000000,Crawford,025
CRAWFORD|STERLING1,8,1.000000000000,Crawford,025
CRAWFORD|STERLING2,8,1.000000000000,Crawford,025
CRAWFORD|STERLING3,8,1.000000000000,Crawford,025
CRAWFORD|UNION1,8,1.000000000000,Crawford,025
CRAWFORD|UNION2,8,1.000000000000,Crawford,025
CRAWFORD|WHISKEYRUN1,8,0.998489087498,Crawford,025
CRAWFORD|WHISKEYRUN1,9,0.001510912502,Crawford,025
CRAWFORD|WHISKEYRUN2,8,0.998651284670,Crawford,025
CRAWFORD|WHISKEYRUN2,9,0.001348715330,Crawford,025
DAVIESS|BARR1,8,1.000000000000,Daviess,027
DAVIESS|BARR2,8,1.000000000000,Daviess,027
DAVIESS|BOGARD1,8,1.000000000000,Daviess,027
DAVIESS|ELMORE1,8,1.000000000000,Daviess,027
DAVIESS|ELMORE2,8,1.000000000000,Daviess,027
DAVIESS|HARRISON1,8,1.000000000000,Daviess,027
DAVIESS|MADISON1,8,1.000000000000,Daviess,027
DAVIESS|MADISON2,8,1.000000000000,Daviess,027
DAVIESS|MADISON3,8,1.000000000000,Daviess,027
DAVIESS|REEVE1,8,1.000000000000,Daviess,027
DAVIESS|STEELE1,8,1.000000000000,Daviess,027
DAVIESS|VANBUREN1,8,1.000000000000,Daviess,027
DAVIESS|VEALE1,8,1.000000000000,Daviess,027
DAVIESS|WASHINGTON1,8,1.000000000000,Daviess,027
DAVIESS|WASHINGTON10,8,1.000000000000,Daviess,027
DAVIESS|WASHINGTON11,8,1.000000000000,Daviess,027
DAVIESS|WASHINGTON12,8,1.000000000000,Daviess,027
DAVIESS|WASHINGTON13,8,1.000000000000,Daviess,027
DAVIESS|WASHINGTON14,8,1.000000000000,Daviess,027
DAVIESS|WASHINGTON15,8,1.000000000000,Daviess,027
DAVIESS|WASHINGTON2,8,1.000000000000,Daviess,027
DAVIESS|WASHINGTON3,8,1.000000000000,Daviess,027
DAVIESS|WASHINGTON4,8,1.000000000000,Daviess,027
DAVIESS|WASHINGTON5,8,1.000000000000,Daviess,027
DAVIESS|WASHINGTON6,8,1.000000000000,Daviess,027
DAVIESS|WASHINGTON7,8,1.000000000000,Daviess,027
DAVIESS|WASHINGTON8,8,1.000000000000,Daviess,027
DAVIESS|WASHINGTON9,8,1.000000000000,Daviess,027
DEARBORN|CAESARCREEK1,9,1.000000000000,Dearborn,029
DEARBORN|CENTER1,9,1.000000000000,Dearborn,029
DEARBORN|CENTER2,9,1.000000000000,Dearborn,029
DEARBORN|CENTER3,9,1.000000000000,Dearborn,029
DEARBORN|CENTER4,9,1.000000000000,Dearborn,029
DEARBORN|CENTER5,9,1.000000000000,Dearborn,029
DEARBORN|CENTER6,9,1.000000000000,Dearborn,029
DEARBORN|CLAY1,9,1.000000000000,Dearborn,029
DEARBORN|CLAY2,9,1.000000000000,Dearborn,029
DEARBORN|CLAY3,9,1.000000000000,Dearborn,029
DEARBORN|GREENDALE1,9,1.000000000000,Dearborn,029
DEARBORN|GREENDALE2,9,1.000000000000,Dearborn,029
DEARBORN|GREENDALE3,9,1.000000000000,Dearborn,029
DEARBORN|GREENDALE4,9,1.000000000000,Dearborn,029
DEARBORN|GREENDALE5,9,1.000000000000,Dearborn,029
DEARBORN|HARRISON1,9,1.000000000000,Dearborn,029
DEARBORN|HARRISON2,9,1.000000000000,Dearborn,029
DEARBORN|HARRISON3,9,1.000000000000,Dearborn,029
DEARBORN|HOGAN1,9,1.000000000000,Dearborn,029
DEARBORN|JACKSON1,9,1.000000000000,Dearborn,029
DEARBORN|KELSO1,9,1.000000000000,Dearborn,029
DEARBORN|KELSO2,9,1.000000000000,Dearborn,029
DEARBORN|KELSO3,9,1.000000000000,Dearborn,029
DEARBORN|LAWRENCEBURG1,9,1.000000000000,Dearborn,029
DEARBORN|LAWRENCEBURG2,9,1.000000000000,Dearborn,029
DEARBORN|LAWRENCEBURG3,9,1.000000000000,Dearborn,029
DEARBORN|LAWRENCEBURG4,9,1.000000000000,Dearborn,029
DEARBORN|LAWRENCEBURG8,9,1.000000000000,Dearborn,029
DEARBORN|LAWRENCEBURG9,9,1.000000000000,Dearborn,029
DEARBORN|LOGAN1,9,1.000000000000,Dearborn,029
DEARBORN|LOGAN2,9,1.000000000000,Dearborn,029
DEARBORN|MANCHESTER1,9,1.000000000000,Dearborn,029
DEARBORN|MANCHESTER2,9,1.000000000000,Dearborn,029
DEARBORN|MILLER1,9,1.000000000000,Dearborn,029
DEARBORN|MILLER2,9,1.000000000000,Dearborn,029
DEARBORN|MILLER3,9,1.000000000000,Dearborn,029
DEARBORN|MILLER4,9,1.000000000000,Dearborn,029
DEARBORN|MILLER5,9,1.000000000000,Dearborn,029
DEARBORN|MILLER6,9,1.000000000000,Dearborn,029
DEARBORN|MILLER7,9,1.000000000000,Dearborn,029
DEARBORN|SPARTA1,9,1.000000000000,Dearborn,029
DEARBORN|SPARTA2,9,1.000000000000,Dearborn,029
DEARBORN|SPARTA3,9,1.000000000000,Dearborn,029
DEARBORN|WASHINGTON1,9,1.000000000000,Dearborn,029
DEARBORN|YORK1,9,1.000000000000,Dearborn,029
DECATUR|ADAMSTOWNSHIP,6,0.000082957210,Decatur,031
DECATUR|ADAMSTOWNSHIP,9,0.999917042790,Decatur,031
DECATUR|CLAYTOWNSHIP,6,0.000087549855,Decatur,031
DECATUR|CLAYTOWNSHIP,9,0.999912450145,Decatur,031
DECATUR|CLINTONTOWNSHIP,6,0.000094486250,Decatur,031
DECATUR|CLINTONTOWNSHIP,9,0.999905513750,Decatur,031
DECATUR|FUGITTOWNSHIP,6,0.000004813048,Decatur,031
DECATUR|FUGITTOWNSHIP,9,0.999995186952,Decatur,031
DECATUR|GREENSBURG1,9,1.000000000000,Decatur,031
DECATUR|GREENSBURG2,9,1.000000000000,Decatur,031
DECATUR|GREENSBURG3,9,1.000000000000,Decatur,031
DECATUR|GREENSBURG4,9,1.000000000000,Decatur,031
DECATUR|GREENSBURG5,9,1.000000000000,Decatur,031
DECATUR|GREENSBURG6,9,1.000000000000,Decatur,031
DECATUR|GREENSBURG7,9,1.000000000000,Decatur,031
DECATUR|GREENSBURG7ADAMSNV,9,1.000000000000,Decatur,031
DECATUR|GREENSBURG7CLAYNV,9,1.000000000000,Decatur,031
DECATUR|GREENSBURG8,9,1.000000000000,Decatur,031
DECATUR|JACKSONTOWNSHIP,6,0.000069253513,Decatur,031
DECATUR|JACKSONTOWNSHIP,9,0.999930746487,Decatur,031
DECATUR|MARIONTOWNSHIP,9,1.000000000000,Decatur,031
DECATUR|SALTCREEKTOWNSHIP,9,1.000000000000,Decatur,031
DECATUR|SANDCREEKNORTH,9,1.000000000000,Decatur,031
DECATUR|SANDCREEKSOUTH,9,1.000000000000,Decatur,031
DECATUR|STPAUL,6,0.000866701827,Decatur,031
DECATUR|STPAUL,9,0.999133298173,Decatur,031
DECATUR|WASHINGTONTOWNSHIP,9,1.000000000000,Decatur,031
DECATUR|WESTPORT,9,1.000000000000,Decatur,031
DEKALB|BUTLER1,3,1.000000000000,DeKalb,033
DEKALB|BUTLER2,3,1.000000000000,DeKalb,033
DEKALB|CONCORD,3,1.000000000000,DeKalb,033
DEKALB|FAIRFIELD,3,1.000000000000,DeKalb,033
DEKALB|FRANKLIN,3,1.000000000000,DeKalb,033
DEKALB|GRANT1,3,1.000000000000,DeKalb,033
DEKALB|GRANT2,3,1.000000000000,DeKalb,033
DEKALB|GRANT3,3,1.000000000000,DeKalb,033
DEKALB|JACKSONNORTH,3,1.000000000000,DeKalb,033
DEKALB|JACKSONSOUTH,3,1.000000000000,DeKalb,033
DEKALB|KEYSER1,3,1.000000000000,DeKalb,033
DEKALB|KEYSER2,3,1.000000000000,DeKalb,033
DEKALB|KEYSER3,3,1.000000000000,DeKalb,033
DEKALB|KEYSER4,3,1.000000000000,DeKalb,033
DEKALB|KEYSER5,3,1.000000000000,DeKalb,033
DEKALB|KEYSER6,3,1.000000000000,DeKalb,033
DEKALB|NEWVILLE,3,1.000000000000,DeKalb,033
DEKALB|RICHLAND,3,1.000000000000,DeKalb,033
DEKALB|SMITHFIELDEAST,3,1.000000000000,DeKalb,033
DEKALB|SMITHFIELDSOUTH,3,1.000000000000,DeKalb,033
DEKALB|SMITHFIELDWEST,3,1.000000000000,DeKalb,033
DEKALB|SPENCER,3,1.000000000000,DeKalb,033
DEKALB|STAFFORD,3,1.000000000000,DeKalb,033
DEKALB|TROY,3,1.000000000000,DeKalb,033
DEKALB|UNION1,3,1.000000000000,DeKalb,033
DEKALB|UNION10,3,1.000000000000,DeKalb,033
DEKALB|UNION11,3,1.000000000000,DeKalb,033
DEKALB|UNION2,3,1.000000000000,DeKalb,033
DEKALB|UNION3,3,1.000000000000,DeKalb,033
DEKALB|UNION4,3,1.000000000000,DeKalb,033
DEKALB|UNION5,3,1.000000000000,DeKalb,033
DEKALB|UNION6,3,1.000000000000,DeKalb,033
DEKALB|UNION7,3,1.000000000000,DeKalb,033
DEKALB|UNION8,3,1.000000000000,DeKalb,033
DEKALB|UNION9,3,1.000000000000,DeKalb,033
DEKALB|WILMINGTON1,3,1.000000000000,DeKalb,033
DEKALB|WILMINGTON2,3,1.000000000000,DeKalb,033
DEKALB|WILMINGTON3,3,1.000000000000,DeKalb,033
DEKALB|WILMINGTON4,3,1.000000000000,DeKalb,033
DELAWARE|PRECINCT1,5,1.000000000000,Delaware,035
DELAWARE|PRECINCT10,5,1.000000000000,Delaware,035
DELAWARE|PRECINCT11,5,1.000000000000,Delaware,035
DELAWARE|PRECINCT12,5,1.000000000000,Delaware,035
DELAWARE|PRECINCT13,5,1.000000000000,Delaware,035
DELAWARE|PRECINCT14,5,1.000000000000,Delaware,035
DELAWARE|PRECINCT15,5,1.000000000000,Delaware,035
DELAWARE|PRECINCT18,5,1.000000000000,Delaware,035
DELAWARE|PRECINCT19,5,1.000000000000,Delaware,035
DELAWARE|PRECINCT2,5,1.000000000000,Delaware,035
DELAWARE|PRECINCT20,5,1.000000000000,Delaware,035
DELAWARE|PRECINCT22,5,1.000000000000,Delaware,035
DELAWARE|PRECINCT23,5,1.000000000000,Delaware,035
DELAWARE|PRECINCT25,5,1.000000000000,Delaware,035
DELAWARE|PRECINCT26,5,1.000000000000,Delaware,035
DELAWARE|PRECINCT27,5,1.000000000000,Delaware,035
DELAWARE|PRECINCT28,5,1.000000000000,Delaware,035
DELAWARE|PRECINCT29,5,1.000000000000,Delaware,035
DELAWARE|PRECINCT3,5,1.000000000000,Delaware,035
DELAWARE|PRECINCT33,5,1.000000000000,Delaware,035
DELAWARE|PRECINCT34,5,1.000000000000,Delaware,035
DELAWARE|PRECINCT35,5,1.000000000000,Delaware,035
DELAWARE|PRECINCT36,5,1.000000000000,Delaware,035
DELAWARE|PRECINCT38,5,1.000000000000,Delaware,035
DELAWARE|PRECINCT39,5,1.000000000000,Delaware,035
DELAWARE|PRECINCT4,5,1.000000000000,Delaware,035
DELAWARE|PRECINCT40,5,1.000000000000,Delaware,035
DELAWARE|PRECINCT41,5,1.000000000000,Delaware,035
DELAWARE|PRECINCT42,5,1.000000000000,Delaware,035
DELAWARE|PRECINCT43,5,1.000000000000,Delaware,035
DELAWARE|PRECINCT44,5,1.000000000000,Delaware,035
DELAWARE|PRECINCT45,5,1.000000000000,Delaware,035
DELAWARE|PRECINCT46,5,1.000000000000,Delaware,035
DELAWARE|PRECINCT47,5,1.000000000000,Delaware,035
DELAWARE|PRECINCT48,5,1.000000000000,Delaware,035
DELAWARE|PRECINCT49,5,1.000000000000,Delaware,035
DELAWARE|PRECINCT5,5,1.000000000000,Delaware,035
DELAWARE|PRECINCT50,5,1.000000000000,Delaware,035
DELAWARE|PRECINCT51,5,0.999997009850,Delaware,035
DELAWARE|PRECINCT51,6,0.000002990150,Delaware,035
DELAWARE|PRECINCT52,5,0.999962878054,Delaware,035
DELAWARE|PRECINCT52,6,0.000037121946,Delaware,035
DELAWARE|PRECINCT53,5,1.000000000000,Delaware,035
DELAWARE|PRECINCT54,5,1.000000000000,Delaware,035
DELAWARE|PRECINCT55,5,1.000000000000,Delaware,035
DELAWARE|PRECINCT56,5,1.000000000000,Delaware,035
DELAWARE|PRECINCT57,5,1.000000000000,Delaware,035
DELAWARE|PRECINCT58,5,1.000000000000,Delaware,035
DELAWARE|PRECINCT59,5,1.000000000000,Delaware,035
DELAWARE|PRECINCT6,5,1.000000000000,Delaware,035
DELAWARE|PRECINCT60,5,1.000000000000,Delaware,035
DELAWARE|PRECINCT61,3,0.000123166438,Delaware,035
DELAWARE|PRECINCT61,5,0.999876833562,Delaware,035
DELAWARE|PRECINCT62,5,0.999949100649,Delaware,035
DELAWARE|PRECINCT62,6,0.000050899351,Delaware,035
DELAWARE|PRECINCT63,5,1.000000000000,Delaware,035
DELAWARE|PRECINCT64,3,0.000058027358,Delaware,035
DELAWARE|PRECINCT64,5,0.999941972642,Delaware,035
DELAWARE|PRECINCT65,3,0.000050048227,Delaware,035
DELAWARE|PRECINCT65,5,0.999949951773,Delaware,035
DELAWARE|PRECINCT66,3,0.000021105164,Delaware,035
DELAWARE|PRECINCT66,5,0.999978894836,Delaware,035
DELAWARE|PRECINCT67,3,0.000122145381,Delaware,035
DELAWARE|PRECINCT67,5,0.999877854619,Delaware,035
DELAWARE|PRECINCT68,5,1.000000000000,Delaware,035
DELAWARE|PRECINCT69,5,1.000000000000,Delaware,035
DELAWARE|PRECINCT7,5,1.000000000000,Delaware,035
DELAWARE|PRECINCT70,5,1.000000000000,Delaware,035
DELAWARE|PRECINCT71,5,1.000000000000,Delaware,035
DELAWARE|PRECINCT73,5,0.999964031303,Delaware,035
DELAWARE|PRECINCT73,6,0.000035968697,Delaware,035
DELAWARE|PRECINCT74,5,1.000000000000,Delaware,035
DELAWARE|PRECINCT75,3,0.000001696479,Delaware,035
DELAWARE|PRECINCT75,5,0.999995488123,Delaware,035
DELAWARE|PRECINCT75,6,0.000002815399,Delaware,035
DELAWARE|PRECINCT77,3,0.000007818886,Delaware,035
DELAWARE|PRECINCT77,5,0.999992181114,Delaware,035
DELAWARE|PRECINCT78,5,1.000000000000,Delaware,035
DELAWARE|PRECINCT8,5,1.000000000000,Delaware,035
DELAWARE|PRECINCT81,5,1.000000000000,Delaware,035
DELAWARE|PRECINCT87,5,1.000000000000,Delaware,035
DELAWARE|PRECINCT88,5,1.000000000000,Delaware,035
DELAWARE|PRECINCT9,5,1.000000000000,Delaware,035
DELAWARE|PRECINCT90,5,1.000000000000,Delaware,035
DELAWARE|PRECINCT91,5,1.000000000000,Delaware,035
DELAWARE|PRECINCT92,5,1.000000000000,Delaware,035
DELAWARE|PRECINCT93,5,1.000000000000,Delaware,035
DELAWARE|PRECINCT94,5,1.000000000000,Delaware,035
DELAWARE|PRECINCT95,5,1.000000000000,Delaware,035
DELAWARE|PRECINCT98,5,1.000000000000,Delaware,035
DUBOIS|BAINBRIDGE02E,8,1.000000000000,Dubois,037
DUBOIS|BAINBRIDGE02W,8,1.000000000000,Dubois,037
DUBOIS|BAINBRIDGE03E,8,1.000000000000,Dubois,037
DUBOIS|BAINBRIDGE03W,8,1.000000000000,Dubois,037
DUBOIS|BAINBRIDGE04N,8,1.000000000000,Dubois,037
DUBOIS|BAINBRIDGE04S,8,1.000000000000,Dubois,037
DUBOIS|BAINBRIDGE05N,8,1.000000000000,Dubois,037
DUBOIS|BAINBRIDGE05S,8,1.000000000000,Dubois,037
DUBOIS|BAINBRIDGE06N,8,1.000000000000,Dubois,037
DUBOIS|BAINBRIDGE06S,8,1.000000000000,Dubois,037
DUBOIS|BAINBRIDGE1,8,1.000000000000,Dubois,037
DUBOIS|BAINBRIDGE7,8,1.000000000000,Dubois,037
DUBOIS|BOONE1,8,1.000000000000,Dubois,037
DUBOIS|BOONEJASPER,8,1.000000000000,Dubois,037
DUBOIS|CASS1,8,1.000000000000,Dubois,037
DUBOIS|CASS2,8,1.000000000000,Dubois,037
DUBOIS|CASS3,8,1.000000000000,Dubois,037
DUBOIS|COLUMBIA1,8,1.000000000000,Dubois,037
DUBOIS|FERDINAND1,8,1.000000000000,Dubois,037
DUBOIS|FERDINAND2,8,1.000000000000,Dubois,037
DUBOIS|FERDINAND3,8,1.000000000000,Dubois,037
DUBOIS|HALL1,8,1.000000000000,Dubois,037
DUBOIS|HARBISON1,8,1.000000000000,Dubois,037
DUBOIS|HARBISON2,8,1.000000000000,Dubois,037
DUBOIS|JACKSON1,8,1.000000000000,Dubois,037
DUBOIS|JACKSON2,8,1.000000000000,Dubois,037
DUBOIS|JEFFERSON1,8,1.000000000000,Dubois,037
DUBOIS|JEFFERSON2,8,1.000000000000,Dubois,037
DUBOIS|MADISON1,8,1.000000000000,Dubois,037
DUBOIS|MADISON2,8,1.000000000000,Dubois,037
DUBOIS|MADISONJASPERN,8,1.000000000000,Dubois,037
DUBOIS|MADISONJASPERS,8,1.000000000000,Dubois,037
DUBOIS|MARION1,8,1.000000000000,Dubois,037
DUBOIS|MARION2,8,1.000000000000,Dubois,037
DUBOIS|PATOKA1,8,1.000000000000,Dubois,037
DUBOIS|PATOKA2,8,1.000000000000,Dubois,037
DUBOIS|PATOKA3,8,1.000000000000,Dubois,037
DUBOIS|PATOKA4,8,1.000000000000,Dubois,037
DUBOIS|PATOKA5,8,1.000000000000,Dubois,037
DUBOIS|PATOKA6,8,1.000000000000,Dubois,037
ELKHART|BAUGO1,2,1.000000000000,Elkhart,039
ELKHART|BAUGO2,2,1.000000000000,Elkhart,039
ELKHART|BAUGO3,2,1.000000000000,Elkhart,039
ELKHART|BAUGO4,2,1.000000000000,Elkhart,039
ELKHART|BAUGO5,2,1.000000000000,Elkhart,039
ELKHART|BAUGO6,2,1.000000000000,Elkhart,039
ELKHART|BAUGO7,2,1.000000000000,Elkhart,039
ELKHART|BENTON1,2,0.999963329407,Elkhart,039
ELKHART|BENTON1,3,0.000036670593,Elkhart,039
ELKHART|BENTON2,2,0.999985414023,Elkhart,039
ELKHART|BENTON2,3,0.000014585977,Elkhart,039
ELKHART|CLEVELAND1,2,1.000000000000,Elkhart,039
ELKHART|CLEVELAND2,2,1.000000000000,Elkhart,039
ELKHART|CLEVELAND3,2,1.000000000000,Elkhart,039
ELKHART|CLEVELAND4,2,1.000000000000,Elkhart,039
ELKHART|CLEVELAND5,2,1.000000000000,Elkhart,039
ELKHART|CLEVELAND6,2,1.000000000000,Elkhart,039
ELKHART|CLEVELAND7,2,1.000000000000,Elkhart,039
ELKHART|CLINTON1,2,0.999980054356,Elkhart,039
ELKHART|CLINTON1,3,0.000019945644,Elkhart,039
ELKHART|CONCORD1,2,1.000000000000,Elkhart,039
ELKHART|CONCORD10,2,1.000000000000,Elkhart,039
ELKHART|CONCORD11,2,1.000000000000,Elkhart,039
ELKHART|CONCORD12,2,1.000000000000,Elkhart,039
ELKHART|CONCORD13,2,1.000000000000,Elkhart,039
ELKHART|CONCORD14,2,1.000000000000,Elkhart,039
ELKHART|CONCORD15,2,1.000000000000,Elkhart,039
ELKHART|CONCORD16,2,1.000000000000,Elkhart,039
ELKHART|CONCORD17,2,1.000000000000,Elkhart,039
ELKHART|CONCORD18,2,1.000000000000,Elkhart,039
ELKHART|CONCORD19,2,1.000000000000,Elkhart,039
ELKHART|CONCORD2,2,1.000000000000,Elkhart,039
ELKHART|CONCORD20,2,1.000000000000,Elkhart,039
ELKHART|CONCORD21,2,1.000000000000,Elkhart,039
ELKHART|CONCORD22,2,1.000000000000,Elkhart,039
ELKHART|CONCORD23,2,1.000000000000,Elkhart,039
ELKHART|CONCORD24,2,1.000000000000,Elkhart,039
ELKHART|CONCORD25,2,1.000000000000,Elkhart,039
ELKHART|CONCORD26,2,1.000000000000,Elkhart,039
ELKHART|CONCORD27,2,1.000000000000,Elkhart,039
ELKHART|CONCORD28,2,1.000000000000,Elkhart,039
ELKHART|CONCORD29,2,1.000000000000,Elkhart,039
ELKHART|CONCORD3,2,1.000000000000,Elkhart,039
ELKHART|CONCORD30,2,1.000000000000,Elkhart,039
ELKHART|CONCORD31,2,1.000000000000,Elkhart,039
ELKHART|CONCORD32,2,1.000000000000,Elkhart,039
ELKHART|CONCORD33,2,1.000000000000,Elkhart,039
ELKHART|CONCORD4,2,1.000000000000,Elkhart,039
ELKHART|CONCORD5,2,1.000000000000,Elkhart,039
ELKHART|CONCORD6,2,1.000000000000,Elkhart,039
ELKHART|CONCORD7,2,1.000000000000,Elkhart,039
ELKHART|CONCORD8,2,1.000000000000,Elkhart,039
ELKHART|CONCORD9,2,1.000000000000,Elkhart,039
ELKHART|ELKHART1,2,1.000000000000,Elkhart,039
ELKHART|ELKHART10,2,1.000000000000,Elkhart,039
ELKHART|ELKHART11,2,1.000000000000,Elkhart,039
ELKHART|ELKHART12,2,1.000000000000,Elkhart,039
ELKHART|ELKHART13,2,1.000000000000,Elkhart,039
ELKHART|ELKHART14,2,1.000000000000,Elkhart,039
ELKHART|ELKHART15,2,1.000000000000,Elkhart,039
ELKHART|ELKHART16,2,1.000000000000,Elkhart,039
ELKHART|ELKHART17,2,1.000000000000,Elkhart,039
ELKHART|ELKHART18,2,1.000000000000,Elkhart,039
ELKHART|ELKHART19,2,1.000000000000,Elkhart,039
ELKHART|ELKHART2,2,1.000000000000,Elkhart,039
ELKHART|ELKHART20,2,1.000000000000,Elkhart,039
ELKHART|ELKHART21,2,1.000000000000,Elkhart,039
ELKHART|ELKHART3,2,1.000000000000,Elkhart,039
ELKHART|ELKHART4,2,1.000000000000,Elkhart,039
ELKHART|ELKHART5,2,1.000000000000,Elkhart,039
ELKHART|ELKHART6,2,1.000000000000,Elkhart,039
ELKHART|ELKHART7,2,1.000000000000,Elkhart,039
ELKHART|ELKHART8,2,1.000000000000,Elkhart,039
ELKHART|ELKHART9,2,1.000000000000,Elkhart,039
ELKHART|HARRISON1,2,1.000000000000,Elkhart,039
ELKHART|HARRISON2,2,1.000000000000,Elkhart,039
ELKHART|JACKSON1,2,1.000000000000,Elkhart,039
ELKHART|JACKSON2,2,1.000000000000,Elkhart,039
ELKHART|JACKSON3,2,1.000000000000,Elkhart,039
ELKHART|JEFFERSON1,2,1.000000000000,Elkhart,039
ELKHART|JEFFERSON2,2,1.000000000000,Elkhart,039
ELKHART|JEFFERSON3,2,1.000000000000,Elkhart,039
ELKHART|JEFFERSON4,2,1.000000000000,Elkhart,039
ELKHART|JEFFERSON5,2,1.000000000000,Elkhart,039
ELKHART|JEFFERSON6,2,1.000000000000,Elkhart,039
ELKHART|LOCKE1,2,1.000000000000,Elkhart,039
ELKHART|LOCKE2,2,1.000000000000,Elkhart,039
ELKHART|MIDDLEBURY1,2,1.000000000000,Elkhart,039
ELKHART|MIDDLEBURY2,2,1.000000000000,Elkhart,039
ELKHART|MIDDLEBURY3,2,1.000000000000,Elkhart,039
ELKHART|MIDDLEBURY4,2,1.000000000000,Elkhart,039
ELKHART|MIDDLEBURY5,2,0.999969493534,Elkhart,039
ELKHART|MIDDLEBURY5,3,0.000030506466,Elkhart,039
ELKHART|OLIVE1,2,1.000000000000,Elkhart,039
ELKHART|OLIVE2,2,1.000000000000,Elkhart,039
ELKHART|OSOLO1,2,1.000000000000,Elkhart,039
ELKHART|OSOLO10,2,1.000000000000,Elkhart,039
ELKHART|OSOLO11,2,1.000000000000,Elkhart,039
ELKHART|OSOLO12,2,1.000000000000,Elkhart,039
ELKHART|OSOLO13,2,1.000000000000,Elkhart,039
ELKHART|OSOLO14,2,1.000000000000,Elkhart,039
ELKHART|OSOLO15,2,1.000000000000,Elkhart,039
ELKHART|OSOLO16,2,1.000000000000,Elkhart,039
ELKHART|OSOLO2,2,1.000000000000,Elkhart,039
ELKHART|OSOLO3,2,1.000000000000,Elkhart,039
ELKHART|OSOLO4,2,1.000000000000,Elkhart,039
ELKHART|OSOLO5,2,1.000000000000,Elkhart,039
ELKHART|OSOLO6,2,1.000000000000,Elkhart,039
ELKHART|OSOLO7,2,1.000000000000,Elkhart,039
ELKHART|OSOLO8,2,1.000000000000,Elkhart,039
ELKHART|OSOLO9,2,1.000000000000,Elkhart,039
ELKHART|UNION1,2,1.000000000000,Elkhart,039
ELKHART|UNION2,2,1.000000000000,Elkhart,039
ELKHART|UNION3,2,1.000000000000,Elkhart,039
ELKHART|UNION4,2,1.000000000000,Elkhart,039
ELKHART|WASHINGTON1,2,1.000000000000,Elkhart,039
ELKHART|WASHINGTON2,2,1.000000000000,Elkhart,039
ELKHART|WASHINGTON3,2,1.000000000000,Elkhart,039
ELKHART|WASHINGTON4,2,1.000000000000,Elkhart,039
ELKHART|YORK1,2,0.999955626911,Elkhart,039
ELKHART|YORK1,3,0.000044373089,Elkhart,039
ELKHART|YORK2,2,0.999956525257,Elkhart,039
ELKHART|YORK2,3,0.000043474743,Elkhart,039
FAYETTE|COLUMBIA1,6,0.999992768206,Fayette,041
FAYETTE|COLUMBIA1,9,0.000007231794,Fayette,041
FAYETTE|CONNERSVILLE1,6,1.000000000000,Fayette,041
FAYETTE|CONNERSVILLE10,6,1.000000000000,Fayette,041
FAYETTE|CONNERSVILLE11,6,1.000000000000,Fayette,041
FAYETTE|CONNERSVILLE12,6,1.000000000000,Fayette,041
FAYETTE|CONNERSVILLE13,6,1.000000000000,Fayette,041
FAYETTE|CONNERSVILLE2,6,1.000000000000,Fayette,041
FAYETTE|CONNERSVILLE3,6,1.000000000000,Fayette,041
FAYETTE|CONNERSVILLE4,6,1.000000000000,Fayette,041
FAYETTE|CONNERSVILLE5,6,1.000000000000,Fayette,041
FAYETTE|CONNERSVILLE6,6,1.000000000000,Fayette,041
FAYETTE|CONNERSVILLE7,6,1.000000000000,Fayette,041
FAYETTE|CONNERSVILLE8,6,1.000000000000,Fayette,041
FAYETTE|CONNERSVILLE9,6,1.000000000000,Fayette,041
FAYETTE|FAIRVIEW1,6,1.000000000000,Fayette,041
FAYETTE|HARRISON1,6,1.000000000000,Fayette,041
FAYETTE|HARRISON2,6,1.000000000000,Fayette,041
FAYETTE|HARRISON3,6,1.000000000000,Fayette,041
FAYETTE|HARRISON4,6,1.000000000000,Fayette,041
FAYETTE|HARRISON5,6,1.000000000000,Fayette,041
FAYETTE|HARRISON6,6,1.000000000000,Fayette,041
FAYETTE|HARRISON7,6,1.000000000000,Fayette,041
FAYETTE|HARRISON8,6,1.000000000000,Fayette,041
FAYETTE|JACKSON1,6,0.999945367081,Fayette,041
FAYETTE|JACKSON1,9,0.000054632919,Fayette,041
FAYETTE|JENNINGS1,6,1.000000000000,Fayette,041
FAYETTE|ORANGE1,6,0.999999297186,Fayette,041
FAYETTE|ORANGE1,9,0.000000702814,Fayette,041
FAYETTE|POSEY1,6,1.000000000000,Fayette,041
FAYETTE|WATERLOO1,6,1.000000000000,Fayette,041
FLOYD|FRANKLIN1,9,1.000000000000,Floyd,043
FLOYD|GEORGETOWN1,9,1.000000000000,Floyd,043
FLOYD|GEORGETOWN2,9,1.000000000000,Floyd,043
FLOYD|GEORGETOWN3,9,1.000000000000,Floyd,043
FLOYD|GEORGETOWN4,9,1.000000000000,Floyd,043
FLOYD|GEORGETOWN5,9,1.000000000000,Floyd,043
FLOYD|GEORGETOWN6,9,1.000000000000,Floyd,043
FLOYD|GEORGETOWN7,9,1.000000000000,Floyd,043
FLOYD|GREENVILLE1,9,1.000000000000,Floyd,043
FLOYD|GREENVILLE2,9,1.000000000000,Floyd,043
FLOYD|GREENVILLE3,9,1.000000000000,Floyd,043
FLOYD|GREENVILLE4,9,1.000000000000,Floyd,043
FLOYD|GREENVILLE5,9,1.000000000000,Floyd,043
FLOYD|GREENVILLE6,9,1.000000000000,Floyd,043
FLOYD|LAFAYETTE1,9,1.000000000000,Floyd,043
FLOYD|LAFAYETTE2,9,1.000000000000,Floyd,043
FLOYD|LAFAYETTE3,9,1.000000000000,Floyd,043
FLOYD|LAFAYETTE4,9,1.000000000000,Floyd,043
FLOYD|LAFAYETTE5,9,1.000000000000,Floyd,043
FLOYD|LAFAYETTE6,9,1.000000000000,Floyd,043
FLOYD|LAFAYETTE7,9,1.000000000000,Floyd,043
FLOYD|NEWALBANY1,9,1.000000000000,Floyd,043
FLOYD|NEWALBANY10,9,1.000000000000,Floyd,043
FLOYD|NEWALBANY11,9,1.000000000000,Floyd,043
FLOYD|NEWALBANY13,9,1.000000000000,Floyd,043
FLOYD|NEWALBANY14,9,1.000000000000,Floyd,043
FLOYD|NEWALBANY16,9,1.000000000000,Floyd,043
FLOYD|NEWALBANY18,9,1.000000000000,Floyd,043
FLOYD|NEWALBANY19,9,1.000000000000,Floyd,043
FLOYD|NEWALBANY20,9,1.000000000000,Floyd,043
FLOYD|NEWALBANY21,9,1.000000000000,Floyd,043
FLOYD|NEWALBANY22,9,1.000000000000,Floyd,043
FLOYD|NEWALBANY23,9,1.000000000000,Floyd,043
FLOYD|NEWALBANY24,9,1.000000000000,Floyd,043
FLOYD|NEWALBANY25,9,1.000000000000,Floyd,043
FLOYD|NEWALBANY26,9,1.000000000000,Floyd,043
FLOYD|NEWALBANY27,9,1.000000000000,Floyd,043
FLOYD|NEWALBANY28,9,1.000000000000,Floyd,043
FLOYD|NEWALBANY29,9,1.000000000000,Floyd,043
FLOYD|NEWALBANY3,9,1.000000000000,Floyd,043
FLOYD|NEWALBANY30,9,1.000000000000,Floyd,043
FLOYD|NEWALBANY31,9,1.000000000000,Floyd,043
FLOYD|NEWALBANY32,9,1.000000000000,Floyd,043
FLOYD|NEWALBANY33,9,1.000000000000,Floyd,043
FLOYD|NEWALBANY34,9,1.000000000000,Floyd,043
FLOYD|NEWALBANY35,9,1.000000000000,Floyd,043
FLOYD|NEWALBANY36,9,1.000000000000,Floyd,043
FLOYD|NEWALBANY37,9,1.000000000000,Floyd,043
FLOYD|NEWALBANY38,9,1.000000000000,Floyd,043
FLOYD|NEWALBANY39,9,1.000000000000,Floyd,043
FLOYD|NEWALBANY40,9,1.000000000000,Floyd,043
FLOYD|NEWALBANY41,9,1.000000000000,Floyd,043
FLOYD|NEWALBANY42,9,1.000000000000,Floyd,043
FLOYD|NEWALBANY43,9,1.000000000000,Floyd,043
FLOYD|NEWALBANY44,9,1.000000000000,Floyd,043
FLOYD|NEWALBANY45,9,1.000000000000,Floyd,043
FLOYD|NEWALBANY46,9,1.000000000000,Floyd,043
FLOYD|NEWALBANY5,9,1.000000000000,Floyd,043
FLOYD|NEWALBANY7,9,1.000000000000,Floyd,043
FLOYD|NEWALBANY9,9,1.000000000000,Floyd,043
FOUNTAIN|CAIN,4,0.908677511405,Fountain,045
FOUNTAIN|CAIN,8,0.091322488595,Fountain,045
FOUNTAIN|DAVIS,4,1.000000000000,Fountain,045
FOUNTAIN|FULTON,8,1.000000000000,Fountain,045
FOUNTAIN|JACKSON,4,0.000031310935,Fountain,045
FOUNTAIN|JACKSON,8,0.999968689065,Fountain,045
FOUNTAIN|LOGAN1,4,1.000000000000,Fountain,045
FOUNTAIN|LOGAN2,4,1.000000000000,Fountain,045
FOUNTAIN|LOGAN3,4,1.000000000000,Fountain,045
FOUNTAIN|MILLCREEK,8,1.000000000000,Fountain,045
FOUNTAIN|RICHLAND1,4,0.999973859603,Fountain,045
FOUNTAIN|RICHLAND1,8,0.000026140397,Fountain,045
FOUNTAIN|RICHLAND2,4,1.000000000000,Fountain,045
FOUNTAIN|SHAWNEE,4,0.999935542895,Fountain,045
FOUNTAIN|SHAWNEE,8,0.000064457105,Fountain,045
FOUNTAIN|TROY1,4,0.216053042349,Fountain,045
FOUNTAIN|TROY1,8,0.783946957651,Fountain,045
FOUNTAIN|TROY2,4,0.001638927458,Fountain,045
FOUNTAIN|TROY2,8,0.998361072542,Fountain,045
FOUNTAIN|TROY3,8,1.000000000000,Fountain,045
FOUNTAIN|VANBUREN1,4,0.000068908564,Fountain,045
FOUNTAIN|VANBUREN1,8,0.999931091436,Fountain,045
FOUNTAIN|VANBUREN2,8,1.000000000000,Fountain,045
FOUNTAIN|VANBUREN3,8,1.000000000000,Fountain,045
FOUNTAIN|WABASH,8,1.000000000000,Fountain,045
FRANKLIN|BATESVILLE1,9,1.000000000000,Franklin,047
FRANKLIN|BATH,6,0.000054167851,Franklin,047
FRANKLIN|BATH,9,0.999945832149,Franklin,047
FRANKLIN|BLOOMINGGROVE,6,0.000037254661,Franklin,047
FRANKLIN|BLOOMINGGROVE,9,0.999962745339,Franklin,047
FRANKLIN|BROOKVILLE1,9,1.000000000000,Franklin,047
FRANKLIN|BROOKVILLE2,9,1.000000000000,Franklin,047
FRANKLIN|BROOKVILLE3,9,1.000000000000,Franklin,047
FRANKLIN|BROOKVILLE4,9,1.000000000000,Franklin,047
FRANKLIN|BROOKVILLE5,9,1.000000000000,Franklin,047
FRANKLIN|BUTLER,9,1.000000000000,Franklin,047
FRANKLIN|FAIRFIELD,6,0.000034760292,Franklin,047
FRANKLIN|FAIRFIELD,9,0.999965239708,Franklin,047
FRANKLIN|HIGHLAND1,9,1.000000000000,Franklin,047
FRANKLIN|HIGHLAND2,9,1.000000000000,Franklin,047
FRANKLIN|LAUREL,6,0.000013860969,Franklin,047
FRANKLIN|LAUREL,9,0.999986139031,Franklin,047
FRANKLIN|METAMORA,9,1.000000000000,Franklin,047
FRANKLIN|OLDENBURG,9,1.000000000000,Franklin,047
FRANKLIN|POSEY,6,0.000071053791,Franklin,047
FRANKLIN|POSEY,9,0.999928946209,Franklin,047
FRANKLIN|RAY1,9,1.000000000000,Franklin,047
FRANKLIN|RAY2,9,1.000000000000,Franklin,047
FRANKLIN|SALTCREEK1,9,1.000000000000,Franklin,047
FRANKLIN|SALTCREEK2,9,1.000000000000,Franklin,047
FRANKLIN|SPRINGFIELD,9,1.000000000000,Franklin,047
FRANKLIN|WHITEWATER1,9,1.000000000000,Franklin,047
FRANKLIN|WHITEWATER2,9,1.000000000000,Franklin,047
FULTON|AUBBEENAUBBEE9,2,1.000000000000,Fulton,049
FULTON|HENRY1,2,1.000000000000,Fulton,049
FULTON|HENRY2,2,1.000000000000,Fulton,049
FULTON|HENRY3,2,1.000000000000,Fulton,049
FULTON|LIBERTY13,2,1.000000000000,Fulton,049
FULTON|NEWCASTLE14,2,1.000000000000,Fulton,049
FULTON|RICHLAND15,2,1.000000000000,Fulton,049
FULTON|ROCHESTER1,2,1.000000000000,Fulton,049
FULTON|ROCHESTER2,2,1.000000000000,Fulton,049
FULTON|ROCHESTER3,2,1.000000000000,Fulton,049
FULTON|ROCHESTER4,2,1.000000000000,Fulton,049
FULTON|ROCHESTER5,2,1.000000000000,Fulton,049
FULTON|ROCHESTER6,2,1.000000000000,Fulton,049
FULTON|ROCHESTER7,2,1.000000000000,Fulton,049
FULTON|ROCHESTER8,2,1.000000000000,Fulton,049
FULTON|UNION16,2,1.000000000000,Fulton,049
FULTON|WAYNE17,2,1.000000000000,Fulton,049
GIBSON|BARTON1,8,1.000000000000,Gibson,051
GIBSON|BARTON2,8,1.000000000000,Gibson,051
GIBSON|CENTER1,8,1.000000000000,Gibson,051
GIBSON|COLUMBIA1,8,1.000000000000,Gibson,051
GIBSON|COLUMBIA2,8,1.000000000000,Gibson,051
GIBSON|COLUMBIA5,8,1.000000000000,Gibson,051
GIBSON|JOHNSON1,8,1.000000000000,Gibson,051
GIBSON|JOHNSON2,8,1.000000000000,Gibson,051
GIBSON|JOHNSON3,8,1.000000000000,Gibson,051
GIBSON|MONTGOMERY1,8,1.000000000000,Gibson,051
GIBSON|MONTGOMERY2,8,1.000000000000,Gibson,051
GIBSON|MONTGOMERY3,8,1.000000000000,Gibson,051
GIBSON|PATOKA1,8,1.000000000000,Gibson,051
GIBSON|PATOKA11,8,1.000000000000,Gibson,051
GIBSON|PATOKA12,8,1.000000000000,Gibson,051
GIBSON|PATOKA13,8,1.000000000000,Gibson,051
GIBSON|PATOKA14,8,1.000000000000,Gibson,051
GIBSON|PATOKA15,8,1.000000000000,Gibson,051
GIBSON|PATOKA2,8,1.000000000000,Gibson,051
GIBSON|PATOKA3,8,1.000000000000,Gibson,051
GIBSON|PATOKA4,8,1.000000000000,Gibson,051
GIBSON|PATOKA5,8,1.000000000000,Gibson,051
GIBSON|PATOKA6,8,1.000000000000,Gibson,051
GIBSON|PATOKA7,8,1.000000000000,Gibson,051
GIBSON|PATOKA8,8,1.000000000000,Gibson,051
GIBSON|PATOKA9,8,1.000000000000,Gibson,051
GIBSON|UNION1,8,1.000000000000,Gibson,051
GIBSON|UNION2,8,1.000000000000,Gibson,051
GIBSON|UNION3,8,1.000000000000,Gibson,051
GIBSON|UNION4,8,1.000000000000,Gibson,051
GIBSON|WABASH1,8,1.000000000000,Gibson,051
GIBSON|WASHINGTON1,8,1.000000000000,Gibson,051
GIBSON|WHITERIVER1,8,1.000000000000,Gibson,051
GIBSON|WHITERIVER2,8,1.000000000000,Gibson,051
GRANT|AIRPORT1MILLTWPNV,5,1.000000000000,Grant,053
GRANT|CENTER1,5,1.000000000000,Grant,053
GRANT|CENTER10,5,1.000000000000,Grant,053
GRANT|CENTER11,5,1.000000000000,Grant,053
GRANT|CENTER12,5,1.000000000000,Grant,053
GRANT|CENTER13,5,1.000000000000,Grant,053
GRANT|CENTER14,5,1.000000000000,Grant,053
GRANT|CENTER15,5,1.000000000000,Grant,053
GRANT|CENTER16,5,1.000000000000,Grant,053
GRANT|CENTER17,5,1.000000000000,Grant,053
GRANT|CENTER18,5,1.000000000000,Grant,053
GRANT|CENTER19,5,1.000000000000,Grant,053
GRANT|CENTER2,5,1.000000000000,Grant,053
GRANT|CENTER20,5,1.000000000000,Grant,053
GRANT|CENTER24,5,1.000000000000,Grant,053
GRANT|CENTER3,5,1.000000000000,Grant,053
GRANT|CENTER4,5,1.000000000000,Grant,053
GRANT|CENTER5,5,1.000000000000,Grant,053
GRANT|CENTER6,5,1.000000000000,Grant,053
GRANT|CENTER7,5,1.000000000000,Grant,053
GRANT|CENTER8,5,1.000000000000,Grant,053
GRANT|CENTER9,5,1.000000000000,Grant,053
GRANT|FAIRMOUNT1,5,1.000000000000,Grant,053
GRANT|FAIRMOUNT2,5,1.000000000000,Grant,053
GRANT|FAIRMOUNT3,5,1.000000000000,Grant,053
GRANT|FAIRMOUNT4,5,1.000000000000,Grant,053
GRANT|FRANKLIN1,5,1.000000000000,Grant,053
GRANT|FRANKLIN2,5,1.000000000000,Grant,053
GRANT|FRANKLIN3,5,1.000000000000,Grant,053
GRANT|FRANKLIN4,5,1.000000000000,Grant,053
GRANT|FRANKLIN5,5,1.000000000000,Grant,053
GRANT|FRANKLIN6,5,1.000000000000,Grant,053
GRANT|FRANKLIN7,5,1.000000000000,Grant,053
GRANT|GREEN,5,1.000000000000,Grant,053
GRANT|JEFFERSON1,3,0.000002373155,Grant,053
GRANT|JEFFERSON1,5,0.999997626845,Grant,053
GRANT|JEFFERSON2,3,0.000024186363,Grant,053
GRANT|JEFFERSON2,5,0.999975813637,Grant,053
GRANT|JEFFERSON3,5,1.000000000000,Grant,053
GRANT|JEFFERSON4NV,5,1.000000000000,Grant,053
GRANT|LIBERTY,5,1.000000000000,Grant,053
GRANT|MILL1,5,1.000000000000,Grant,053
GRANT|MILL10,5,1.000000000000,Grant,053
GRANT|MILL11,5,1.000000000000,Grant,053
GRANT|MILL2,5,1.000000000000,Grant,053
GRANT|MILL3,5,1.000000000000,Grant,053
GRANT|MILL4,5,1.000000000000,Grant,053
GRANT|MILL5,5,1.000000000000,Grant,053
GRANT|MILL6,5,1.000000000000,Grant,053
GRANT|MILL7,5,1.000000000000,Grant,053
GRANT|MILL8,5,1.000000000000,Grant,053
GRANT|MILL9,5,1.000000000000,Grant,053
GRANT|MONROE1,3,0.000047844004,Grant,053
GRANT|MONROE1,5,0.999952155996,Grant,053
GRANT|PLEASANT1,2,0.000184980522,Grant,053
GRANT|PLEASANT1,5,0.999815019478,Grant,053
GRANT|PLEASANT2,5,1.000000000000,Grant,053
GRANT|PLEASANT3,5,1.000000000000,Grant,053
GRANT|PLEASANT4,5,1.000000000000,Grant,053
GRANT|PLEASANT5,5,1.000000000000,Grant,053
GRANT|PLEASANT6,5,1.000000000000,Grant,053
GRANT|PLEASANT7,5,1.000000000000,Grant,053
GRANT|RICHLAND,2,0.000159599868,Grant,053
GRANT|RICHLAND,5,0.999840400132,Grant,053
GRANT|SIMS,5,1.000000000000,Grant,053
GRANT|VANBUREN,3,0.000049705036,Grant,053
GRANT|VANBUREN,5,0.999950294964,Grant,053
GRANT|WASHINGTON1,2,0.000101551092,Grant,053
GRANT|WASHINGTON1,3,0.000000858237,Grant,053
GRANT|WASHINGTON1,5,0.999897590671,Grant,053
GRANT|WASHINGTON2,5,1.000000000000,Grant,053
GRANT|WASHINGTON3,5,1.000000000000,Grant,053
GRANT|WASHINGTON4,5,1.000000000000,Grant,053
GREENE|BEECHCREEK1,8,0.999971898478,Greene,055
GREENE|BEECHCREEK1,9,0.000028101522,Greene,055
GREENE|BEECHCREEK2,8,0.999999987626,Greene,055
GREENE|BEECHCREEK2,9,0.000000012374,Greene,055
GREENE|CASS,8,1.000000000000,Greene,055
GREENE|CENTER1,8,1.000000000000,Greene,055
GREENE|CENTER2,8,0.999954191487,Greene,055
GREENE|CENTER2,9,0.000045808513,Greene,055
GREENE|FAIRPLAY,8,1.000000000000,Greene,055
GREENE|GRANT,8,1.000000000000,Greene,055
GREENE|HIGHLAND,8,1.000000000000,Greene,055
GREENE|JACKSON,8,0.999997135389,Greene,055
GREENE|JACKSON,9,0.000002864611,Greene,055
GREENE|JEFFERSON1,8,1.000000000000,Greene,055
GREENE|JEFFERSON2,8,1.000000000000,Greene,055
GREENE|RICHLAND1,8,1.000000000000,Greene,055
GREENE|RICHLAND2,8,1.000000000000,Greene,055
GREENE|RICHLAND3,8,1.000000000000,Greene,055
GREENE|RICHLAND4,8,1.000000000000,Greene,055
GREENE|SMITH,8,1.000000000000,Greene,055
GREENE|STAFFORD,8,1.000000000000,Greene,055
GREENE|STOCKTON1,8,1.000000000000,Greene,055
GREENE|STOCKTON2,8,1.000000000000,Greene,055
GREENE|STOCKTON3,8,1.000000000000,Greene,055
GREENE|STOCKTON4,8,1.000000000000,Greene,055
GREENE|STOCKTON5,8,1.000000000000,Greene,055
GREENE|STOCKTON6,8,1.000000000000,Greene,055
GREENE|STOCKTON7,8,1.000000000000,Greene,055
GREENE|TAYLOR,8,1.000000000000,Greene,055
GREENE|WASHINGTON1,8,1.000000000000,Greene,055
GREENE|WASHINGTON2,8,1.000000000000,Greene,055
GREENE|WRIGHT1,8,1.000000000000,Greene,055
GREENE|WRIGHT2,8,1.000000000000,Greene,055
GREENE|WRIGHT3,8,1.000000000000,Greene,055
GREENE|WRIGHT4,8,1.000000000000,Greene,055
GREENE|WRIGHT5,8,1.000000000000,Greene,055
HAMILTON|ARBORS,5,1.000000000000,Hamilton,057
HAMILTON|ARCADIA,5,1.000000000000,Hamilton,057
HAMILTON|AROMA,5,1.000000000000,Hamilton,057
HAMILTON|ATLANTA,5,1.000000000000,Hamilton,057
HAMILTON|AVIAN,5,1.000000000000,Hamilton,057
HAMILTON|BAKERSCORNER,5,1.000000000000,Hamilton,057
HAMILTON|BAYHILL,5,1.000000000000,Hamilton,057
HAMILTON|BLUECREEK,5,0.999999473437,Hamilton,057
HAMILTON|BLUECREEK,7,0.000000526563,Hamilton,057
HAMILTON|BOXLEY,5,1.000000000000,Hamilton,057
HAMILTON|BRENTWOOD,5,1.000000000000,Hamilton,057
HAMILTON|BRIARCREEK,5,0.999890313552,Hamilton,057
HAMILTON|BRIARCREEK,7,0.000109686448,Hamilton,057
HAMILTON|BROOKFIELDCROSSING,5,1.000000000000,Hamilton,057
HAMILTON|BROOKSHIRE,5,1.000000000000,Hamilton,057
HAMILTON|CARMELMEADOWS,5,1.000000000000,Hamilton,057
HAMILTON|CENTENNIAL1,5,1.000000000000,Hamilton,057
HAMILTON|CENTENNIAL2,5,1.000000000000,Hamilton,057
HAMILTON|CHERRYTREE,5,1.000000000000,Hamilton,057
HAMILTON|CHESWICK,5,1.000000000000,Hamilton,057
HAMILTON|CLAYCENTER1,5,1.000000000000,Hamilton,057
HAMILTON|CLAYCENTER2,5,1.000000000000,Hamilton,057
HAMILTON|CLAYCENTER3,4,0.000304860549,Hamilton,057
HAMILTON|CLAYCENTER3,5,0.999695139451,Hamilton,057
HAMILTON|CLAYNORTHEAST,5,1.000000000000,Hamilton,057
HAMILTON|CLAYNORTHWEST1,4,0.000021627508,Hamilton,057
HAMILTON|CLAYNORTHWEST1,5,0.999978372492,Hamilton,057
HAMILTON|CLAYNORTHWEST2,5,1.000000000000,Hamilton,057
HAMILTON|CLAYNORTHWEST3,4,0.000036301044,Hamilton,057
HAMILTON|CLAYNORTHWEST3,5,0.999963698956,Hamilton,057
HAMILTON|CLAYSOUTHWEST1,4,0.000009078433,Hamilton,057
HAMILTON|CLAYSOUTHWEST1,5,0.999910927027,Hamilton,057
HAMILTON|CLAYSOUTHWEST1,7,0.000079994540,Hamilton,057
HAMILTON|CLAYSOUTHWEST2,5,1.000000000000,Hamilton,057
HAMILTON|CLAYSOUTHWEST3,5,0.999906672180,Hamilton,057
HAMILTON|CLAYSOUTHWEST3,7,0.000093327820,Hamilton,057
HAMILTON|COLLEGE,5,0.999996571611,Hamilton,057
HAMILTON|COLLEGE,7,0.000003428389,Hamilton,057
HAMILTON|COOLCREEKNORTH,5,1.000000000000,Hamilton,057
HAMILTON|COOLCREEKSOUTH,5,1.000000000000,Hamilton,057
HAMILTON|COPPERWOOD,5,1.000000000000,Hamilton,057
HAMILTON|COXHALL,5,1.000000000000,Hamilton,057
HAMILTON|CROOKEDSTICK,5,1.000000000000,Hamilton,057
HAMILTON|DANIELWARREN,5,1.000000000000,Hamilton,057
HAMILTON|DELAWARE1,5,1.000000000000,Hamilton,057
HAMILTON|DELAWARE10,5,1.000000000000,Hamilton,057
HAMILTON|DELAWARE12,5,1.000000000000,Hamilton,057
HAMILTON|DELAWARE13,5,1.000000000000,Hamilton,057
HAMILTON|DELAWARE14,5,1.000000000000,Hamilton,057
HAMILTON|DELAWARE15,5,0.999963721289,Hamilton,057
HAMILTON|DELAWARE15,7,0.000036278711,Hamilton,057
HAMILTON|DELAWARE16,5,0.999918625227,Hamilton,057
HAMILTON|DELAWARE16,7,0.000081374773,Hamilton,057
HAMILTON|DELAWARE17,5,1.000000000000,Hamilton,057
HAMILTON|DELAWARE18,5,1.000000000000,Hamilton,057
HAMILTON|DELAWARE19,5,1.000000000000,Hamilton,057
HAMILTON|DELAWARE2,5,1.000000000000,Hamilton,057
HAMILTON|DELAWARE20,5,1.000000000000,Hamilton,057
HAMILTON|DELAWARE21,5,0.999994224057,Hamilton,057
HAMILTON|DELAWARE21,7,0.000005775943,Hamilton,057
HAMILTON|DELAWARE22,5,1.000000000000,Hamilton,057
HAMILTON|DELAWARE23,5,1.000000000000,Hamilton,057
HAMILTON|DELAWARE24,5,0.999764690445,Hamilton,057
HAMILTON|DELAWARE24,7,0.000235309555,Hamilton,057
HAMILTON|DELAWARE25,5,0.999982551844,Hamilton,057
HAMILTON|DELAWARE25,7,0.000017448156,Hamilton,057
HAMILTON|DELAWARE3,5,1.000000000000,Hamilton,057
HAMILTON|DELAWARE4,5,1.000000000000,Hamilton,057
HAMILTON|DELAWARE5,5,1.000000000000,Hamilton,057
HAMILTON|DELAWARE6,5,1.000000000000,Hamilton,057
HAMILTON|DELAWARE7,5,1.000000000000,Hamilton,057
HAMILTON|DELAWARE8,5,1.000000000000,Hamilton,057
HAMILTON|DELAWARE9,5,1.000000000000,Hamilton,057
HAMILTON|DEMING,5,1.000000000000,Hamilton,057
HAMILTON|EAGLETOWN,4,0.000041668243,Hamilton,057
HAMILTON|EAGLETOWN,5,0.999958331757,Hamilton,057
HAMILTON|EASTWASHINGTON,5,1.000000000000,Hamilton,057
HAMILTON|EASTWAYNEWAYNE1,5,1.000000000000,Hamilton,057
HAMILTON|EDENBROOK,5,1.000000000000,Hamilton,057
HAMILTON|FALLCREEK1,5,1.000000000000,Hamilton,057
HAMILTON|FALLCREEK10,5,1.000000000000,Hamilton,057
HAMILTON|FALLCREEK11,5,0.999997921180,Hamilton,057
HAMILTON|FALLCREEK11,6,0.000002078820,Hamilton,057
HAMILTON|FALLCREEK12,5,1.000000000000,Hamilton,057
HAMILTON|FALLCREEK13,5,1.000000000000,Hamilton,057
HAMILTON|FALLCREEK14,5,1.000000000000,Hamilton,057
HAMILTON|FALLCREEK15,5,0.999949495714,Hamilton,057
HAMILTON|FALLCREEK15,6,0.000050504286,Hamilton,057
HAMILTON|FALLCREEK16,5,1.000000000000,Hamilton,057
HAMILTON|FALLCREEK17,5,1.000000000000,Hamilton,057
HAMILTON|FALLCREEK18,5,1.000000000000,Hamilton,057
HAMILTON|FALLCREEK19,5,1.000000000000,Hamilton,057
HAMILTON|FALLCREEK2,5,1.000000000000,Hamilton,057
HAMILTON|FALLCREEK20,5,1.000000000000,Hamilton,057
HAMILTON|FALLCREEK21,5,0.999895805996,Hamilton,057
HAMILTON|FALLCREEK21,7,0.000104194004,Hamilton,057
HAMILTON|FALLCREEK22,5,1.000000000000,Hamilton,057
HAMILTON|FALLCREEK23,5,1.000000000000,Hamilton,057
HAMILTON|FALLCREEK24,5,1.000000000000,Hamilton,057
HAMILTON|FALLCREEK25,5,1.000000000000,Hamilton,057
HAMILTON|FALLCREEK26,5,1.000000000000,Hamilton,057
HAMILTON|FALLCREEK27,5,1.000000000000,Hamilton,057
HAMILTON|FALLCREEK28,5,1.000000000000,Hamilton,057
HAMILTON|FALLCREEK29,5,0.999913610607,Hamilton,057
HAMILTON|FALLCREEK29,7,0.000086389393,Hamilton,057
HAMILTON|FALLCREEK3,5,1.000000000000,Hamilton,057
HAMILTON|FALLCREEK30,5,1.000000000000,Hamilton,057
HAMILTON|FALLCREEK31,5,1.000000000000,Hamilton,057
HAMILTON|FALLCREEK32,5,1.000000000000,Hamilton,057
HAMILTON|FALLCREEK33,5,1.000000000000,Hamilton,057
HAMILTON|FALLCREEK34,5,1.000000000000,Hamilton,057
HAMILTON|FALLCREEK35,5,0.999976886246,Hamilton,057
HAMILTON|FALLCREEK35,6,0.000023113754,Hamilton,057
HAMILTON|FALLCREEK36,5,1.000000000000,Hamilton,057
HAMILTON|FALLCREEK37,5,1.000000000000,Hamilton,057
HAMILTON|FALLCREEK38,5,0.998618593358,Hamilton,057
HAMILTON|FALLCREEK38,6,0.001266004183,Hamilton,057
HAMILTON|FALLCREEK38,7,0.000115402459,Hamilton,057
HAMILTON|FALLCREEK39,5,1.000000000000,Hamilton,057
HAMILTON|FALLCREEK4,5,0.999968819029,Hamilton,057
HAMILTON|FALLCREEK4,6,0.000031180971,Hamilton,057
HAMILTON|FALLCREEK40,5,1.000000000000,Hamilton,057
HAMILTON|FALLCREEK41,5,0.999936936283,Hamilton,057
HAMILTON|FALLCREEK41,6,0.000063063717,Hamilton,057
HAMILTON|FALLCREEK42,5,1.000000000000,Hamilton,057
HAMILTON|FALLCREEK5,5,1.000000000000,Hamilton,057
HAMILTON|FALLCREEK6,5,1.000000000000,Hamilton,057
HAMILTON|FALLCREEK7,5,1.000000000000,Hamilton,057
HAMILTON|FALLCREEK8,5,1.000000000000,Hamilton,057
HAMILTON|FALLCREEK9,5,0.999996959875,Hamilton,057
HAMILTON|FALLCREEK9,7,0.000003040125,Hamilton,057
HAMILTON|GREENSPRINGS,5,1.000000000000,Hamilton,057
HAMILTON|GUILFORD1,5,1.000000000000,Hamilton,057
HAMILTON|GUILFORD2,5,1.000000000000,Hamilton,057
HAMILTON|GUILFORD3,5,1.000000000000,Hamilton,057
HAMILTON|HAZELDELL,5,1.000000000000,Hamilton,057
HAMILTON|HOLADAY1,5,1.000000000000,Hamilton,057
HAMILTON|HOLADAY2,5,0.999003344279,Hamilton,057
HAMILTON|HOLADAY2,7,0.000996655721,Hamilton,057
HAMILTON|HORTON,5,1.000000000000,Hamilton,057
HAMILTON|HUNTERSCREEK,5,1.000000000000,Hamilton,057
HAMILTON|HUNTERSTRACE,5,1.000000000000,Hamilton,057
HAMILTON|JOHNSONACRES,5,1.000000000000,Hamilton,057
HAMILTON|JOLIET,4,0.000189216500,Hamilton,057
HAMILTON|JOLIET,5,0.999810783500,Hamilton,057
HAMILTON|KEYSTONE,5,1.000000000000,Hamilton,057
HAMILTON|KINGSBOROUGH,5,1.000000000000,Hamilton,057
HAMILTON|KINGSWOOD1,5,1.000000000000,Hamilton,057
HAMILTON|KINGSWOOD2,5,0.999964308902,Hamilton,057
HAMILTON|KINGSWOOD2,7,0.000035691098,Hamilton,057
HAMILTON|LADYHAMILTON,5,1.000000000000,Hamilton,057
HAMILTON|LEXINGTON,5,1.000000000000,Hamilton,057
HAMILTON|MOHAWKHILLS,5,1.000000000000,Hamilton,057
HAMILTON|MORSE1NV,5,1.000000000000,Hamilton,057
HAMILTON|MORSE2NV,5,1.000000000000,Hamilton,057
HAMILTON|MORSE3NV,5,1.000000000000,Hamilton,057
HAMILTON|MOUNTCARMEL1,5,1.000000000000,Hamilton,057
HAMILTON|MOUNTCARMEL2,5,1.000000000000,Hamilton,057
HAMILTON|NOBLESVILLE1,5,1.000000000000,Hamilton,057
HAMILTON|NOBLESVILLE10,5,1.000000000000,Hamilton,057
HAMILTON|NOBLESVILLE11,5,1.000000000000,Hamilton,057
HAMILTON|NOBLESVILLE12,5,1.000000000000,Hamilton,057
HAMILTON|NOBLESVILLE13,5,1.000000000000,Hamilton,057
HAMILTON|NOBLESVILLE14,5,1.000000000000,Hamilton,057
HAMILTON|NOBLESVILLE15,5,1.000000000000,Hamilton,057
HAMILTON|NOBLESVILLE16,5,1.000000000000,Hamilton,057
HAMILTON|NOBLESVILLE17,5,1.000000000000,Hamilton,057
HAMILTON|NOBLESVILLE18,5,1.000000000000,Hamilton,057
HAMILTON|NOBLESVILLE19,5,1.000000000000,Hamilton,057
HAMILTON|NOBLESVILLE2,5,1.000000000000,Hamilton,057
HAMILTON|NOBLESVILLE20,5,1.000000000000,Hamilton,057
HAMILTON|NOBLESVILLE21,5,1.000000000000,Hamilton,057
HAMILTON|NOBLESVILLE22,5,1.000000000000,Hamilton,057
HAMILTON|NOBLESVILLE23,5,1.000000000000,Hamilton,057
HAMILTON|NOBLESVILLE24,5,1.000000000000,Hamilton,057
HAMILTON|NOBLESVILLE25,5,1.000000000000,Hamilton,057
HAMILTON|NOBLESVILLE26,5,1.000000000000,Hamilton,057
HAMILTON|NOBLESVILLE27,5,1.000000000000,Hamilton,057
HAMILTON|NOBLESVILLE28,5,1.000000000000,Hamilton,057
HAMILTON|NOBLESVILLE29,5,1.000000000000,Hamilton,057
HAMILTON|NOBLESVILLE3,5,1.000000000000,Hamilton,057
HAMILTON|NOBLESVILLE30,5,1.000000000000,Hamilton,057
HAMILTON|NOBLESVILLE31,5,1.000000000000,Hamilton,057
HAMILTON|NOBLESVILLE32,5,1.000000000000,Hamilton,057
HAMILTON|NOBLESVILLE33,5,1.000000000000,Hamilton,057
HAMILTON|NOBLESVILLE34,5,1.000000000000,Hamilton,057
HAMILTON|NOBLESVILLE36,5,1.000000000000,Hamilton,057
HAMILTON|NOBLESVILLE37,5,1.000000000000,Hamilton,057
HAMILTON|NOBLESVILLE38,5,1.000000000000,Hamilton,057
HAMILTON|NOBLESVILLE39,5,1.000000000000,Hamilton,057
HAMILTON|NOBLESVILLE4,5,1.000000000000,Hamilton,057
HAMILTON|NOBLESVILLE40,5,1.000000000000,Hamilton,057
HAMILTON|NOBLESVILLE41,5,1.000000000000,Hamilton,057
HAMILTON|NOBLESVILLE5,5,1.000000000000,Hamilton,057
HAMILTON|NOBLESVILLE6,5,1.000000000000,Hamilton,057
HAMILTON|NOBLESVILLE7,5,1.000000000000,Hamilton,057
HAMILTON|NOBLESVILLE8,5,1.000000000000,Hamilton,057
HAMILTON|NOBLESVILLE9,5,1.000000000000,Hamilton,057
HAMILTON|NORTHCICERO,5,1.000000000000,Hamilton,057
HAMILTON|NORTHRIDGE,5,0.999975277277,Hamilton,057
HAMILTON|NORTHRIDGE,7,0.000024722723,Hamilton,057
HAMILTON|OAKRIDGE1,5,1.000000000000,Hamilton,057
HAMILTON|OAKRIDGE2,5,1.000000000000,Hamilton,057
HAMILTON|OAKRIDGE3,5,1.000000000000,Hamilton,057
HAMILTON|OMEGA,5,1.000000000000,Hamilton,057
HAMILTON|ORCHARDPARK,5,1.000000000000,Hamilton,057
HAMILTON|PLEASANTGROVE,5,1.000000000000,Hamilton,057
HAMILTON|PRAIRIEVIEW,5,1.000000000000,Hamilton,057
HAMILTON|RANGELINE,5,1.000000000000,Hamilton,057
HAMILTON|RICHLAND,5,1.000000000000,Hamilton,057
HAMILTON|SADDLECREEK,5,1.000000000000,Hamilton,057
HAMILTON|SHERIDAN1,4,0.000093322847,Hamilton,057
HAMILTON|SHERIDAN1,5,0.999906677153,Hamilton,057
HAMILTON|SHERIDAN2,5,1.000000000000,Hamilton,057
HAMILTON|SHERIDAN4,4,0.000340428993,Hamilton,057
HAMILTON|SHERIDAN4,5,0.999659571007,Hamilton,057
HAMILTON|SOUTHCICERO,5,1.000000000000,Hamilton,057
HAMILTON|SOUTHEASTARCADIA,5,1.000000000000,Hamilton,057
HAMILTON|SOUTHEASTCICERO,5,1.000000000000,Hamilton,057
HAMILTON|SOUTHWESTCICERO,5,1.000000000000,Hamilton,057
HAMILTON|SPRINGFARMS,5,1.000000000000,Hamilton,057
HAMILTON|SPRINGMILL1,5,0.999963193720,Hamilton,057
HAMILTON|SPRINGMILL1,7,0.000036806280,Hamilton,057
HAMILTON|SPRINGMILL2,5,0.999933067953,Hamilton,057
HAMILTON|SPRINGMILL2,7,0.000066932047,Hamilton,057
HAMILTON|SPRINGMILLPONDS,5,1.000000000000,Hamilton,057
HAMILTON|STONEHEDGE1,5,1.000000000000,Hamilton,057
HAMILTON|STONEHEDGE2,5,1.000000000000,Hamilton,057
HAMILTON|STONEWICK,5,1.000000000000,Hamilton,057
HAMILTON|STRAWTOWN,5,1.000000000000,Hamilton,057
HAMILTON|THEVILLAGE,5,1.000000000000,Hamilton,057
HAMILTON|THISTLEWOOD,5,1.000000000000,Hamilton,057
HAMILTON|VILLAGEFARMS1,5,1.000000000000,Hamilton,057
HAMILTON|VILLAGEFARMS2,5,1.000000000000,Hamilton,057
HAMILTON|VILLAGEFARMS3,5,1.000000000000,Hamilton,057
HAMILTON|WATERFORD,5,1.000000000000,Hamilton,057
HAMILTON|WAYNE3,5,1.000000000000,Hamilton,057
HAMILTON|WAYNE4,5,1.000000000000,Hamilton,057
HAMILTON|WAYNE5,5,1.000000000000,Hamilton,057
HAMILTON|WAYNE6NV,5,1.000000000000,Hamilton,057
HAMILTON|WESTFIELD1,5,1.000000000000,Hamilton,057
HAMILTON|WESTFIELD11,5,1.000000000000,Hamilton,057
HAMILTON|WESTFIELD13,5,1.000000000000,Hamilton,057
HAMILTON|WESTFIELD15,5,1.000000000000,Hamilton,057
HAMILTON|WESTFIELD16,5,1.000000000000,Hamilton,057
HAMILTON|WESTFIELD17,4,0.000002885872,Hamilton,057
HAMILTON|WESTFIELD17,5,0.999997114128,Hamilton,057
HAMILTON|WESTFIELD2,5,1.000000000000,Hamilton,057
HAMILTON|WESTFIELD21,5,1.000000000000,Hamilton,057
HAMILTON|WESTFIELD23,5,1.000000000000,Hamilton,057
HAMILTON|WESTFIELD24,5,1.000000000000,Hamilton,057
HAMILTON|WESTFIELD25,5,1.000000000000,Hamilton,057
HAMILTON|WESTFIELD27,5,1.000000000000,Hamilton,057
HAMILTON|WESTFIELD8,5,1.000000000000,Hamilton,057
HAMILTON|WESTWAYNEWAYNE2,5,1.000000000000,Hamilton,057
HAMILTON|WHITECHAPEL,5,1.000000000000,Hamilton,057
HAMILTON|WOODFIELD,5,1.000000000000,Hamilton,057
HAMILTON|WOODGATE,5,1.000000000000,Hamilton,057
HAMILTON|WOODLAND,5,1.000000000000,Hamilton,057
HANCOCK|BC1,6,1.000000000000,Hancock,059
HANCOCK|BC2N,6,0.999994217520,Hancock,059
HANCOCK|BC2N,7,0.000005782480,Hancock,059
HANCOCK|BC2S,6,0.999980048721,Hancock,059
HANCOCK|BC2S,7,0.000019951279,Hancock,059
HANCOCK|BC3,6,1.000000000000,Hancock,059
HANCOCK|BC4,6,1.000000000000,Hancock,059
HANCOCK|BC5,6,0.999925196022,Hancock,059
HANCOCK|BC5,7,0.000074803978,Hancock,059
HANCOCK|BN1,5,0.000034153602,Hancock,059
HANCOCK|BN1,6,0.999965846398,Hancock,059
HANCOCK|BN2,5,0.000021500526,Hancock,059
HANCOCK|BN2,6,0.999978499474,Hancock,059
HANCOCK|BR1,6,1.000000000000,Hancock,059
HANCOCK|BW1E,6,1.000000000000,Hancock,059
HANCOCK|BW1W,6,1.000000000000,Hancock,059
HANCOCK|C1,6,1.000000000000,Hancock,059
HANCOCK|C2,6,1.000000000000,Hancock,059
HANCOCK|C3,6,1.000000000000,Hancock,059
HANCOCK|C4,6,1.000000000000,Hancock,059
HANCOCK|F1,5,0.000025177281,Hancock,059
HANCOCK|F1,6,0.999974822719,Hancock,059
HANCOCK|F2,5,0.000803773530,Hancock,059
HANCOCK|F2,6,0.999196226470,Hancock,059
HANCOCK|G1EAST,6,1.000000000000,Hancock,059
HANCOCK|G1NORTH,6,1.000000000000,Hancock,059
HANCOCK|G1SOUTH,6,1.000000000000,Hancock,059
HANCOCK|G2NORTH,6,1.000000000000,Hancock,059
HANCOCK|G2SOUTH,6,1.000000000000,Hancock,059
HANCOCK|G3CENTRAL,6,1.000000000000,Hancock,059
HANCOCK|G3NORTH,6,1.000000000000,Hancock,059
HANCOCK|G3NORTHEAST,6,1.000000000000,Hancock,059
HANCOCK|G4CENTRAL,6,1.000000000000,Hancock,059
HANCOCK|G4EAST,6,1.000000000000,Hancock,059
HANCOCK|G4WEST,6,1.000000000000,Hancock,059
HANCOCK|G5NORTH,6,1.000000000000,Hancock,059
HANCOCK|G5SOUTH,6,1.000000000000,Hancock,059
HANCOCK|GN1,5,0.000015934877,Hancock,059
HANCOCK|GN1,6,0.999984065123,Hancock,059
HANCOCK|J1,6,1.000000000000,Hancock,059
HANCOCK|M1,5,0.000068887828,Hancock,059
HANCOCK|M1,6,0.999166673927,Hancock,059
HANCOCK|M1,7,0.000764438245,Hancock,059
HANCOCK|M1SOUTHEAST,6,0.999983246520,Hancock,059
HANCOCK|M1SOUTHEAST,7,0.000016753480,Hancock,059
HANCOCK|M2,6,0.999909994159,Hancock,059
HANCOCK|M2,7,0.000090005841,Hancock,059
HANCOCK|NV1NV,6,1.000000000000,Hancock,059
HANCOCK|NV2NV,6,1.000000000000,Hancock,059
HANCOCK|NV3NV,6,1.000000000000,Hancock,059
HANCOCK|SC1E,6,1.000000000000,Hancock,059
HANCOCK|SC1W,6,0.999996421687,Hancock,059
HANCOCK|SC1W,7,0.000003578313,Hancock,059
HANCOCK|SC2,6,1.000000000000,Hancock,059
HANCOCK|SC3,6,1.000000000000,Hancock,059
HANCOCK|SC4,6,1.000000000000,Hancock,059
HANCOCK|SC5,6,1.000000000000,Hancock,059
HANCOCK|SC6,6,0.999915210488,Hancock,059
HANCOCK|SC6,7,0.000084789512,Hancock,059
HANCOCK|SC7,6,1.000000000000,Hancock,059
HANCOCK|SC8,6,1.000000000000,Hancock,059
HANCOCK|SC9,6,0.999988406578,Hancock,059
HANCOCK|SC9,7,0.000011593422,Hancock,059
HANCOCK|V1,5,0.000002782800,Hancock,059
HANCOCK|V1,6,0.999996896508,Hancock,059
HANCOCK|V1,7,0.000000320693,Hancock,059
HANCOCK|V1NORTHWEST,5,0.000022549191,Hancock,059
HANCOCK|V1NORTHWEST,6,0.999977450809,Hancock,059
HARRISON|BLUERIVERNORTH,8,0.000785610689,Harrison,061
HARRISON|BLUERIVERNORTH,9,0.999214389311,Harrison,061
HARRISON|BLUERIVERSOUTH,8,0.000770816760,Harrison,061
HARRISON|BLUERIVERSOUTH,9,0.999229183240,Harrison,061
HARRISON|BOONEEAST,9,1.000000000000,Harrison,061
HARRISON|BOONEWEST,9,1.000000000000,Harrison,061
HARRISON|CORYDONEAST,9,1.000000000000,Harrison,061
HARRISON|CORYDONSOUTH,9,1.000000000000,Harrison,061
HARRISON|CORYDONWEST,9,1.000000000000,Harrison,061
HARRISON|FRANKLINCENTRAL,9,1.000000000000,Harrison,061
HARRISON|FRANKLINNORTH,9,1.000000000000,Harrison,061
HARRISON|FRANKLINSOUTH,9,1.000000000000,Harrison,061
HARRISON|FRANKLINWEST,9,1.000000000000,Harrison,061
HARRISON|HARRISONEAST,9,1.000000000000,Harrison,061
HARRISON|HARRISONNORTH,9,1.000000000000,Harrison,061
HARRISON|HARRISONNORTHEAST,9,1.000000000000,Harrison,061
HARRISON|HARRISONNORTHWEST,9,1.000000000000,Harrison,061
HARRISON|HARRISONSOUTH,9,1.000000000000,Harrison,061
HARRISON|HARRISONSOUTHEAST,9,1.000000000000,Harrison,061
HARRISON|HARRISONSOUTHWEST,9,1.000000000000,Harrison,061
HARRISON|HARRISONWEST,8,0.000271658562,Harrison,061
HARRISON|HARRISONWEST,9,0.999728341438,Harrison,061
HARRISON|HETHEAST,9,1.000000000000,Harrison,061
HARRISON|HETHWEST,9,1.000000000000,Harrison,061
HARRISON|JACKSONNORTH,9,1.000000000000,Harrison,061
HARRISON|JACKSONNORTHEAST,9,1.000000000000,Harrison,061
HARRISON|JACKSONNORTHWEST,9,1.000000000000,Harrison,061
HARRISON|JACKSONSOUTHEAST,9,1.000000000000,Harrison,061
HARRISON|JACKSONSOUTHWEST,9,1.000000000000,Harrison,061
HARRISON|MORGANNORTHEAST,9,1.000000000000,Harrison,061
HARRISON|MORGANNORTHWEST,9,1.000000000000,Harrison,061
HARRISON|MORGANSOUTH,9,1.000000000000,Harrison,061
HARRISON|MORGANSOUTHWEST,9,1.000000000000,Harrison,061
HARRISON|POSEYNORTHEAST,9,1.000000000000,Harrison,061
HARRISON|POSEYSOUTHEAST,9,1.000000000000,Harrison,061
HARRISON|POSEYWEST,9,1.000000000000,Harrison,061
HARRISON|SPENCERNORTH,8,0.001240628230,Harrison,061
HARRISON|SPENCERNORTH,9,0.998759371770,Harrison,061
HARRISON|SPENCERSOUTH,8,0.000301571926,Harrison,061
HARRISON|SPENCERSOUTH,9,0.999698428074,Harrison,061
HARRISON|TAYLOR,9,1.000000000000,Harrison,061
HARRISON|WASHINGTON,9,1.000000000000,Harrison,061
HARRISON|WEBSTEREAST,9,1.000000000000,Harrison,061
HARRISON|WEBSTERWEST,9,1.000000000000,Harrison,061
HENDRICKS|BROWN1,4,0.999805179634,Hendricks,063
HENDRICKS|BROWN1,7,0.000194820366,Hendricks,063
HENDRICKS|BROWN2,4,1.000000000000,Hendricks,063
HENDRICKS|BROWN3,4,1.000000000000,Hendricks,063
HENDRICKS|BROWN4,4,1.000000000000,Hendricks,063
HENDRICKS|BROWN5,4,0.999958978612,Hendricks,063
HENDRICKS|BROWN5,7,0.000041021388,Hendricks,063
HENDRICKS|BROWN6,4,1.000000000000,Hendricks,063
HENDRICKS|BROWN7,4,1.000000000000,Hendricks,063
HENDRICKS|BROWN8,4,1.000000000000,Hendricks,063
HENDRICKS|CENTER1,4,1.000000000000,Hendricks,063
HENDRICKS|CENTER10,4,1.000000000000,Hendricks,063
HENDRICKS|CENTER2,4,1.000000000000,Hendricks,063
HENDRICKS|CENTER3,4,1.000000000000,Hendricks,063
HENDRICKS|CENTER4,4,1.000000000000,Hendricks,063
HENDRICKS|CENTER5,4,1.000000000000,Hendricks,063
HENDRICKS|CENTER6,4,1.000000000000,Hendricks,063
HENDRICKS|CENTER7,4,1.000000000000,Hendricks,063
HENDRICKS|CENTER8,4,1.000000000000,Hendricks,063
HENDRICKS|CENTER9,4,1.000000000000,Hendricks,063
HENDRICKS|CLAY1,4,1.000000000000,Hendricks,063
HENDRICKS|CLAY2,4,1.000000000000,Hendricks,063
HENDRICKS|EELRIVER1,4,1.000000000000,Hendricks,063
HENDRICKS|EELRIVER2,4,1.000000000000,Hendricks,063
HENDRICKS|FRANKLIN1,4,1.000000000000,Hendricks,063
HENDRICKS|GUILFORD1,4,1.000000000000,Hendricks,063
HENDRICKS|GUILFORD10,4,1.000000000000,Hendricks,063
HENDRICKS|GUILFORD11,4,1.000000000000,Hendricks,063
HENDRICKS|GUILFORD12,4,1.000000000000,Hendricks,063
HENDRICKS|GUILFORD13,4,1.000000000000,Hendricks,063
HENDRICKS|GUILFORD14,4,1.000000000000,Hendricks,063
HENDRICKS|GUILFORD15,4,0.999913039985,Hendricks,063
HENDRICKS|GUILFORD15,6,0.000086960015,Hendricks,063
HENDRICKS|GUILFORD16,4,0.999968358045,Hendricks,063
HENDRICKS|GUILFORD16,6,0.000031641955,Hendricks,063
HENDRICKS|GUILFORD17,4,1.000000000000,Hendricks,063
HENDRICKS|GUILFORD18,4,1.000000000000,Hendricks,063
HENDRICKS|GUILFORD19,4,1.000000000000,Hendricks,063
HENDRICKS|GUILFORD2,4,1.000000000000,Hendricks,063
HENDRICKS|GUILFORD20,4,1.000000000000,Hendricks,063
HENDRICKS|GUILFORD21,4,1.000000000000,Hendricks,063
HENDRICKS|GUILFORD22,4,1.000000000000,Hendricks,063
HENDRICKS|GUILFORD3,4,1.000000000000,Hendricks,063
HENDRICKS|GUILFORD4,4,1.000000000000,Hendricks,063
HENDRICKS|GUILFORD5,4,1.000000000000,Hendricks,063
HENDRICKS|GUILFORD6,4,1.000000000000,Hendricks,063
HENDRICKS|GUILFORD7,4,1.000000000000,Hendricks,063
HENDRICKS|GUILFORD8,4,0.999962056585,Hendricks,063
HENDRICKS|GUILFORD8,6,0.000037943415,Hendricks,063
HENDRICKS|GUILFORD9,4,1.000000000000,Hendricks,063
HENDRICKS|LIBERTY1,4,1.000000000000,Hendricks,063
HENDRICKS|LIBERTY2,4,1.000000000000,Hendricks,063
HENDRICKS|LIBERTY3,4,1.000000000000,Hendricks,063
HENDRICKS|LIBERTY4,4,1.000000000000,Hendricks,063
HENDRICKS|LIBERTY5,4,1.000000000000,Hendricks,063
HENDRICKS|LINCOLN1,4,1.000000000000,Hendricks,063
HENDRICKS|LINCOLN10,4,0.999948266033,Hendricks,063
HENDRICKS|LINCOLN10,7,0.000051733967,Hendricks,063
HENDRICKS|LINCOLN11,4,0.999800853667,Hendricks,063
HENDRICKS|LINCOLN11,7,0.000199146333,Hendricks,063
HENDRICKS|LINCOLN12,4,1.000000000000,Hendricks,063
HENDRICKS|LINCOLN13,4,1.000000000000,Hendricks,063
HENDRICKS|LINCOLN14,4,1.000000000000,Hendricks,063
HENDRICKS|LINCOLN15,4,1.000000000000,Hendricks,063
HENDRICKS|LINCOLN16,4,1.000000000000,Hendricks,063
HENDRICKS|LINCOLN17,4,1.000000000000,Hendricks,063
HENDRICKS|LINCOLN18,4,0.999888335238,Hendricks,063
HENDRICKS|LINCOLN18,7,0.000111664762,Hendricks,063
HENDRICKS|LINCOLN19,4,1.000000000000,Hendricks,063
HENDRICKS|LINCOLN2,4,1.000000000000,Hendricks,063
HENDRICKS|LINCOLN3,4,1.000000000000,Hendricks,063
HENDRICKS|LINCOLN4,4,1.000000000000,Hendricks,063
HENDRICKS|LINCOLN5,4,1.000000000000,Hendricks,063
HENDRICKS|LINCOLN6,4,1.000000000000,Hendricks,063
HENDRICKS|LINCOLN7,4,1.000000000000,Hendricks,063
HENDRICKS|LINCOLN8,4,1.000000000000,Hendricks,063
HENDRICKS|LINCOLN9,4,1.000000000000,Hendricks,063
HENDRICKS|MARION1,4,1.000000000000,Hendricks,063
HENDRICKS|MIDDLE1,4,1.000000000000,Hendricks,063
HENDRICKS|MIDDLE2,4,1.000000000000,Hendricks,063
HENDRICKS|MIDDLE3,4,1.000000000000,Hendricks,063
HENDRICKS|MIDDLE4,4,1.000000000000,Hendricks,063
HENDRICKS|UNION1,4,1.000000000000,Hendricks,063
HENDRICKS|UNION2,4,1.000000000000,Hendricks,063
HENDRICKS|WASHINGTON1,4,1.000000000000,Hendricks,063
HENDRICKS|WASHINGTON10,4,1.000000000000,Hendricks,063
HENDRICKS|WASHINGTON11,4,1.000000000000,Hendricks,063
HENDRICKS|WASHINGTON12,4,1.000000000000,Hendricks,063
HENDRICKS|WASHINGTON13,4,1.000000000000,Hendricks,063
HENDRICKS|WASHINGTON14,4,1.000000000000,Hendricks,063
HENDRICKS|WASHINGTON15,4,1.000000000000,Hendricks,063
HENDRICKS|WASHINGTON16,4,1.000000000000,Hendricks,063
HENDRICKS|WASHINGTON17,4,1.000000000000,Hendricks,063
HENDRICKS|WASHINGTON18,4,1.000000000000,Hendricks,063
HENDRICKS|WASHINGTON19,4,1.000000000000,Hendricks,063
HENDRICKS|WASHINGTON2,4,1.000000000000,Hendricks,063
HENDRICKS|WASHINGTON20,4,0.999963311129,Hendricks,063
HENDRICKS|WASHINGTON20,7,0.000036688871,Hendricks,063
HENDRICKS|WASHINGTON21,4,1.000000000000,Hendricks,063
HENDRICKS|WASHINGTON22,4,0.999936965446,Hendricks,063
HENDRICKS|WASHINGTON22,7,0.000063034554,Hendricks,063
HENDRICKS|WASHINGTON23,4,0.998854957026,Hendricks,063
HENDRICKS|WASHINGTON23,7,0.001145042974,Hendricks,063
HENDRICKS|WASHINGTON24,4,1.000000000000,Hendricks,063
HENDRICKS|WASHINGTON25,4,1.000000000000,Hendricks,063
HENDRICKS|WASHINGTON26,4,1.000000000000,Hendricks,063
HENDRICKS|WASHINGTON27,4,1.000000000000,Hendricks,063
HENDRICKS|WASHINGTON28,4,0.999997600744,Hendricks,063
HENDRICKS|WASHINGTON28,7,0.000002399256,Hendricks,063
HENDRICKS|WASHINGTON3,4,0.999606714092,Hendricks,063
HENDRICKS|WASHINGTON3,7,0.000393285908,Hendricks,063
HENDRICKS|WASHINGTON4,4,0.999976041037,Hendricks,063
HENDRICKS|WASHINGTON4,7,0.000023958963,Hendricks,063
HENDRICKS|WASHINGTON5,4,0.999999408506,Hendricks,063
HENDRICKS|WASHINGTON5,7,0.000000591494,Hendricks,063
HENDRICKS|WASHINGTON6,4,0.999821296027,Hendricks,063
HENDRICKS|WASHINGTON6,7,0.000178703973,Hendricks,063
HENDRICKS|WASHINGTON7,4,1.000000000000,Hendricks,063
HENDRICKS|WASHINGTON8,4,1.000000000000,Hendricks,063
HENDRICKS|WASHINGTON9,4,1.000000000000,Hendricks,063
HENRY|BLUERIVER,6,1.000000000000,Henry,065
HENRY|DUDLEY,6,1.000000000000,Henry,065
HENRY|FALLCREEK1,5,0.000803107441,Henry,065
HENRY|FALLCREEK1,6,0.999196892559,Henry,065
HENRY|FALLCREEK2,5,0.000036296122,Henry,065
HENRY|FALLCREEK2,6,0.999963703878,Henry,065
HENRY|FALLCREEK3,5,0.000011160784,Henry,065
HENRY|FALLCREEK3,6,0.999988839216,Henry,065
HENRY|FALLCREEK4,5,0.000059155466,Henry,065
HENRY|FALLCREEK4,6,0.999940844534,Henry,065
HENRY|FRANKLIN,6,1.000000000000,Henry,065
HENRY|GREENSBORO,6,1.000000000000,Henry,065
HENRY|HARRISON,5,0.000000690488,Henry,065
HENRY|HARRISON,6,0.999999309512,Henry,065
HENRY|HENRY1,6,1.000000000000,Henry,065
HENRY|HENRY10,6,1.000000000000,Henry,065
HENRY|HENRY11,6,1.000000000000,Henry,065
HENRY|HENRY12,6,1.000000000000,Henry,065
HENRY|HENRY13,6,1.000000000000,Henry,065
HENRY|HENRY14,6,1.000000000000,Henry,065
HENRY|HENRY15,6,1.000000000000,Henry,065
HENRY|HENRY16,6,1.000000000000,Henry,065
HENRY|HENRY17,6,1.000000000000,Henry,065
HENRY|HENRY18,6,1.000000000000,Henry,065
HENRY|HENRY19,6,1.000000000000,Henry,065
HENRY|HENRY2,6,1.000000000000,Henry,065
HENRY|HENRY20,6,1.000000000000,Henry,065
HENRY|HENRY3,6,1.000000000000,Henry,065
HENRY|HENRY4,6,1.000000000000,Henry,065
HENRY|HENRY5,6,1.000000000000,Henry,065
HENRY|HENRY6,6,1.000000000000,Henry,065
HENRY|HENRY7,6,1.000000000000,Henry,065
HENRY|HENRY8,6,1.000000000000,Henry,065
HENRY|HENRY9,6,1.000000000000,Henry,065
HENRY|JEFFERSON,5,0.000013472318,Henry,065
HENRY|JEFFERSON,6,0.999986527682,Henry,065
HENRY|LIBERTY1,6,1.000000000000,Henry,065
HENRY|LIBERTY2,6,1.000000000000,Henry,065
HENRY|PRAIRIE1,5,0.000060389347,Henry,065
HENRY|PRAIRIE1,6,0.999939610653,Henry,065
HENRY|PRAIRIE2,6,1.000000000000,Henry,065
HENRY|PRAIRIE3,6,1.000000000000,Henry,065
HENRY|SPICELAND1,6,1.000000000000,Henry,065
HENRY|SPICELAND2,6,1.000000000000,Henry,065
HENRY|STONEYCREEK,5,0.000045190479,Henry,065
HENRY|STONEYCREEK,6,0.999954809521,Henry,065
HENRY|WAYNE1,6,1.000000000000,Henry,065
HENRY|WAYNE2,6,1.000000000000,Henry,065
HENRY|WAYNE3,6,1.000000000000,Henry,065
HOWARD|101,5,1.000000000000,Howard,067
HOWARD|102,5,1.000000000000,Howard,067
HOWARD|103,5,1.000000000000,Howard,067
HOWARD|104,5,1.000000000000,Howard,067
HOWARD|105,5,1.000000000000,Howard,067
HOWARD|106,5,1.000000000000,Howard,067
HOWARD|107,5,1.000000000000,Howard,067
HOWARD|108,5,1.000000000000,Howard,067
HOWARD|109,5,1.000000000000,Howard,067
HOWARD|110,5,1.000000000000,Howard,067
HOWARD|201,5,1.000000000000,Howard,067
HOWARD|202,5,1.000000000000,Howard,067
HOWARD|203,5,1.000000000000,Howard,067
HOWARD|204,5,1.000000000000,Howard,067
HOWARD|205,5,1.000000000000,Howard,067
HOWARD|206,5,1.000000000000,Howard,067
HOWARD|207,5,1.000000000000,Howard,067
HOWARD|301,5,1.000000000000,Howard,067
HOWARD|302,5,1.000000000000,Howard,067
HOWARD|303,5,1.000000000000,Howard,067
HOWARD|304,5,1.000000000000,Howard,067
HOWARD|305,5,1.000000000000,Howard,067
HOWARD|306,5,1.000000000000,Howard,067
HOWARD|401,5,1.000000000000,Howard,067
HOWARD|402,5,1.000000000000,Howard,067
HOWARD|403,5,1.000000000000,Howard,067
HOWARD|404,5,1.000000000000,Howard,067
HOWARD|405,5,1.000000000000,Howard,067
HOWARD|406,5,1.000000000000,Howard,067
HOWARD|501,5,1.000000000000,Howard,067
HOWARD|502,5,1.000000000000,Howard,067
HOWARD|503,5,1.000000000000,Howard,067
HOWARD|601,5,1.000000000000,Howard,067
HOWARD|602,5,1.000000000000,Howard,067
HOWARD|603,5,1.000000000000,Howard,067
HOWARD|604,5,1.000000000000,Howard,067
HOWARD|605,5,1.000000000000,Howard,067
HOWARD|CENTERA,5,1.000000000000,Howard,067
HOWARD|CENTERB,5,1.000000000000,Howard,067
HOWARD|CENTERC,5,1.000000000000,Howard,067
HOWARD|CLAY1,5,1.000000000000,Howard,067
HOWARD|CLAY2,5,1.000000000000,Howard,067
HOWARD|CLAYA,2,0.000004854996,Howard,067
HOWARD|CLAYA,5,0.999995145004,Howard,067
HOWARD|CLAYB,2,0.000009766788,Howard,067
HOWARD|CLAYB,5,0.999990233212,Howard,067
HOWARD|CLAYC,5,1.000000000000,Howard,067
HOWARD|ERVINA,2,0.000033907103,Howard,067
HOWARD|ERVINA,4,0.000123985567,Howard,067
HOWARD|ERVINA,5,0.999842107330,Howard,067
HOWARD|ERVINB,4,0.000036704022,Howard,067
HOWARD|ERVINB,5,0.999963295978,Howard,067
HOWARD|HARRISON1,5,1.000000000000,Howard,067
HOWARD|HARRISON2,5,1.000000000000,Howard,067
HOWARD|HARRISONA,5,1.000000000000,Howard,067
HOWARD|HARRISONB,5,1.000000000000,Howard,067
HOWARD|HARRISONC,5,1.000000000000,Howard,067
HOWARD|HONEYCREEKA,4,0.781616549972,Howard,067
HOWARD|HONEYCREEKA,5,0.218383450028,Howard,067
HOWARD|HONEYCREEKB,4,0.592854808243,Howard,067
HOWARD|HONEYCREEKB,5,0.407145191757,Howard,067
HOWARD|HOWARD1,5,1.000000000000,Howard,067
HOWARD|HOWARDA,5,1.000000000000,Howard,067
HOWARD|HOWARDB,2,0.000041073911,Howard,067
HOWARD|HOWARDB,5,0.999958926089,Howard,067
HOWARD|JACKSON,2,0.000054502835,Howard,067
HOWARD|JACKSON,5,0.999945497165,Howard,067
HOWARD|LIBERTYA,2,0.000002063015,Howard,067
HOWARD|LIBERTYA,5,0.999997936985,Howard,067
HOWARD|LIBERTYB,5,1.000000000000,Howard,067
HOWARD|LIBERTYC,5,1.000000000000,Howard,067
HOWARD|LIBERTYD,5,1.000000000000,Howard,067
HOWARD|MONROE,4,0.000017761515,Howard,067
HOWARD|MONROE,5,0.999982238485,Howard,067
HOWARD|TAYLOR1,5,1.000000000000,Howard,067
HOWARD|TAYLOR2,5,1.000000000000,Howard,067
HOWARD|TAYLOR3,5,1.000000000000,Howard,067
HOWARD|TAYLOR4,5,1.000000000000,Howard,067
HOWARD|TAYLORA,5,1.000000000000,Howard,067
HOWARD|TAYLORB,5,1.000000000000,Howard,067
HOWARD|TAYLORC,5,1.000000000000,Howard,067
HOWARD|UNION,5,1.000000000000,Howard,067
HUNTINGTON|CLEARCREEK1,3,1.000000000000,Huntington,069
HUNTINGTON|CLEARCREEK2,3,1.000000000000,Huntington,069
HUNTINGTON|DALLAS1,2,0.000070095900,Huntington,069
HUNTINGTON|DALLAS1,3,0.999929904100,Huntington,069
HUNTINGTON|DALLAS2,3,1.000000000000,Huntington,069
HUNTINGTON|HUNTINGTON01A,3,1.000000000000,Huntington,069
HUNTINGTON|HUNTINGTON02A,3,1.000000000000,Huntington,069
HUNTINGTON|HUNTINGTON05A,3,1.000000000000,Huntington,069
HUNTINGTON|HUNTINGTON06A,3,1.000000000000,Huntington,069
HUNTINGTON|HUNTINGTON07A,3,1.000000000000,Huntington,069
HUNTINGTON|HUNTINGTON1,3,1.000000000000,Huntington,069
HUNTINGTON|HUNTINGTON10,3,1.000000000000,Huntington,069
HUNTINGTON|HUNTINGTON11,3,1.000000000000,Huntington,069
HUNTINGTON|HUNTINGTON11A,3,1.000000000000,Huntington,069
HUNTINGTON|HUNTINGTON12,3,1.000000000000,Huntington,069
HUNTINGTON|HUNTINGTON12A,3,1.000000000000,Huntington,069
HUNTINGTON|HUNTINGTON13NV,3,1.000000000000,Huntington,069
HUNTINGTON|HUNTINGTON2,3,1.000000000000,Huntington,069
HUNTINGTON|HUNTINGTON3,3,1.000000000000,Huntington,069
HUNTINGTON|HUNTINGTON4,3,1.000000000000,Huntington,069
HUNTINGTON|HUNTINGTON5,3,1.000000000000,Huntington,069
HUNTINGTON|HUNTINGTON6,3,1.000000000000,Huntington,069
HUNTINGTON|HUNTINGTON7,3,1.000000000000,Huntington,069
HUNTINGTON|HUNTINGTON8,3,1.000000000000,Huntington,069
HUNTINGTON|HUNTINGTON9,3,1.000000000000,Huntington,069
HUNTINGTON|JACKSON1,3,1.000000000000,Huntington,069
HUNTINGTON|JACKSON2,3,1.000000000000,Huntington,069
HUNTINGTON|JACKSON3,3,1.000000000000,Huntington,069
HUNTINGTON|JACKSON4,3,1.000000000000,Huntington,069
HUNTINGTON|JEFFERSON,3,0.999928111745,Huntington,069
HUNTINGTON|JEFFERSON,5,0.000071888255,Huntington,069
HUNTINGTON|LANCASTER,3,1.000000000000,Huntington,069
HUNTINGTON|POLK,2,0.000001434152,Huntington,069
HUNTINGTON|POLK,3,0.999998565848,Huntington,069
HUNTINGTON|ROCKCREEK,3,1.000000000000,Huntington,069
HUNTINGTON|SALAMONIE1,3,1.000000000000,Huntington,069
HUNTINGTON|SALAMONIE2,3,1.000000000000,Huntington,069
HUNTINGTON|UNION,3,1.000000000000,Huntington,069
HUNTINGTON|WARREN,2,0.000089016235,Huntington,069
HUNTINGTON|WARREN,3,0.999910983765,Huntington,069
HUNTINGTON|WAYNE,2,0.000003411720,Huntington,069
HUNTINGTON|WAYNE,3,0.999927709115,Huntington,069
HUNTINGTON|WAYNE,5,0.000068879166,Huntington,069
JACKSON|BROWNSTOWN1,9,1.000000000000,Jackson,071
JACKSON|BROWNSTOWN2,9,1.000000000000,Jackson,071
JACKSON|BROWNSTOWN4,9,1.000000000000,Jackson,071
JACKSON|BROWNSTOWNTWPEAST,9,1.000000000000,Jackson,071
JACKSON|BROWNSTOWNTWPWEST,9,1.000000000000,Jackson,071
JACKSON|CARR,9,1.000000000000,Jackson,071
JACKSON|DRIFTWOOD,9,1.000000000000,Jackson,071
JACKSON|GRASSYFORK,9,1.000000000000,Jackson,071
JACKSON|HAMILTON,9,1.000000000000,Jackson,071
JACKSON|JACKSON1EAST,9,1.000000000000,Jackson,071
JACKSON|JACKSON2EAST,9,1.000000000000,Jackson,071
JACKSON|JACKSON2WEST,9,1.000000000000,Jackson,071
JACKSON|JACKSON3NORTH,9,1.000000000000,Jackson,071
JACKSON|JACKSON3SOUTH,9,1.000000000000,Jackson,071
JACKSON|JACKSON4NORTH,9,1.000000000000,Jackson,071
JACKSON|JACKSON4SOUTH,9,1.000000000000,Jackson,071
JACKSON|JACKSON5EAST,9,1.000000000000,Jackson,071
JACKSON|JACKSON5NORTH,9,1.000000000000,Jackson,071
JACKSON|JACKSON6,9,1.000000000000,Jackson,071
JACKSON|JACKSON7,9,1.000000000000,Jackson,071
JACKSON|OWEN,9,1.000000000000,Jackson,071
JACKSON|PERSHING,9,1.000000000000,Jackson,071
JACKSON|REDDINGEAST,9,1.000000000000,Jackson,071
JACKSON|REDDINGSEYMOURCITY,9,1.000000000000,Jackson,071
JACKSON|REDDINGWEST,9,1.000000000000,Jackson,071
JACKSON|SALTCREEK,9,1.000000000000,Jackson,071
JACKSON|VERNONCROTHERSVILLE,9,1.000000000000,Jackson,071
JACKSON|VERNONNORTH,9,1.000000000000,Jackson,071
JACKSON|VERNONSOUTH,9,1.000000000000,Jackson,071
JACKSON|WASHINGTON,9,1.000000000000,Jackson,071
JASPER|BARKLEYNORTH,4,1.000000000000,Jasper,073
JASPER|BARKLEYSOUTH,4,1.000000000000,Jasper,073
JASPER|CARPENTEREAST,4,1.000000000000,Jasper,073
JASPER|CARPENTERWEST,4,1.000000000000,Jasper,073
JASPER|GILLIAM,2,0.000054641595,Jasper,073
JASPER|GILLIAM,4,0.999945358405,Jasper,073
JASPER|HANGINGGROVE,2,0.000044915720,Jasper,073
JASPER|HANGINGGROVE,4,0.999955084280,Jasper,073
JASPER|JORDAN,4,1.000000000000,Jasper,073
JASPER|KANKAKEE,1,0.000192797880,Jasper,073
JASPER|KANKAKEE,2,0.000073347172,Jasper,073
JASPER|KANKAKEE,4,0.999733854948,Jasper,073
JASPER|KEENER1,4,1.000000000000,Jasper,073
JASPER|KEENER2,1,0.000023874793,Jasper,073
JASPER|KEENER2,4,0.999976125207,Jasper,073
JASPER|KEENER3,4,1.000000000000,Jasper,073
JASPER|KEENER4,4,1.000000000000,Jasper,073
JASPER|KEENER5,4,1.000000000000,Jasper,073
JASPER|MARION1,4,1.000000000000,Jasper,073
JASPER|MARION2,4,1.000000000000,Jasper,073
JASPER|MARION3,4,1.000000000000,Jasper,073
JASPER|MARION4,4,1.000000000000,Jasper,073
JASPER|MARION5,4,1.000000000000,Jasper,073
JASPER|MARION6,4,1.000000000000,Jasper,073
JASPER|MARION7,4,1.000000000000,Jasper,073
JASPER|MILROY,4,1.000000000000,Jasper,073
JASPER|NEWTON,4,1.000000000000,Jasper,073
JASPER|UNIONNORTH,4,1.000000000000,Jasper,073
JASPER|UNIONSOUTH,4,1.000000000000,Jasper,073
JASPER|WALKEREAST,2,0.000059869213,Jasper,073
JASPER|WALKEREAST,4,0.999940130787,Jasper,073
JASPER|WALKERWEST,4,1.000000000000,Jasper,073
JASPER|WHEATFIELDEAST,1,0.000137989844,Jasper,073
JASPER|WHEATFIELDEAST,4,0.999862010156,Jasper,073
JASPER|WHEATFIELDWEST1,1,0.000008939247,Jasper,073
JASPER|WHEATFIELDWEST1,4,0.999991060753,Jasper,073
JASPER|WHEATFIELDWEST2,4,1.000000000000,Jasper,073
JAY|BEARCREEK,3,1.000000000000,Jay,075
JAY|DUNKIRK1,3,0.999963860994,Jay,075
JAY|DUNKIRK1,5,0.000036139006,Jay,075
JAY|DUNKIRK3,3,1.000000000000,Jay,075
JAY|GREENE,3,1.000000000000,Jay,075
JAY|JACKSON,3,1.000000000000,Jay,075
JAY|JEFFERSON,3,1.000000000000,Jay,075
JAY|KNOX,3,1.000000000000,Jay,075
JAY|MADISON,3,1.000000000000,Jay,075
JAY|NOBLE,3,1.000000000000,Jay,075
JAY|PENN,3,1.000000000000,Jay,075
JAY|PIKE,3,1.000000000000,Jay,075
JAY|REDKEY,3,0.999999997874,Jay,075
JAY|REDKEY,5,0.000000002126,Jay,075
JAY|WABASH,3,1.000000000000,Jay,075
JAY|WAYNE1,3,1.000000000000,Jay,075
JAY|WAYNE2,3,1.000000000000,Jay,075
JAY|WAYNE3,3,1.000000000000,Jay,075
JAY|WAYNE4,3,1.000000000000,Jay,075
JAY|WAYNE7,3,1.000000000000,Jay,075
JEFFERSON|GRAHAMTWP,9,1.000000000000,Jefferson,077
JEFFERSON|HANOVERTWP02A,9,1.000000000000,Jefferson,077
JEFFERSON|HANOVERTWP1,9,1.000000000000,Jefferson,077
JEFFERSON|HANOVERTWP2,9,1.000000000000,Jefferson,077
JEFFERSON|HANOVERTWP3,9,1.000000000000,Jefferson,077
JEFFERSON|LANCASTERTWP,9,1.000000000000,Jefferson,077
JEFFERSON|MADISON11,9,1.000000000000,Jefferson,077
JEFFERSON|MADISON12,9,1.000000000000,Jefferson,077
JEFFERSON|MADISON21,9,1.000000000000,Jefferson,077
JEFFERSON|MADISON22,9,1.000000000000,Jefferson,077
JEFFERSON|MADISON401A,9,1.000000000000,Jefferson,077
JEFFERSON|MADISON41,9,1.000000000000,Jefferson,077
JEFFERSON|MADISON42,9,1.000000000000,Jefferson,077
JEFFERSON|MADISON43,9,1.000000000000,Jefferson,077
JEFFERSON|MADISON51,9,1.000000000000,Jefferson,077
JEFFERSON|MADISON52,9,1.000000000000,Jefferson,077
JEFFERSON|MADISONTWP1,9,1.000000000000,Jefferson,077
JEFFERSON|MADISONTWP2,9,1.000000000000,Jefferson,077
JEFFERSON|MADISONTWP3,9,1.000000000000,Jefferson,077
JEFFERSON|MILTONTWP,9,1.000000000000,Jefferson,077
JEFFERSON|MONROETWP,9,1.000000000000,Jefferson,077
JEFFERSON|REPUBLICANTWP,9,1.000000000000,Jefferson,077
JEFFERSON|SALUDATWP,9,1.000000000000,Jefferson,077
JEFFERSON|SHELBYTWP,9,1.000000000000,Jefferson,077
JEFFERSON|SMYRNA,9,1.000000000000,Jefferson,077
JEFFERSON|WARD3,9,1.000000000000,Jefferson,077
JENNINGS|BIGGER,9,1.000000000000,Jennings,079
JENNINGS|CAMPBELL,9,1.000000000000,Jennings,079
JENNINGS|CENTEREAST,9,1.000000000000,Jennings,079
JENNINGS|CENTERWEST,9,1.000000000000,Jennings,079
JENNINGS|COLUMBIA,9,1.000000000000,Jennings,079
JENNINGS|GENEVA1EAST,9,1.000000000000,Jennings,079
JENNINGS|GENEVA1WEST,9,1.000000000000,Jennings,079
JENNINGS|GENEVA2,6,0.000011784576,Jennings,079
JENNINGS|GENEVA2,9,0.999988215424,Jennings,079
JENNINGS|GENEVA3,6,0.000084675537,Jennings,079
JENNINGS|GENEVA3,9,0.999915324463,Jennings,079
JENNINGS|LOVETT,9,1.000000000000,Jennings,079
JENNINGS|MARION,9,1.000000000000,Jennings,079
JENNINGS|MONTGOMERY,9,1.000000000000,Jennings,079
JENNINGS|NORTHVERNON01A,9,1.000000000000,Jennings,079
JENNINGS|NORTHVERNON01B,9,1.000000000000,Jennings,079
JENNINGS|NORTHVERNON02A,9,1.000000000000,Jennings,079
JENNINGS|NORTHVERNON02B,9,1.000000000000,Jennings,079
JENNINGS|NORTHVERNON03A,9,1.000000000000,Jennings,079
JENNINGS|NORTHVERNON03B,9,1.000000000000,Jennings,079
JENNINGS|NORTHVERNON04A,9,1.000000000000,Jennings,079
JENNINGS|NORTHVERNON04B,9,1.000000000000,Jennings,079
JENNINGS|SANDCREEK,9,1.000000000000,Jennings,079
JENNINGS|SPENCERNORTH,9,1.000000000000,Jennings,079
JENNINGS|SPENCERSOUTH,9,1.000000000000,Jennings,079
JENNINGS|VERNONEAST,9,1.000000000000,Jennings,079
JENNINGS|VERNONWEST,9,1.000000000000,Jennings,079
JOHNSON|BLUERIVER1,6,1.000000000000,Johnson,081
JOHNSON|BLUERIVER2,6,1.000000000000,Johnson,081
JOHNSON|BLUERIVER3,6,1.000000000000,Johnson,081
JOHNSON|BLUERIVER4,6,1.000000000000,Johnson,081
JOHNSON|BLUERIVER5,6,1.000000000000,Johnson,081
JOHNSON|CLARK1,6,1.000000000000,Johnson,081
JOHNSON|CLARK2,6,1.000000000000,Johnson,081
JOHNSON|CLARK3,6,1.000000000000,Johnson,081
JOHNSON|FRANKLIN1,6,1.000000000000,Johnson,081
JOHNSON|FRANKLIN10,6,1.000000000000,Johnson,081
JOHNSON|FRANKLIN11,6,1.000000000000,Johnson,081
JOHNSON|FRANKLIN12,6,1.000000000000,Johnson,081
JOHNSON|FRANKLIN13,6,1.000000000000,Johnson,081
JOHNSON|FRANKLIN14,6,1.000000000000,Johnson,081
JOHNSON|FRANKLIN15,6,1.000000000000,Johnson,081
JOHNSON|FRANKLIN16,6,1.000000000000,Johnson,081
JOHNSON|FRANKLIN17,6,1.000000000000,Johnson,081
JOHNSON|FRANKLIN18,6,1.000000000000,Johnson,081
JOHNSON|FRANKLIN19,6,1.000000000000,Johnson,081
JOHNSON|FRANKLIN2,6,1.000000000000,Johnson,081
JOHNSON|FRANKLIN20,6,1.000000000000,Johnson,081
JOHNSON|FRANKLIN3,6,1.000000000000,Johnson,081
JOHNSON|FRANKLIN4,6,1.000000000000,Johnson,081
JOHNSON|FRANKLIN5,6,1.000000000000,Johnson,081
JOHNSON|FRANKLIN6,6,1.000000000000,Johnson,081
JOHNSON|FRANKLIN7,6,1.000000000000,Johnson,081
JOHNSON|FRANKLIN8,6,1.000000000000,Johnson,081
JOHNSON|FRANKLIN9,6,1.000000000000,Johnson,081
JOHNSON|HENSLEY1,4,0.000141119071,Johnson,081
JOHNSON|HENSLEY1,6,0.999858880929,Johnson,081
JOHNSON|HENSLEY2,4,0.000009633874,Johnson,081
JOHNSON|HENSLEY2,6,0.999951099273,Johnson,081
JOHNSON|HENSLEY2,9,0.000039266853,Johnson,081
JOHNSON|HENSLEY3,6,1.000000000000,Johnson,081
JOHNSON|HENSLEY3,9,0.000000000000,Johnson,081
JOHNSON|NEEDHAM1,6,1.000000000000,Johnson,081
JOHNSON|NEEDHAM2,6,1.000000000000,Johnson,081
JOHNSON|NEEDHAM3,6,1.000000000000,Johnson,081
JOHNSON|NEEDHAM4,6,1.000000000000,Johnson,081
JOHNSON|NEEDHAM5,6,1.000000000000,Johnson,081
JOHNSON|NINEVEH1,6,0.999999999048,Johnson,081
JOHNSON|NINEVEH1,9,0.000000000952,Johnson,081
JOHNSON|NINEVEH2,6,0.999998936952,Johnson,081
JOHNSON|NINEVEH2,9,0.000001063048,Johnson,081
JOHNSON|NINEVEH3,6,1.000000000000,Johnson,081
JOHNSON|NINEVEH4NV,6,1.000000000000,Johnson,081
JOHNSON|PLEASANT1,6,1.000000000000,Johnson,081
JOHNSON|PLEASANT10,6,1.000000000000,Johnson,081
JOHNSON|PLEASANT11,6,1.000000000000,Johnson,081
JOHNSON|PLEASANT12,6,1.000000000000,Johnson,081
JOHNSON|PLEASANT13,6,1.000000000000,Johnson,081
JOHNSON|PLEASANT14,6,1.000000000000,Johnson,081
JOHNSON|PLEASANT15,6,1.000000000000,Johnson,081
JOHNSON|PLEASANT16,6,1.000000000000,Johnson,081
JOHNSON|PLEASANT17,6,1.000000000000,Johnson,081
JOHNSON|PLEASANT18,6,1.000000000000,Johnson,081
JOHNSON|PLEASANT19,6,1.000000000000,Johnson,081
JOHNSON|PLEASANT2,6,1.000000000000,Johnson,081
JOHNSON|PLEASANT20,6,1.000000000000,Johnson,081
JOHNSON|PLEASANT21,6,1.000000000000,Johnson,081
JOHNSON|PLEASANT22,6,1.000000000000,Johnson,081
JOHNSON|PLEASANT23,6,1.000000000000,Johnson,081
JOHNSON|PLEASANT24,6,1.000000000000,Johnson,081
JOHNSON|PLEASANT25,6,1.000000000000,Johnson,081
JOHNSON|PLEASANT26,6,1.000000000000,Johnson,081
JOHNSON|PLEASANT27,6,1.000000000000,Johnson,081
JOHNSON|PLEASANT28,6,1.000000000000,Johnson,081
JOHNSON|PLEASANT29,6,1.000000000000,Johnson,081
JOHNSON|PLEASANT3,6,1.000000000000,Johnson,081
JOHNSON|PLEASANT30,6,1.000000000000,Johnson,081
JOHNSON|PLEASANT31,6,1.000000000000,Johnson,081
JOHNSON|PLEASANT32,6,1.000000000000,Johnson,081
JOHNSON|PLEASANT33,6,1.000000000000,Johnson,081
JOHNSON|PLEASANT34,6,1.000000000000,Johnson,081
JOHNSON|PLEASANT35,6,1.000000000000,Johnson,081
JOHNSON|PLEASANT36,6,1.000000000000,Johnson,081
JOHNSON|PLEASANT37,6,1.000000000000,Johnson,081
JOHNSON|PLEASANT38,6,1.000000000000,Johnson,081
JOHNSON|PLEASANT39,6,1.000000000000,Johnson,081
JOHNSON|PLEASANT4,6,1.000000000000,Johnson,081
JOHNSON|PLEASANT40,6,1.000000000000,Johnson,081
JOHNSON|PLEASANT41,6,1.000000000000,Johnson,081
JOHNSON|PLEASANT42,6,1.000000000000,Johnson,081
JOHNSON|PLEASANT43,6,1.000000000000,Johnson,081
JOHNSON|PLEASANT44,6,1.000000000000,Johnson,081
JOHNSON|PLEASANT45,6,1.000000000000,Johnson,081
JOHNSON|PLEASANT46,6,1.000000000000,Johnson,081
JOHNSON|PLEASANT47,6,1.000000000000,Johnson,081
JOHNSON|PLEASANT48,6,1.000000000000,Johnson,081
JOHNSON|PLEASANT49,6,1.000000000000,Johnson,081
JOHNSON|PLEASANT5,6,1.000000000000,Johnson,081
JOHNSON|PLEASANT6,6,1.000000000000,Johnson,081
JOHNSON|PLEASANT7,6,1.000000000000,Johnson,081
JOHNSON|PLEASANT8,6,1.000000000000,Johnson,081
JOHNSON|PLEASANT9,6,1.000000000000,Johnson,081
JOHNSON|UNION1,4,0.000061114594,Johnson,081
JOHNSON|UNION1,6,0.999938885406,Johnson,081
JOHNSON|UNION2,4,0.000009367366,Johnson,081
JOHNSON|UNION2,6,0.999990632634,Johnson,081
JOHNSON|UNION3,6,1.000000000000,Johnson,081
JOHNSON|WHITERIVER1,6,1.000000000000,Johnson,081
JOHNSON|WHITERIVER10,6,1.000000000000,Johnson,081
JOHNSON|WHITERIVER11,6,1.000000000000,Johnson,081
JOHNSON|WHITERIVER12,6,1.000000000000,Johnson,081
JOHNSON|WHITERIVER13,6,1.000000000000,Johnson,081
JOHNSON|WHITERIVER14,6,1.000000000000,Johnson,081
JOHNSON|WHITERIVER15,6,1.000000000000,Johnson,081
JOHNSON|WHITERIVER16,4,0.000000018991,Johnson,081
JOHNSON|WHITERIVER16,6,0.999999981009,Johnson,081
JOHNSON|WHITERIVER17,6,1.000000000000,Johnson,081
JOHNSON|WHITERIVER18,6,1.000000000000,Johnson,081
JOHNSON|WHITERIVER19,6,1.000000000000,Johnson,081
JOHNSON|WHITERIVER2,6,1.000000000000,Johnson,081
JOHNSON|WHITERIVER20,6,1.000000000000,Johnson,081
JOHNSON|WHITERIVER21,6,1.000000000000,Johnson,081
JOHNSON|WHITERIVER22,6,1.000000000000,Johnson,081
JOHNSON|WHITERIVER23,6,1.000000000000,Johnson,081
JOHNSON|WHITERIVER24,4,0.000152840472,Johnson,081
JOHNSON|WHITERIVER24,6,0.999847159528,Johnson,081
JOHNSON|WHITERIVER25,6,1.000000000000,Johnson,081
JOHNSON|WHITERIVER26,4,0.000000438509,Johnson,081
JOHNSON|WHITERIVER26,6,0.999999561491,Johnson,081
JOHNSON|WHITERIVER27,6,1.000000000000,Johnson,081
JOHNSON|WHITERIVER28,6,1.000000000000,Johnson,081
JOHNSON|WHITERIVER29,6,1.000000000000,Johnson,081
JOHNSON|WHITERIVER3,6,1.000000000000,Johnson,081
JOHNSON|WHITERIVER30,6,1.000000000000,Johnson,081
JOHNSON|WHITERIVER31,6,1.000000000000,Johnson,081
JOHNSON|WHITERIVER32,6,1.000000000000,Johnson,081
JOHNSON|WHITERIVER33,6,1.000000000000,Johnson,081
JOHNSON|WHITERIVER34,6,1.000000000000,Johnson,081
JOHNSON|WHITERIVER35,6,1.000000000000,Johnson,081
JOHNSON|WHITERIVER36,6,1.000000000000,Johnson,081
JOHNSON|WHITERIVER37,6,1.000000000000,Johnson,081
JOHNSON|WHITERIVER38,6,1.000000000000,Johnson,081
JOHNSON|WHITERIVER39,6,1.000000000000,Johnson,081
JOHNSON|WHITERIVER4,6,1.000000000000,Johnson,081
JOHNSON|WHITERIVER40,6,1.000000000000,Johnson,081
JOHNSON|WHITERIVER41,6,1.000000000000,Johnson,081
JOHNSON|WHITERIVER42,6,1.000000000000,Johnson,081
JOHNSON|WHITERIVER43,6,1.000000000000,Johnson,081
JOHNSON|WHITERIVER5,6,1.000000000000,Johnson,081
JOHNSON|WHITERIVER6,6,1.000000000000,Johnson,081
JOHNSON|WHITERIVER7,6,1.000000000000,Johnson,081
JOHNSON|WHITERIVER8,4,0.000524980103,Johnson,081
JOHNSON|WHITERIVER8,6,0.999475019897,Johnson,081
JOHNSON|WHITERIVER9,6,1.000000000000,Johnson,081
KNOX|BICKNELL1,8,1.000000000000,Knox,083
KNOX|BICKNELL2,8,1.000000000000,Knox,083
KNOX|BICKNELL3,8,1.000000000000,Knox,083
KNOX|BICKNELL4,8,1.000000000000,Knox,083
KNOX|BUSSERON,8,1.000000000000,Knox,083
KNOX|DECKER,8,1.000000000000,Knox,083
KNOX|HARRISON,8,1.000000000000,Knox,083
KNOX|JOHNSON,8,1.000000000000,Knox,083
KNOX|PALMYRA,8,1.000000000000,Knox,083
KNOX|STEEN,8,1.000000000000,Knox,083
KNOX|VIGO1,8,1.000000000000,Knox,083
KNOX|VIGO2,8,1.000000000000,Knox,083
KNOX|VIGO3,8,1.000000000000,Knox,083
KNOX|VINCENNESCITY1,8,1.000000000000,Knox,083
KNOX|VINCENNESCITY10,8,1.000000000000,Knox,083
KNOX|VINCENNESCITY11,8,1.000000000000,Knox,083
KNOX|VINCENNESCITY12,8,1.000000000000,Knox,083
KNOX|VINCENNESCITY2,8,1.000000000000,Knox,083
KNOX|VINCENNESCITY3,8,1.000000000000,Knox,083
KNOX|VINCENNESCITY4,8,1.000000000000,Knox,083
KNOX|VINCENNESCITY5,8,1.000000000000,Knox,083
KNOX|VINCENNESCITY6,8,1.000000000000,Knox,083
KNOX|VINCENNESCITY7,8,1.000000000000,Knox,083
KNOX|VINCENNESCITY8,8,1.000000000000,Knox,083
KNOX|VINCENNESCITY9,8,1.000000000000,Knox,083
KNOX|VINCENNESTWP1,8,1.000000000000,Knox,083
KNOX|VINCENNESTWP2,8,1.000000000000,Knox,083
KNOX|VINCENNESTWP3,8,1.000000000000,Knox,083
KNOX|VINCENNESTWP4,8,1.000000000000,Knox,083
KNOX|VINCENNESTWP5,8,1.000000000000,Knox,083
KNOX|WASHINGTON,8,1.000000000000,Knox,083
KNOX|WIDNER,8,1.000000000000,Knox,083
KOSCIUSKO|CLAY1,2,1.000000000000,Kosciusko,085
KOSCIUSKO|CLAY2,2,1.000000000000,Kosciusko,085
KOSCIUSKO|ETNA,2,1.000000000000,Kosciusko,085
KOSCIUSKO|FRANKLIN1,2,1.000000000000,Kosciusko,085
KOSCIUSKO|FRANKLIN2,2,1.000000000000,Kosciusko,085
KOSCIUSKO|HARRISON1,2,1.000000000000,Kosciusko,085
KOSCIUSKO|HARRISON2,2,1.000000000000,Kosciusko,085
KOSCIUSKO|HARRISON3,2,1.000000000000,Kosciusko,085
KOSCIUSKO|JACKSON1,2,0.999992088491,Kosciusko,085
KOSCIUSKO|JACKSON1,3,0.000007911509,Kosciusko,085
KOSCIUSKO|JACKSON2,2,0.999983165258,Kosciusko,085
KOSCIUSKO|JACKSON2,3,0.000016834742,Kosciusko,085
KOSCIUSKO|JEFFERSON1,2,1.000000000000,Kosciusko,085
KOSCIUSKO|JEFFERSON2,2,1.000000000000,Kosciusko,085
KOSCIUSKO|JEFFERSON3,2,1.000000000000,Kosciusko,085
KOSCIUSKO|LAKE1,2,1.000000000000,Kosciusko,085
KOSCIUSKO|LAKE2,2,1.000000000000,Kosciusko,085
KOSCIUSKO|MONROE,2,0.999980893972,Kosciusko,085
KOSCIUSKO|MONROE,3,0.000019106028,Kosciusko,085
KOSCIUSKO|PLAIN1,2,0.999939105383,Kosciusko,085
KOSCIUSKO|PLAIN1,3,0.000060894617,Kosciusko,085
KOSCIUSKO|PLAIN2,2,1.000000000000,Kosciusko,085
KOSCIUSKO|PLAIN3,2,1.000000000000,Kosciusko,085
KOSCIUSKO|PLAIN4,2,0.999965726086,Kosciusko,085
KOSCIUSKO|PLAIN4,3,0.000034273914,Kosciusko,085
KOSCIUSKO|PLAIN5CITYOFWARSAW,2,1.000000000000,Kosciusko,085
KOSCIUSKO|PLAIN6,2,1.000000000000,Kosciusko,085
KOSCIUSKO|PLAIN7,2,1.000000000000,Kosciusko,085
KOSCIUSKO|PRAIRIE1,2,1.000000000000,Kosciusko,085
KOSCIUSKO|PRAIRIE2,2,1.000000000000,Kosciusko,085
KOSCIUSKO|PRAIRIE2WARSAW,2,1.000000000000,Kosciusko,085
KOSCIUSKO|SCOTT,2,1.000000000000,Kosciusko,085
KOSCIUSKO|SEWARD1,2,1.000000000000,Kosciusko,085
KOSCIUSKO|SEWARD2,2,1.000000000000,Kosciusko,085
KOSCIUSKO|TIPPECANOE1,3,1.000000000000,Kosciusko,085
KOSCIUSKO|TIPPECANOE2,2,0.000117250297,Kosciusko,085
KOSCIUSKO|TIPPECANOE2,3,0.999882749703,Kosciusko,085
KOSCIUSKO|TIPPECANOE3,2,0.000155455031,Kosciusko,085
KOSCIUSKO|TIPPECANOE3,3,0.999844544969,Kosciusko,085
KOSCIUSKO|TIPPECANOE4,3,1.000000000000,Kosciusko,085
KOSCIUSKO|TURKEYCREEK1,2,0.000189864790,Kosciusko,085
KOSCIUSKO|TURKEYCREEK1,3,0.999810135210,Kosciusko,085
KOSCIUSKO|TURKEYCREEK2,3,1.000000000000,Kosciusko,085
KOSCIUSKO|TURKEYCREEK3,2,0.000012635506,Kosciusko,085
KOSCIUSKO|TURKEYCREEK3,3,0.999987364494,Kosciusko,085
KOSCIUSKO|TURKEYCREEK4,2,0.000609538722,Kosciusko,085
KOSCIUSKO|TURKEYCREEK4,3,0.999390461278,Kosciusko,085
KOSCIUSKO|TURKEYCREEK5,2,0.000083011745,Kosciusko,085
KOSCIUSKO|TURKEYCREEK5,3,0.999916988255,Kosciusko,085
KOSCIUSKO|TURKEYCREEK6,3,1.000000000000,Kosciusko,085
KOSCIUSKO|TURKEYCREEK7NV,3,1.000000000000,Kosciusko,085
KOSCIUSKO|VANBUREN1,2,0.999986881416,Kosciusko,085
KOSCIUSKO|VANBUREN1,3,0.000013118584,Kosciusko,085
KOSCIUSKO|VANBUREN2,2,1.000000000000,Kosciusko,085
KOSCIUSKO|VANBUREN3,2,0.999997042693,Kosciusko,085
KOSCIUSKO|VANBUREN3,3,0.000002957307,Kosciusko,085
KOSCIUSKO|WARD1PRECINCT1,2,1.000000000000,Kosciusko,085
KOSCIUSKO|WARD1PRECINCT2,2,1.000000000000,Kosciusko,085
KOSCIUSKO|WARD1PRECINCT3NV,2,1.000000000000,Kosciusko,085
KOSCIUSKO|WARD1PRECINCT4,2,1.000000000000,Kosciusko,085
KOSCIUSKO|WARD2PRECINCT1,2,1.000000000000,Kosciusko,085
KOSCIUSKO|WARD2PRECINCT2,2,1.000000000000,Kosciusko,085
KOSCIUSKO|WARD2PRECINCT3NV,2,1.000000000000,Kosciusko,085
KOSCIUSKO|WARD3PRECINCT1,2,1.000000000000,Kosciusko,085
KOSCIUSKO|WARD3PRECINCT2,2,1.000000000000,Kosciusko,085
KOSCIUSKO|WARD3PRECINCT3,2,1.000000000000,Kosciusko,085
KOSCIUSKO|WARD4PRECINCT1,2,1.000000000000,Kosciusko,085
KOSCIUSKO|WARD4PRECINCT2,2,1.000000000000,Kosciusko,085
KOSCIUSKO|WARD4PRECINCT3,2,1.000000000000,Kosciusko,085
KOSCIUSKO|WARD5PRECINCT1,2,1.000000000000,Kosciusko,085
KOSCIUSKO|WARD5PRECINCT2,2,1.000000000000,Kosciusko,085
KOSCIUSKO|WARD5PRECINCT3,2,1.000000000000,Kosciusko,085
KOSCIUSKO|WASHINGTON1,3,1.000000000000,Kosciusko,085
KOSCIUSKO|WASHINGTON2,2,0.000111796458,Kosciusko,085
KOSCIUSKO|WASHINGTON2,3,0.999888203542,Kosciusko,085
KOSCIUSKO|WASHINGTON3,2,0.000087886696,Kosciusko,085
KOSCIUSKO|WASHINGTON3,3,0.999912113304,Kosciusko,085
KOSCIUSKO|WAYNE1,2,1.000000000000,Kosciusko,085
KOSCIUSKO|WAYNE10,2,1.000000000000,Kosciusko,085
KOSCIUSKO|WAYNE11,2,1.000000000000,Kosciusko,085
KOSCIUSKO|WAYNE2,2,0.957187047709,Kosciusko,085
KOSCIUSKO|WAYNE2,3,0.042812952291,Kosciusko,085
KOSCIUSKO|WAYNE3,2,1.000000000000,Kosciusko,085
KOSCIUSKO|WAYNE4,2,1.000000000000,Kosciusko,085
KOSCIUSKO|WAYNE5,2,0.999774811990,Kosciusko,085
KOSCIUSKO|WAYNE5,3,0.000225188010,Kosciusko,085
KOSCIUSKO|WAYNE6,2,1.000000000000,Kosciusko,085
KOSCIUSKO|WAYNE7,2,1.000000000000,Kosciusko,085
KOSCIUSKO|WAYNE8,2,1.000000000000,Kosciusko,085
KOSCIUSKO|WAYNE9,2,1.000000000000,Kosciusko,085
LAGRANGE|BLOOMFIELDI,3,1.000000000000,LaGrange,087
LAGRANGE|BLOOMFIELDII,3,1.000000000000,LaGrange,087
LAGRANGE|BLOOMFIELDIII,3,1.000000000000,LaGrange,087
LAGRANGE|BLOOMFIELDIV,3,1.000000000000,LaGrange,087
LAGRANGE|CLAYTOWNSHIP,3,1.000000000000,LaGrange,087
LAGRANGE|CLEARSPRINGTOWNSHIP,3,1.000000000000,LaGrange,087
LAGRANGE|EDENTOWNSHIP,2,0.000069439709,LaGrange,087
LAGRANGE|EDENTOWNSHIP,3,0.999930560291,LaGrange,087
LAGRANGE|GREENFIELDTOWNSHIP,3,1.000000000000,LaGrange,087
LAGRANGE|JOHNSONNORTH,3,1.000000000000,LaGrange,087
LAGRANGE|JOHNSONSOUTH,3,1.000000000000,LaGrange,087
LAGRANGE|LIMATOWNSHIP,3,1.000000000000,LaGrange,087
LAGRANGE|MILFORDEAST,3,1.000000000000,LaGrange,087
LAGRANGE|MILFORDWEST,3,1.000000000000,LaGrange,087
LAGRANGE|NEWBURYTOWNSHIP,2,0.000023803268,LaGrange,087
LAGRANGE|NEWBURYTOWNSHIP,3,0.999976196732,LaGrange,087
LAGRANGE|SPRINGFIELDTOWNSHIP,3,1.000000000000,LaGrange,087
LAGRANGE|VANBURENTOWNSHIP,2,0.000023556852,LaGrange,087
LAGRANGE|VANBURENTOWNSHIP,3,0.999976443148,LaGrange,087
LAKE|CALUMETTOWNSHIPPRECINCT10,1,1.000000000000,Lake,089
LAKE|CALUMETTOWNSHIPPRECINCT12,1,1.000000000000,Lake,089
LAKE|CALUMETTOWNSHIPPRECINCT14,1,1.000000000000,Lake,089
LAKE|CALUMETTOWNSHIPPRECINCT5,1,1.000000000000,Lake,089
LAKE|CALUMETTOWNSHIPPRECINCT6,1,1.000000000000,Lake,089
LAKE|CEDARCREEKTOWNSHIPPRECINCT1,1,1.000000000000,Lake,089
LAKE|CEDARCREEKTOWNSHIPPRECINCT2,1,1.000000000000,Lake,089
LAKE|CEDARCREEKTOWNSHIPPRECINCT4,1,0.999917671823,Lake,089
LAKE|CEDARCREEKTOWNSHIPPRECINCT4,4,0.000082328177,Lake,089
LAKE|CEDARCREEKTOWNSHIPPRECINCT5,1,1.000000000000,Lake,089
LAKE|CEDARCREEKTOWNSHIPPRECINCT6,1,1.000000000000,Lake,089
LAKE|CEDARCREEKTOWNSHIPPRECINCT7,1,1.000000000000,Lake,089
LAKE|CEDARCREEKTOWNSHIPPRECINCT8,1,1.000000000000,Lake,089
LAKE|CEDARCREEKTOWNSHIPPRECINCT9,1,1.000000000000,Lake,089
LAKE|CEDARLAKEPRECINCT1,1,1.000000000000,Lake,089
LAKE|CEDARLAKEPRECINCT10,1,1.000000000000,Lake,089
LAKE|CEDARLAKEPRECINCT2,1,1.000000000000,Lake,089
LAKE|CEDARLAKEPRECINCT3,1,1.000000000000,Lake,089
LAKE|CEDARLAKEPRECINCT5,1,1.000000000000,Lake,089
LAKE|CEDARLAKEPRECINCT6,1,1.000000000000,Lake,089
LAKE|CEDARLAKEPRECINCT7,1,1.000000000000,Lake,089
LAKE|CEDARLAKEPRECINCT8,1,1.000000000000,Lake,089
LAKE|CEDARLAKEPRECINCT9,1,1.000000000000,Lake,089
LAKE|CENTERTOWNSHIPPRECINCT1,1,1.000000000000,Lake,089
LAKE|CENTERTOWNSHIPPRECINCT3,1,1.000000000000,Lake,089
LAKE|CENTERTOWNSHIPPRECINCT4,1,1.000000000000,Lake,089
LAKE|CENTERTOWNSHIPPRECINCT5,1,1.000000000000,Lake,089
LAKE|CENTERTOWNSHIPPRECINCT6,1,1.000000000000,Lake,089
LAKE|CROWNPOINTPRECINCT10,1,1.000000000000,Lake,089
LAKE|CROWNPOINTPRECINCT11,1,1.000000000000,Lake,089
LAKE|CROWNPOINTPRECINCT12,1,1.000000000000,Lake,089
LAKE|CROWNPOINTPRECINCT13,1,1.000000000000,Lake,089
LAKE|CROWNPOINTPRECINCT14,1,1.000000000000,Lake,089
LAKE|CROWNPOINTPRECINCT15,1,1.000000000000,Lake,089
LAKE|CROWNPOINTPRECINCT18,1,1.000000000000,Lake,089
LAKE|CROWNPOINTPRECINCT19,1,1.000000000000,Lake,089
LAKE|CROWNPOINTPRECINCT2,1,1.000000000000,Lake,089
LAKE|CROWNPOINTPRECINCT20,1,1.000000000000,Lake,089
LAKE|CROWNPOINTPRECINCT21,1,1.000000000000,Lake,089
LAKE|CROWNPOINTPRECINCT24,1,1.000000000000,Lake,089
LAKE|CROWNPOINTPRECINCT25,1,1.000000000000,Lake,089
LAKE|CROWNPOINTPRECINCT26,1,1.000000000000,Lake,089
LAKE|CROWNPOINTPRECINCT29,1,1.000000000000,Lake,089
LAKE|CROWNPOINTPRECINCT30,1,1.000000000000,Lake,089
LAKE|CROWNPOINTPRECINCT31,1,1.000000000000,Lake,089
LAKE|CROWNPOINTPRECINCT32,1,1.000000000000,Lake,089
LAKE|CROWNPOINTPRECINCT4,1,1.000000000000,Lake,089
LAKE|CROWNPOINTPRECINCT5,1,1.000000000000,Lake,089
LAKE|CROWNPOINTPRECINCT6,1,1.000000000000,Lake,089
LAKE|CROWNPOINTPRECINCT9,1,1.000000000000,Lake,089
LAKE|DYERPRECINCT1,1,1.000000000000,Lake,089
LAKE|DYERPRECINCT10,1,1.000000000000,Lake,089
LAKE|DYERPRECINCT11,1,1.000000000000,Lake,089
LAKE|DYERPRECINCT14,1,1.000000000000,Lake,089
LAKE|DYERPRECINCT2,1,1.000000000000,Lake,089
LAKE|DYERPRECINCT3,1,1.000000000000,Lake,089
LAKE|DYERPRECINCT4,1,1.000000000000,Lake,089
LAKE|DYERPRECINCT5,1,1.000000000000,Lake,089
LAKE|DYERPRECINCT6,1,1.000000000000,Lake,089
LAKE|DYERPRECINCT7,1,1.000000000000,Lake,089
LAKE|DYERPRECINCT8,1,1.000000000000,Lake,089
LAKE|DYERPRECINCT9,1,1.000000000000,Lake,089
LAKE|EAGLECREEKTOWNSHIPPRECINCT1,1,0.999984987470,Lake,089
LAKE|EAGLECREEKTOWNSHIPPRECINCT1,4,0.000015012530,Lake,089
LAKE|EASTCHICAGOPRECINCT11,1,1.000000000000,Lake,089
LAKE|EASTCHICAGOPRECINCT13,1,1.000000000000,Lake,089
LAKE|EASTCHICAGOPRECINCT17,1,1.000000000000,Lake,089
LAKE|EASTCHICAGOPRECINCT2,1,1.000000000000,Lake,089
LAKE|EASTCHICAGOPRECINCT22,1,1.000000000000,Lake,089
LAKE|EASTCHICAGOPRECINCT23,1,1.000000000000,Lake,089
LAKE|EASTCHICAGOPRECINCT24,1,1.000000000000,Lake,089
LAKE|EASTCHICAGOPRECINCT25,1,1.000000000000,Lake,089
LAKE|EASTCHICAGOPRECINCT28,1,1.000000000000,Lake,089
LAKE|EASTCHICAGOPRECINCT3,1,1.000000000000,Lake,089
LAKE|EASTCHICAGOPRECINCT31,1,1.000000000000,Lake,089
LAKE|EASTCHICAGOPRECINCT33,1,1.000000000000,Lake,089
LAKE|EASTCHICAGOPRECINCT35,1,1.000000000000,Lake,089
LAKE|EASTCHICAGOPRECINCT36,1,1.000000000000,Lake,089
LAKE|EASTCHICAGOPRECINCT5,1,1.000000000000,Lake,089
LAKE|EASTCHICAGOPRECINCT7,1,1.000000000000,Lake,089
LAKE|EASTCHICAGOPRECINCT8,1,1.000000000000,Lake,089
LAKE|GARYPRECINCT110,1,1.000000000000,Lake,089
LAKE|GARYPRECINCT116,1,1.000000000000,Lake,089
LAKE|GARYPRECINCT118,1,1.000000000000,Lake,089
LAKE|GARYPRECINCT120,1,1.000000000000,Lake,089
LAKE|GARYPRECINCT122,1,1.000000000000,Lake,089
LAKE|GARYPRECINCT124,1,1.000000000000,Lake,089
LAKE|GARYPRECINCT13,1,1.000000000000,Lake,089
LAKE|GARYPRECINCT18,1,1.000000000000,Lake,089
LAKE|GARYPRECINCT21,1,1.000000000000,Lake,089
LAKE|GARYPRECINCT210,1,1.000000000000,Lake,089
LAKE|GARYPRECINCT212,1,1.000000000000,Lake,089
LAKE|GARYPRECINCT217,1,1.000000000000,Lake,089
LAKE|GARYPRECINCT220,1,1.000000000000,Lake,089
LAKE|GARYPRECINCT221,1,1.000000000000,Lake,089
LAKE|GARYPRECINCT224,1,1.000000000000,Lake,089
LAKE|GARYPRECINCT23,1,1.000000000000,Lake,089
LAKE|GARYPRECINCT24,1,1.000000000000,Lake,089
LAKE|GARYPRECINCT311,1,1.000000000000,Lake,089
LAKE|GARYPRECINCT315,1,1.000000000000,Lake,089
LAKE|GARYPRECINCT316,1,1.000000000000,Lake,089
LAKE|GARYPRECINCT317,1,1.000000000000,Lake,089
LAKE|GARYPRECINCT319,1,1.000000000000,Lake,089
LAKE|GARYPRECINCT321,1,1.000000000000,Lake,089
LAKE|GARYPRECINCT326,1,1.000000000000,Lake,089
LAKE|GARYPRECINCT33,1,1.000000000000,Lake,089
LAKE|GARYPRECINCT410,1,1.000000000000,Lake,089
LAKE|GARYPRECINCT414,1,1.000000000000,Lake,089
LAKE|GARYPRECINCT416,1,1.000000000000,Lake,089
LAKE|GARYPRECINCT422,1,1.000000000000,Lake,089
LAKE|GARYPRECINCT423,1,1.000000000000,Lake,089
LAKE|GARYPRECINCT425,1,1.000000000000,Lake,089
LAKE|GARYPRECINCT428,1,1.000000000000,Lake,089
LAKE|GARYPRECINCT43,1,1.000000000000,Lake,089
LAKE|GARYPRECINCT45,1,1.000000000000,Lake,089
LAKE|GARYPRECINCT51,1,1.000000000000,Lake,089
LAKE|GARYPRECINCT513,1,1.000000000000,Lake,089
LAKE|GARYPRECINCT514,1,1.000000000000,Lake,089
LAKE|GARYPRECINCT516,1,1.000000000000,Lake,089
LAKE|GARYPRECINCT519,1,1.000000000000,Lake,089
LAKE|GARYPRECINCT52,1,1.000000000000,Lake,089
LAKE|GARYPRECINCT524NV,1,1.000000000000,Lake,089
LAKE|GARYPRECINCT53,1,1.000000000000,Lake,089
LAKE|GARYPRECINCT54,1,1.000000000000,Lake,089
LAKE|GARYPRECINCT56,1,1.000000000000,Lake,089
LAKE|GARYPRECINCT610,1,1.000000000000,Lake,089
LAKE|GARYPRECINCT612,1,1.000000000000,Lake,089
LAKE|GARYPRECINCT614,1,1.000000000000,Lake,089
LAKE|GARYPRECINCT616,1,1.000000000000,Lake,089
LAKE|GARYPRECINCT620,1,1.000000000000,Lake,089
LAKE|GARYPRECINCT64,1,1.000000000000,Lake,089
LAKE|GARYPRECINCT65,1,1.000000000000,Lake,089
LAKE|GARYPRECINCT67,1,1.000000000000,Lake,089
LAKE|GRIFFITHPRECINCT1,1,1.000000000000,Lake,089
LAKE|GRIFFITHPRECINCT10,1,1.000000000000,Lake,089
LAKE|GRIFFITHPRECINCT11,1,1.000000000000,Lake,089
LAKE|GRIFFITHPRECINCT12,1,1.000000000000,Lake,089
LAKE|GRIFFITHPRECINCT15,1,1.000000000000,Lake,089
LAKE|GRIFFITHPRECINCT16,1,1.000000000000,Lake,089
LAKE|GRIFFITHPRECINCT17,1,1.000000000000,Lake,089
LAKE|GRIFFITHPRECINCT18,1,1.000000000000,Lake,089
LAKE|GRIFFITHPRECINCT2,1,1.000000000000,Lake,089
LAKE|GRIFFITHPRECINCT3,1,1.000000000000,Lake,089
LAKE|GRIFFITHPRECINCT5,1,1.000000000000,Lake,089
LAKE|GRIFFITHPRECINCT6,1,1.000000000000,Lake,089
LAKE|GRIFFITHPRECINCT7,1,1.000000000000,Lake,089
LAKE|GRIFFITHPRECINCT9,1,1.000000000000,Lake,089
LAKE|HAMMONDPRECINCT11,1,1.000000000000,Lake,089
LAKE|HAMMONDPRECINCT110,1,1.000000000000,Lake,089
LAKE|HAMMONDPRECINCT112,1,1.000000000000,Lake,089
LAKE|HAMMONDPRECINCT116,1,1.000000000000,Lake,089
LAKE|HAMMONDPRECINCT13,1,1.000000000000,Lake,089
LAKE|HAMMONDPRECINCT15,1,1.000000000000,Lake,089
LAKE|HAMMONDPRECINCT17,1,1.000000000000,Lake,089
LAKE|HAMMONDPRECINCT18,1,1.000000000000,Lake,089
LAKE|HAMMONDPRECINCT211,1,1.000000000000,Lake,089
LAKE|HAMMONDPRECINCT212,1,1.000000000000,Lake,089
LAKE|HAMMONDPRECINCT214,1,1.000000000000,Lake,089
LAKE|HAMMONDPRECINCT23,1,1.000000000000,Lake,089
LAKE|HAMMONDPRECINCT25,1,1.000000000000,Lake,089
LAKE|HAMMONDPRECINCT26,1,1.000000000000,Lake,089
LAKE|HAMMONDPRECINCT311,1,1.000000000000,Lake,089
LAKE|HAMMONDPRECINCT316,1,1.000000000000,Lake,089
LAKE|HAMMONDPRECINCT33,1,1.000000000000,Lake,089
LAKE|HAMMONDPRECINCT34,1,1.000000000000,Lake,089
LAKE|HAMMONDPRECINCT35,1,1.000000000000,Lake,089
LAKE|HAMMONDPRECINCT37,1,1.000000000000,Lake,089
LAKE|HAMMONDPRECINCT39,1,1.000000000000,Lake,089
LAKE|HAMMONDPRECINCT411,1,1.000000000000,Lake,089
LAKE|HAMMONDPRECINCT412,1,1.000000000000,Lake,089
LAKE|HAMMONDPRECINCT414,1,1.000000000000,Lake,089
LAKE|HAMMONDPRECINCT418,1,1.000000000000,Lake,089
LAKE|HAMMONDPRECINCT45,1,1.000000000000,Lake,089
LAKE|HAMMONDPRECINCT46,1,1.000000000000,Lake,089
LAKE|HAMMONDPRECINCT47,1,1.000000000000,Lake,089
LAKE|HAMMONDPRECINCT49,1,1.000000000000,Lake,089
LAKE|HAMMONDPRECINCT512,1,1.000000000000,Lake,089
LAKE|HAMMONDPRECINCT513,1,1.000000000000,Lake,089
LAKE|HAMMONDPRECINCT514,1,1.000000000000,Lake,089
LAKE|HAMMONDPRECINCT515,1,1.000000000000,Lake,089
LAKE|HAMMONDPRECINCT517,1,1.000000000000,Lake,089
LAKE|HAMMONDPRECINCT54,1,1.000000000000,Lake,089
LAKE|HAMMONDPRECINCT58,1,1.000000000000,Lake,089
LAKE|HAMMONDPRECINCT61,1,1.000000000000,Lake,089
LAKE|HAMMONDPRECINCT610,1,1.000000000000,Lake,089
LAKE|HAMMONDPRECINCT612,1,1.000000000000,Lake,089
LAKE|HAMMONDPRECINCT613,1,1.000000000000,Lake,089
LAKE|HAMMONDPRECINCT615,1,1.000000000000,Lake,089
LAKE|HAMMONDPRECINCT64,1,1.000000000000,Lake,089
LAKE|HAMMONDPRECINCT65,1,1.000000000000,Lake,089
LAKE|HAMMONDPRECINCT67,1,1.000000000000,Lake,089
LAKE|HAMMONDPRECINCT68,1,1.000000000000,Lake,089
LAKE|HAMMONDPRECINCT69,1,1.000000000000,Lake,089
LAKE|HANOVERTOWNSHIPPRECINCT1,1,1.000000000000,Lake,089
LAKE|HANOVERTOWNSHIPPRECINCT2,1,1.000000000000,Lake,089
LAKE|HIGHLANDPRECINCT10,1,1.000000000000,Lake,089
LAKE|HIGHLANDPRECINCT11,1,1.000000000000,Lake,089
LAKE|HIGHLANDPRECINCT12,1,1.000000000000,Lake,089
LAKE|HIGHLANDPRECINCT15,1,1.000000000000,Lake,089
LAKE|HIGHLANDPRECINCT16,1,1.000000000000,Lake,089
LAKE|HIGHLANDPRECINCT19,1,1.000000000000,Lake,089
LAKE|HIGHLANDPRECINCT20,1,1.000000000000,Lake,089
LAKE|HIGHLANDPRECINCT21,1,1.000000000000,Lake,089
LAKE|HIGHLANDPRECINCT23,1,1.000000000000,Lake,089
LAKE|HIGHLANDPRECINCT24,1,1.000000000000,Lake,089
LAKE|HIGHLANDPRECINCT25,1,1.000000000000,Lake,089
LAKE|HIGHLANDPRECINCT26,1,1.000000000000,Lake,089
LAKE|HIGHLANDPRECINCT3,1,1.000000000000,Lake,089
LAKE|HIGHLANDPRECINCT4,1,1.000000000000,Lake,089
LAKE|HIGHLANDPRECINCT5,1,1.000000000000,Lake,089
LAKE|HIGHLANDPRECINCT6,1,1.000000000000,Lake,089
LAKE|HIGHLANDPRECINCT8,1,1.000000000000,Lake,089
LAKE|HIGHLANDPRECINCT9,1,1.000000000000,Lake,089
LAKE|HOBARTPRECINCT10,1,1.000000000000,Lake,089
LAKE|HOBARTPRECINCT11,1,1.000000000000,Lake,089
LAKE|HOBARTPRECINCT12,1,1.000000000000,Lake,089
LAKE|HOBARTPRECINCT15,1,1.000000000000,Lake,089
LAKE|HOBARTPRECINCT16,1,1.000000000000,Lake,089
LAKE|HOBARTPRECINCT19,1,1.000000000000,Lake,089
LAKE|HOBARTPRECINCT2,1,1.000000000000,Lake,089
LAKE|HOBARTPRECINCT20,1,1.000000000000,Lake,089
LAKE|HOBARTPRECINCT21,1,1.000000000000,Lake,089
LAKE|HOBARTPRECINCT22,1,1.000000000000,Lake,089
LAKE|HOBARTPRECINCT23,1,1.000000000000,Lake,089
LAKE|HOBARTPRECINCT24,1,1.000000000000,Lake,089
LAKE|HOBARTPRECINCT25,1,1.000000000000,Lake,089
LAKE|HOBARTPRECINCT27,1,1.000000000000,Lake,089
LAKE|HOBARTPRECINCT29,1,1.000000000000,Lake,089
LAKE|HOBARTPRECINCT3,1,1.000000000000,Lake,089
LAKE|HOBARTPRECINCT4,1,1.000000000000,Lake,089
LAKE|HOBARTPRECINCT5,1,1.000000000000,Lake,089
LAKE|HOBARTPRECINCT6,1,1.000000000000,Lake,089
LAKE|HOBARTPRECINCT7,1,1.000000000000,Lake,089
LAKE|HOBARTPRECINCT9,1,1.000000000000,Lake,089
LAKE|HOBARTTOWNSHIP5,1,1.000000000000,Lake,089
LAKE|HOBARTTOWNSHIP8,1,1.000000000000,Lake,089
LAKE|HOBARTTOWNSHIP9,1,1.000000000000,Lake,089
LAKE|LAKEMICHIGANNV,1,1.000000000000,Lake,089
LAKE|LAKESTATIONPRECINCT01A,1,1.000000000000,Lake,089
LAKE|LAKESTATIONPRECINCT05A,1,1.000000000000,Lake,089
LAKE|LAKESTATIONPRECINCT07A,1,1.000000000000,Lake,089
LAKE|LAKESTATIONPRECINCT08A,1,1.000000000000,Lake,089
LAKE|LAKESTATIONPRECINCT1,1,1.000000000000,Lake,089
LAKE|LAKESTATIONPRECINCT10,1,1.000000000000,Lake,089
LAKE|LAKESTATIONPRECINCT11,1,1.000000000000,Lake,089
LAKE|LAKESTATIONPRECINCT13,1,1.000000000000,Lake,089
LAKE|LAKESTATIONPRECINCT14NV,1,1.000000000000,Lake,089
LAKE|LAKESTATIONPRECINCT2,1,1.000000000000,Lake,089
LAKE|LAKESTATIONPRECINCT5,1,1.000000000000,Lake,089
LAKE|LAKESTATIONPRECINCT6,1,1.000000000000,Lake,089
LAKE|LAKESTATIONPRECINCT7,1,1.000000000000,Lake,089
LAKE|LAKESTATIONPRECINCT8,1,1.000000000000,Lake,089
LAKE|MERRILLVILLEPRECINCT1,1,1.000000000000,Lake,089
LAKE|MERRILLVILLEPRECINCT10,1,1.000000000000,Lake,089
LAKE|MERRILLVILLEPRECINCT11,1,1.000000000000,Lake,089
LAKE|MERRILLVILLEPRECINCT12,1,1.000000000000,Lake,089
LAKE|MERRILLVILLEPRECINCT13,1,1.000000000000,Lake,089
LAKE|MERRILLVILLEPRECINCT15,1,1.000000000000,Lake,089
LAKE|MERRILLVILLEPRECINCT16,1,1.000000000000,Lake,089
LAKE|MERRILLVILLEPRECINCT18,1,1.000000000000,Lake,089
LAKE|MERRILLVILLEPRECINCT19,1,1.000000000000,Lake,089
LAKE|MERRILLVILLEPRECINCT2,1,1.000000000000,Lake,089
LAKE|MERRILLVILLEPRECINCT21,1,1.000000000000,Lake,089
LAKE|MERRILLVILLEPRECINCT22,1,1.000000000000,Lake,089
LAKE|MERRILLVILLEPRECINCT23,1,1.000000000000,Lake,089
LAKE|MERRILLVILLEPRECINCT28,1,1.000000000000,Lake,089
LAKE|MERRILLVILLEPRECINCT29,1,1.000000000000,Lake,089
LAKE|MERRILLVILLEPRECINCT3,1,1.000000000000,Lake,089
LAKE|MERRILLVILLEPRECINCT30,1,1.000000000000,Lake,089
LAKE|MERRILLVILLEPRECINCT32,1,1.000000000000,Lake,089
LAKE|MERRILLVILLEPRECINCT33,1,1.000000000000,Lake,089
LAKE|MERRILLVILLEPRECINCT34,1,1.000000000000,Lake,089
LAKE|MERRILLVILLEPRECINCT4,1,1.000000000000,Lake,089
LAKE|MERRILLVILLEPRECINCT5,1,1.000000000000,Lake,089
LAKE|MERRILLVILLEPRECINCT7,1,1.000000000000,Lake,089
LAKE|MERRILLVILLEPRECINCT8,1,1.000000000000,Lake,089
LAKE|MERRILLVILLEPRECINCT9,1,1.000000000000,Lake,089
LAKE|MUNSTERPRECINCT1,1,1.000000000000,Lake,089
LAKE|MUNSTERPRECINCT11,1,1.000000000000,Lake,089
LAKE|MUNSTERPRECINCT12,1,1.000000000000,Lake,089
LAKE|MUNSTERPRECINCT13,1,1.000000000000,Lake,089
LAKE|MUNSTERPRECINCT14,1,1.000000000000,Lake,089
LAKE|MUNSTERPRECINCT15,1,1.000000000000,Lake,089
LAKE|MUNSTERPRECINCT16,1,1.000000000000,Lake,089
LAKE|MUNSTERPRECINCT18,1,1.000000000000,Lake,089
LAKE|MUNSTERPRECINCT19,1,1.000000000000,Lake,089
LAKE|MUNSTERPRECINCT2,1,1.000000000000,Lake,089
LAKE|MUNSTERPRECINCT20,1,1.000000000000,Lake,089
LAKE|MUNSTERPRECINCT21,1,1.000000000000,Lake,089
LAKE|MUNSTERPRECINCT22,1,1.000000000000,Lake,089
LAKE|MUNSTERPRECINCT24,1,1.000000000000,Lake,089
LAKE|MUNSTERPRECINCT25,1,1.000000000000,Lake,089
LAKE|MUNSTERPRECINCT4,1,1.000000000000,Lake,089
LAKE|MUNSTERPRECINCT5,1,1.000000000000,Lake,089
LAKE|MUNSTERPRECINCT6,1,1.000000000000,Lake,089
LAKE|MUNSTERPRECINCT8,1,1.000000000000,Lake,089
LAKE|MUNSTERPRECINCT9,1,1.000000000000,Lake,089
LAKE|ROSSTOWNSHIPPRECINCT20,1,1.000000000000,Lake,089
LAKE|SCHERERVILLEPRECINCT10,1,1.000000000000,Lake,089
LAKE|SCHERERVILLEPRECINCT13,1,1.000000000000,Lake,089
LAKE|SCHERERVILLEPRECINCT14,1,1.000000000000,Lake,089
LAKE|SCHERERVILLEPRECINCT15,1,1.000000000000,Lake,089
LAKE|SCHERERVILLEPRECINCT16,1,1.000000000000,Lake,089
LAKE|SCHERERVILLEPRECINCT17,1,1.000000000000,Lake,089
LAKE|SCHERERVILLEPRECINCT18,1,1.000000000000,Lake,089
LAKE|SCHERERVILLEPRECINCT19,1,1.000000000000,Lake,089
LAKE|SCHERERVILLEPRECINCT2,1,1.000000000000,Lake,089
LAKE|SCHERERVILLEPRECINCT20,1,1.000000000000,Lake,089
LAKE|SCHERERVILLEPRECINCT22,1,1.000000000000,Lake,089
LAKE|SCHERERVILLEPRECINCT24,1,1.000000000000,Lake,089
LAKE|SCHERERVILLEPRECINCT26,1,1.000000000000,Lake,089
LAKE|SCHERERVILLEPRECINCT27,1,1.000000000000,Lake,089
LAKE|SCHERERVILLEPRECINCT28,1,1.000000000000,Lake,089
LAKE|SCHERERVILLEPRECINCT32,1,1.000000000000,Lake,089
LAKE|SCHERERVILLEPRECINCT33,1,1.000000000000,Lake,089
LAKE|SCHERERVILLEPRECINCT4,1,1.000000000000,Lake,089
LAKE|SCHERERVILLEPRECINCT6,1,1.000000000000,Lake,089
LAKE|SCHERERVILLEPRECINCT7,1,1.000000000000,Lake,089
LAKE|SCHERERVILLEPRECINCT9,1,1.000000000000,Lake,089
LAKE|STJOHNTOWNPRECINCT1,1,1.000000000000,Lake,089
LAKE|STJOHNTOWNPRECINCT11,1,1.000000000000,Lake,089
LAKE|STJOHNTOWNPRECINCT12,1,1.000000000000,Lake,089
LAKE|STJOHNTOWNPRECINCT13,1,1.000000000000,Lake,089
LAKE|STJOHNTOWNPRECINCT14,1,1.000000000000,Lake,089
LAKE|STJOHNTOWNPRECINCT15,1,1.000000000000,Lake,089
LAKE|STJOHNTOWNPRECINCT16,1,1.000000000000,Lake,089
LAKE|STJOHNTOWNPRECINCT18NV,1,1.000000000000,Lake,089
LAKE|STJOHNTOWNPRECINCT2,1,1.000000000000,Lake,089
LAKE|STJOHNTOWNPRECINCT3,1,1.000000000000,Lake,089
LAKE|STJOHNTOWNPRECINCT4,1,1.000000000000,Lake,089
LAKE|STJOHNTOWNPRECINCT5,1,1.000000000000,Lake,089
LAKE|STJOHNTOWNPRECINCT6,1,1.000000000000,Lake,089
LAKE|STJOHNTOWNPRECINCT7,1,1.000000000000,Lake,089
LAKE|STJOHNTOWNPRECINCT8,1,1.000000000000,Lake,089
LAKE|STJOHNTOWNPRECINCT9,1,1.000000000000,Lake,089
LAKE|STJOHNTOWNSHIPPRECINCT1,1,1.000000000000,Lake,089
LAKE|STJOHNTOWNSHIPPRECINCT2,1,1.000000000000,Lake,089
LAKE|STJOHNTOWNSHIPPRECINCT3,1,1.000000000000,Lake,089
LAKE|STJOHNTOWNSHIPPRECINCT4,1,1.000000000000,Lake,089
LAKE|STJOHNTOWNSHIPPRECINCT5,1,1.000000000000,Lake,089
LAKE|STJOHNTOWNSHIPPRECINCT7,1,1.000000000000,Lake,089
LAKE|STJOHNTOWNSHIPPRECINCT8,1,1.000000000000,Lake,089
LAKE|STJOHNTOWNSHIPPRECINCT9,1,1.000000000000,Lake,089
LAKE|WESTCREEKTOWNSHIPPRECINCT01A,1,1.000000000000,Lake,089
LAKE|WESTCREEKTOWNSHIPPRECINCT2,1,0.999936077086,Lake,089
LAKE|WESTCREEKTOWNSHIPPRECINCT2,4,0.000063922914,Lake,089
LAKE|WESTCREEKTOWNSHIPPRECINCT3,1,1.000000000000,Lake,089
LAKE|WESTCREEKTOWNSHIPPRECINCT4,1,1.000000000000,Lake,089
LAKE|WESTCREEKTOWNSHIPPRECINCT6,1,1.000000000000,Lake,089
LAKE|WHITINGPRECINCT1,1,1.000000000000,Lake,089
LAKE|WHITINGPRECINCT3,1,1.000000000000,Lake,089
LAKE|WHITINGPRECINCT4,1,1.000000000000,Lake,089
LAKE|WINFIELDTOWNSHIPPRECINCT1,1,1.000000000000,Lake,089
LAKE|WINFIELDTOWNSHIPPRECINCT10,1,1.000000000000,Lake,089
LAKE|WINFIELDTOWNSHIPPRECINCT2,1,1.000000000000,Lake,089
LAKE|WINFIELDTOWNSHIPPRECINCT5,1,1.000000000000,Lake,089
LAKE|WINFIELDTOWNSHIPPRECINCT6,1,1.000000000000,Lake,089
LAKE|WINFIELDTOWNSHIPPRECINCT7,1,1.000000000000,Lake,089
LAKE|WINFIELDTOWNSHIPPRECINCT8,1,1.000000000000,Lake,089
LAKE|WINFIELDTOWNSHIPPRECINCT9,1,1.000000000000,Lake,089
LAPORTE|CASS,1,0.000019745465,LaPorte,091
LAPORTE|CASS,2,0.999980254535,LaPorte,091
LAPORTE|CENTER1,1,0.999997038824,LaPorte,091
LAPORTE|CENTER1,2,0.000002961176,LaPorte,091
LAPORTE|CENTER2,1,1.000000000000,LaPorte,091
LAPORTE|CENTER3,1,1.000000000000,LaPorte,091
LAPORTE|CENTER4,1,1.000000000000,LaPorte,091
LAPORTE|CENTER5,1,1.000000000000,LaPorte,091
LAPORTE|CLINTON,1,0.000062106670,LaPorte,091
LAPORTE|CLINTON,2,0.999937893330,LaPorte,091
LAPORTE|COOLSPRING1,1,1.000000000000,LaPorte,091
LAPORTE|COOLSPRING2,1,1.000000000000,LaPorte,091
LAPORTE|COOLSPRING3,1,1.000000000000,LaPorte,091
LAPORTE|COOLSPRING4,1,1.000000000000,LaPorte,091
LAPORTE|COOLSPRING5,1,1.000000000000,LaPorte,091
LAPORTE|DEWEY,1,0.000028138235,LaPorte,091
LAPORTE|DEWEY,2,0.999971861765,LaPorte,091
LAPORTE|DUNELANDBEACH,1,1.000000000000,LaPorte,091
LAPORTE|GALENA1,1,0.000093900315,LaPorte,091
LAPORTE|GALENA1,2,0.999906099685,LaPorte,091
LAPORTE|GALENA2,2,1.000000000000,LaPorte,091
LAPORTE|HANNA,2,1.000000000000,LaPorte,091
LAPORTE|HUDSON,2,1.000000000000,LaPorte,091
LAPORTE|JOHNSON,2,1.000000000000,LaPorte,091
LAPORTE|KANKAKEE1,1,0.000114053259,LaPorte,091
LAPORTE|KANKAKEE1,2,0.999885946741,LaPorte,091
LAPORTE|KANKAKEE2,2,1.000000000000,LaPorte,091
LAPORTE|KINGSBURY,2,1.000000000000,LaPorte,091
LAPORTE|KINGSFORDHEIGHTS,2,1.000000000000,LaPorte,091
LAPORTE|LACROSSE,2,1.000000000000,LaPorte,091
LAPORTE|LINCOLN,2,1.000000000000,LaPorte,091
LAPORTE|LONGBEACH,1,1.000000000000,LaPorte,091
LAPORTE|LP25,1,0.993794864216,LaPorte,091
LAPORTE|LP25,2,0.006205135784,LaPorte,091
LAPORTE|LP26,1,0.999435248194,LaPorte,091
LAPORTE|LP26,2,0.000564751806,LaPorte,091
LAPORTE|LP27,1,0.070924128142,LaPorte,091
LAPORTE|LP27,2,0.929075871858,LaPorte,091
LAPORTE|LP28,1,0.000007420007,LaPorte,091
LAPORTE|LP28,2,0.999992579993,LaPorte,091
LAPORTE|LP29,1,1.000000000000,LaPorte,091
LAPORTE|LP30,1,1.000000000000,LaPorte,091
LAPORTE|LP31,1,1.000000000000,LaPorte,091
LAPORTE|LP32,1,0.979739942416,LaPorte,091
LAPORTE|LP32,2,0.020260057584,LaPorte,091
LAPORTE|LP33,1,1.000000000000,LaPorte,091
LAPORTE|LP34,1,0.997622208321,LaPorte,091
LAPORTE|LP34,2,0.002377791679,LaPorte,091
LAPORTE|LP35,1,0.000032758944,LaPorte,091
LAPORTE|LP35,2,0.999967241056,LaPorte,091
LAPORTE|LP36,1,1.000000000000,LaPorte,091
LAPORTE|LP37,1,0.000686543625,LaPorte,091
LAPORTE|LP37,2,0.999313456375,LaPorte,091
LAPORTE|LP38,1,0.000196216271,LaPorte,091
LAPORTE|LP38,2,0.999803783729,LaPorte,091
LAPORTE|LP39,2,1.000000000000,LaPorte,091
LAPORTE|LP40,2,1.000000000000,LaPorte,091
LAPORTE|LP41,1,1.000000000000,LaPorte,091
LAPORTE|LP42,1,1.000000000000,LaPorte,091
LAPORTE|LP43,1,1.000000000000,LaPorte,091
LAPORTE|LP44,1,1.000000000000,LaPorte,091
LAPORTE|MC1,1,1.000000000000,LaPorte,091
LAPORTE|MC10,1,1.000000000000,LaPorte,091
LAPORTE|MC11,1,1.000000000000,LaPorte,091
LAPORTE|MC12,1,1.000000000000,LaPorte,091
LAPORTE|MC13,1,1.000000000000,LaPorte,091
LAPORTE|MC14,1,1.000000000000,LaPorte,091
LAPORTE|MC15,1,1.000000000000,LaPorte,091
LAPORTE|MC16,1,1.000000000000,LaPorte,091
LAPORTE|MC17,1,1.000000000000,LaPorte,091
LAPORTE|MC18,1,1.000000000000,LaPorte,091
LAPORTE|MC19,1,1.000000000000,LaPorte,091
LAPORTE|MC2,1,1.000000000000,LaPorte,091
LAPORTE|MC20,1,1.000000000000,LaPorte,091
LAPORTE|MC21,1,1.000000000000,LaPorte,091
LAPORTE|MC22,1,1.000000000000,LaPorte,091
LAPORTE|MC23,1,1.000000000000,LaPorte,091
LAPORTE|MC24NV,1,1.000000000000,LaPorte,091
LAPORTE|MC3,1,1.000000000000,LaPorte,091
LAPORTE|MC4,1,1.000000000000,LaPorte,091
LAPORTE|MC45,1,1.000000000000,LaPorte,091
LAPORTE|MC5,1,1.000000000000,LaPorte,091
LAPORTE|MC6,1,1.000000000000,LaPorte,091
LAPORTE|MC7,1,1.000000000000,LaPorte,091
LAPORTE|MC8,1,1.000000000000,LaPorte,091
LAPORTE|MC9,1,1.000000000000,LaPorte,091
LAPORTE|MICHIANASHORES1,1,1.000000000000,LaPorte,091
LAPORTE|MICHIANASHORES2,1,1.000000000000,LaPorte,091
LAPORTE|NEWDURHAM1,1,0.999969390422,LaPorte,091
LAPORTE|NEWDURHAM1,2,0.000030609578,LaPorte,091
LAPORTE|NEWDURHAM2,1,0.999916692376,LaPorte,091
LAPORTE|NEWDURHAM2,2,0.000083307624,LaPorte,091
LAPORTE|NOBLE,1,0.000018646269,LaPorte,091
LAPORTE|NOBLE,2,0.999981353731,LaPorte,091
LAPORTE|PLEASANT,1,0.000043253981,LaPorte,091
LAPORTE|PLEASANT,2,0.999956746019,LaPorte,091
LAPORTE|POTTAWATTAMIEPARK,1,1.000000000000,LaPorte,091
LAPORTE|PRAIRIE,2,1.000000000000,LaPorte,091
LAPORTE|SCIPIO1,1,0.999872537253,LaPorte,091
LAPORTE|SCIPIO1,2,0.000127462747,LaPorte,091
LAPORTE|SCIPIO2,1,1.000000000000,LaPorte,091
LAPORTE|SPRINGFIELD1,1,1.000000000000,LaPorte,091
LAPORTE|SPRINGFIELD2,1,0.999943797462,LaPorte,091
LAPORTE|SPRINGFIELD2,2,0.000056202538,LaPorte,091
LAPORTE|SPRINGFIELD3,1,1.000000000000,LaPorte,091
LAPORTE|TRAILCREEK1,1,1.000000000000,LaPorte,091
LAPORTE|TRAILCREEK2,1,1.000000000000,LaPorte,091
LAPORTE|UNION,2,1.000000000000,LaPorte,091
LAPORTE|WANATAH1,2,1.000000000000,LaPorte,091
LAPORTE|WANATAH2,2,1.000000000000,LaPorte,091
LAPORTE|WASHINGTON,1,0.000005748051,LaPorte,091
LAPORTE|WASHINGTON,2,0.999994251949,LaPorte,091
LAPORTE|WESTVILLE,1,0.999938326363,LaPorte,091
LAPORTE|WESTVILLE,2,0.000061673637,LaPorte,091
LAPORTE|WILLS,2,1.000000000000,LaPorte,091
LAWRENCE|BONO,8,0.000084104695,Lawrence,093
LAWRENCE|BONO,9,0.999915895305,Lawrence,093
LAWRENCE|GUTHRIE,9,1.000000000000,Lawrence,093
LAWRENCE|INDIANCREEKNORTH,8,0.000000416952,Lawrence,093
LAWRENCE|INDIANCREEKNORTH,9,0.999999583048,Lawrence,093
LAWRENCE|INDIANCREEKSOUTH,8,0.000011492623,Lawrence,093
LAWRENCE|INDIANCREEKSOUTH,9,0.999988507377,Lawrence,093
LAWRENCE|MARION05A,9,1.000000000000,Lawrence,093
LAWRENCE|MARION05B,9,1.000000000000,Lawrence,093
LAWRENCE|MARION05C,8,0.000013175366,Lawrence,093
LAWRENCE|MARION05C,9,0.999986824634,Lawrence,093
LAWRENCE|MARION1,9,1.000000000000,Lawrence,093
LAWRENCE|MARION2,9,1.000000000000,Lawrence,093
LAWRENCE|MARION3,9,1.000000000000,Lawrence,093
LAWRENCE|MARION4,9,1.000000000000,Lawrence,093
LAWRENCE|MARION6,8,0.000003854927,Lawrence,093
LAWRENCE|MARION6,9,0.999996145073,Lawrence,093
LAWRENCE|MARSHALL1,9,1.000000000000,Lawrence,093
LAWRENCE|MARSHALL2,9,1.000000000000,Lawrence,093
LAWRENCE|MARSHALL3,9,1.000000000000,Lawrence,093
LAWRENCE|PERRY,8,0.000004614445,Lawrence,093
LAWRENCE|PERRY,9,0.999995385555,Lawrence,093
LAWRENCE|PLEASANTRUN,9,1.000000000000,Lawrence,093
LAWRENCE|SHAWSWICK01A,9,1.000000000000,Lawrence,093
LAWRENCE|SHAWSWICK01B,9,1.000000000000,Lawrence,093
LAWRENCE|SHAWSWICK05A,9,1.000000000000,Lawrence,093
LAWRENCE|SHAWSWICK05B,9,1.000000000000,Lawrence,093
LAWRENCE|SHAWSWICK07A,9,1.000000000000,Lawrence,093
LAWRENCE|SHAWSWICK07B,9,1.000000000000,Lawrence,093
LAWRENCE|SHAWSWICK10,9,1.000000000000,Lawrence,093
LAWRENCE|SHAWSWICK11,9,1.000000000000,Lawrence,093
LAWRENCE|SHAWSWICK12,9,1.000000000000,Lawrence,093
LAWRENCE|SHAWSWICK13,9,1.000000000000,Lawrence,093
LAWRENCE|SHAWSWICK14A,9,1.000000000000,Lawrence,093
LAWRENCE|SHAWSWICK14B,9,1.000000000000,Lawrence,093
LAWRENCE|SHAWSWICK15A,9,1.000000000000,Lawrence,093
LAWRENCE|SHAWSWICK15B,9,1.000000000000,Lawrence,093
LAWRENCE|SHAWSWICK16,9,1.000000000000,Lawrence,093
LAWRENCE|SHAWSWICK2,9,1.000000000000,Lawrence,093
LAWRENCE|SHAWSWICK3,9,1.000000000000,Lawrence,093
LAWRENCE|SHAWSWICK4,9,1.000000000000,Lawrence,093
LAWRENCE|SHAWSWICK6,9,1.000000000000,Lawrence,093
LAWRENCE|SHAWSWICK8,9,1.000000000000,Lawrence,093
LAWRENCE|SHAWSWICK9,9,1.000000000000,Lawrence,093
LAWRENCE|SPICEVALLEYNORTH,8,0.000046274320,Lawrence,093
LAWRENCE|SPICEVALLEYNORTH,9,0.999953725680,Lawrence,093
LAWRENCE|SPICEVALLEYSOUTH,8,0.000047860680,Lawrence,093
LAWRENCE|SPICEVALLEYSOUTH,9,0.999952139320,Lawrence,093
MADISON|ADAMS1,5,1.000000000000,Madison,095
MADISON|ADAMS2,5,0.999935058113,Madison,095
MADISON|ADAMS2,6,0.000064941887,Madison,095
MADISON|ADAMS3,5,1.000000000000,Madison,095
MADISON|ADAMS4,5,0.999989295588,Madison,095
MADISON|ADAMS4,6,0.000010704412,Madison,095
MADISON|ANDERSON1,5,1.000000000000,Madison,095
MADISON|ANDERSON11,5,1.000000000000,Madison,095
MADISON|ANDERSON12,5,1.000000000000,Madison,095
MADISON|ANDERSON13,5,1.000000000000,Madison,095
MADISON|ANDERSON14,5,1.000000000000,Madison,095
MADISON|ANDERSON15,5,1.000000000000,Madison,095
MADISON|ANDERSON16,5,1.000000000000,Madison,095
MADISON|ANDERSON17,5,1.000000000000,Madison,095
MADISON|ANDERSON2,5,1.000000000000,Madison,095
MADISON|ANDERSON21,5,1.000000000000,Madison,095
MADISON|ANDERSON22,5,1.000000000000,Madison,095
MADISON|ANDERSON23,5,1.000000000000,Madison,095
MADISON|ANDERSON24,5,1.000000000000,Madison,095
MADISON|ANDERSON25,5,1.000000000000,Madison,095
MADISON|ANDERSON26,5,1.000000000000,Madison,095
MADISON|ANDERSON27,5,1.000000000000,Madison,095
MADISON|ANDERSON28,5,1.000000000000,Madison,095
MADISON|ANDERSON3,5,1.000000000000,Madison,095
MADISON|ANDERSON31,5,1.000000000000,Madison,095
MADISON|ANDERSON32,5,1.000000000000,Madison,095
MADISON|ANDERSON33,5,1.000000000000,Madison,095
MADISON|ANDERSON34,5,1.000000000000,Madison,095
MADISON|ANDERSON35,5,1.000000000000,Madison,095
MADISON|ANDERSON36,5,1.000000000000,Madison,095
MADISON|ANDERSON37,5,1.000000000000,Madison,095
MADISON|ANDERSON38,5,1.000000000000,Madison,095
MADISON|ANDERSON39,5,1.000000000000,Madison,095
MADISON|ANDERSON41,5,1.000000000000,Madison,095
MADISON|ANDERSON42,5,1.000000000000,Madison,095
MADISON|ANDERSON43,5,1.000000000000,Madison,095
MADISON|ANDERSON44,5,1.000000000000,Madison,095
MADISON|ANDERSON45,5,1.000000000000,Madison,095
MADISON|ANDERSON46,5,1.000000000000,Madison,095
MADISON|ANDERSON47,5,1.000000000000,Madison,095
MADISON|ANDERSON51,5,1.000000000000,Madison,095
MADISON|ANDERSON52,5,1.000000000000,Madison,095
MADISON|ANDERSON53,5,1.000000000000,Madison,095
MADISON|ANDERSON54,5,1.000000000000,Madison,095
MADISON|ANDERSON55,5,1.000000000000,Madison,095
MADISON|ANDERSON56,5,1.000000000000,Madison,095
MADISON|ANDERSON61,5,1.000000000000,Madison,095
MADISON|ANDERSON62,5,1.000000000000,Madison,095
MADISON|ANDERSON63,5,1.000000000000,Madison,095
MADISON|ANDERSON64,5,1.000000000000,Madison,095
MADISON|ANDERSON65,5,1.000000000000,Madison,095
MADISON|ANDERSON66,5,1.000000000000,Madison,095
MADISON|ANDERSON67,5,1.000000000000,Madison,095
MADISON|BOONE,5,1.000000000000,Madison,095
MADISON|DUCKCREEK1,5,1.000000000000,Madison,095
MADISON|DUCKCREEK2,5,1.000000000000,Madison,095
MADISON|FALLCREEK1,5,1.000000000000,Madison,095
MADISON|FALLCREEK10,5,1.000000000000,Madison,095
MADISON|FALLCREEK2,5,1.000000000000,Madison,095
MADISON|FALLCREEK3,5,1.000000000000,Madison,095
MADISON|FALLCREEK4,5,1.000000000000,Madison,095
MADISON|FALLCREEK5,5,1.000000000000,Madison,095
MADISON|FALLCREEK6,5,0.999847995309,Madison,095
MADISON|FALLCREEK6,6,0.000152004691,Madison,095
MADISON|FALLCREEK7,5,1.000000000000,Madison,095
MADISON|FALLCREEK8,5,1.000000000000,Madison,095
MADISON|FALLCREEK9,5,1.000000000000,Madison,095
MADISON|GREEN1,5,1.000000000000,Madison,095
MADISON|GREEN2,5,0.999934005841,Madison,095
MADISON|GREEN2,6,0.000065994159,Madison,095
MADISON|GREEN3,5,1.000000000000,Madison,095
MADISON|GREEN4,5,0.999996650486,Madison,095
MADISON|GREEN4,6,0.000003349514,Madison,095
MADISON|JACKSON,5,1.000000000000,Madison,095
MADISON|LAFAYETTE1,5,1.000000000000,Madison,095
MADISON|LAFAYETTE2,5,1.000000000000,Madison,095
MADISON|LAFAYETTE3,5,1.000000000000,Madison,095
MADISON|LAFAYETTE4,5,1.000000000000,Madison,095
MADISON|MONROE1,5,1.000000000000,Madison,095
MADISON|MONROE2,5,1.000000000000,Madison,095
MADISON|MONROE3,5,1.000000000000,Madison,095
MADISON|MONROE4,5,1.000000000000,Madison,095
MADISON|MONROE5,5,1.000000000000,Madison,095
MADISON|MONROE6,5,1.000000000000,Madison,095
MADISON|MONROE7,5,1.000000000000,Madison,095
MADISON|MONROE8,5,1.000000000000,Madison,095
MADISON|PIPECREEK1,5,1.000000000000,Madison,095
MADISON|PIPECREEK10,5,1.000000000000,Madison,095
MADISON|PIPECREEK11,5,1.000000000000,Madison,095
MADISON|PIPECREEK12,5,1.000000000000,Madison,095
MADISON|PIPECREEK2,5,1.000000000000,Madison,095
MADISON|PIPECREEK3,5,1.000000000000,Madison,095
MADISON|PIPECREEK4,5,1.000000000000,Madison,095
MADISON|PIPECREEK5,5,1.000000000000,Madison,095
MADISON|PIPECREEK6,5,1.000000000000,Madison,095
MADISON|PIPECREEK7,5,1.000000000000,Madison,095
MADISON|PIPECREEK8,5,1.000000000000,Madison,095
MADISON|PIPECREEK9,5,1.000000000000,Madison,095
MADISON|RICHLAND1,5,1.000000000000,Madison,095
MADISON|RICHLAND2,5,1.000000000000,Madison,095
MADISON|RICHLAND3,5,1.000000000000,Madison,095
MADISON|RICHLAND4,5,1.000000000000,Madison,095
MADISON|RICHLAND5,5,1.000000000000,Madison,095
MADISON|RICHLAND6,5,1.000000000000,Madison,095
MADISON|STONEYCREEK1,5,1.000000000000,Madison,095
MADISON|STONEYCREEK2,5,1.000000000000,Madison,095
MADISON|STONEYCREEK3,5,1.000000000000,Madison,095
MADISON|UNION1,5,1.000000000000,Madison,095
MADISON|UNION2,5,1.000000000000,Madison,095
MADISON|UNION3,5,1.000000000000,Madison,095
MADISON|UNION4,5,1.000000000000,Madison,095
MADISON|UNION5,5,1.000000000000,Madison,095
MADISON|UNION6,5,1.000000000000,Madison,095
MADISON|UNION7,5,0.999705330376,Madison,095
MADISON|UNION7,6,0.000294669624,Madison,095
MADISON|UNION9,5,1.000000000000,Madison,095
MADISON|VANBUREN1,5,1.000000000000,Madison,095
MARION|CENTER101,7,1.000000000000,Marion,097
MARION|CENTER102,7,1.000000000000,Marion,097
MARION|CENTER103,7,1.000000000000,Marion,097
MARION|CENTER104,7,1.000000000000,Marion,097
MARION|CENTER105,7,1.000000000000,Marion,097
MARION|CENTER11,7,1.000000000000,Marion,097
MARION|CENTER110,7,1.000000000000,Marion,097
MARION|CENTER111,7,1.000000000000,Marion,097
MARION|CENTER112,7,1.000000000000,Marion,097
MARION|CENTER113,7,1.000000000000,Marion,097
MARION|CENTER114,7,1.000000000000,Marion,097
MARION|CENTER115,7,1.000000000000,Marion,097
MARION|CENTER12,7,1.000000000000,Marion,097
MARION|CENTER121,7,1.000000000000,Marion,097
MARION|CENTER122,7,1.000000000000,Marion,097
MARION|CENTER123,7,1.000000000000,Marion,097
MARION|CENTER13,7,1.000000000000,Marion,097
MARION|CENTER131,7,1.000000000000,Marion,097
MARION|CENTER132,7,1.000000000000,Marion,097
MARION|CENTER133,7,1.000000000000,Marion,097
MARION|CENTER134,6,0.000274487189,Marion,097
MARION|CENTER134,7,0.999725512811,Marion,097
MARION|CENTER135,6,0.000005853669,Marion,097
MARION|CENTER135,7,0.999994146331,Marion,097
MARION|CENTER14,7,1.000000000000,Marion,097
MARION|CENTER141,7,1.000000000000,Marion,097
MARION|CENTER142,7,1.000000000000,Marion,097
MARION|CENTER15,7,1.000000000000,Marion,097
MARION|CENTER151,7,1.000000000000,Marion,097
MARION|CENTER152,7,1.000000000000,Marion,097
MARION|CENTER16,7,1.000000000000,Marion,097
MARION|CENTER161,7,1.000000000000,Marion,097
MARION|CENTER162,7,1.000000000000,Marion,097
MARION|CENTER163,7,1.000000000000,Marion,097
MARION|CENTER164,7,1.000000000000,Marion,097
MARION|CENTER165,7,1.000000000000,Marion,097
MARION|CENTER17,7,1.000000000000,Marion,097
MARION|CENTER171,7,1.000000000000,Marion,097
MARION|CENTER172,7,1.000000000000,Marion,097
MARION|CENTER173,7,1.000000000000,Marion,097
MARION|CENTER174,7,1.000000000000,Marion,097
MARION|CENTER175,7,1.000000000000,Marion,097
MARION|CENTER18,7,1.000000000000,Marion,097
MARION|CENTER19,7,1.000000000000,Marion,097
MARION|CENTER21,7,1.000000000000,Marion,097
MARION|CENTER22,7,1.000000000000,Marion,097
MARION|CENTER23,7,1.000000000000,Marion,097
MARION|CENTER231,7,1.000000000000,Marion,097
MARION|CENTER232,7,1.000000000000,Marion,097
MARION|CENTER233,7,1.000000000000,Marion,097
MARION|CENTER234,7,1.000000000000,Marion,097
MARION|CENTER235,7,1.000000000000,Marion,097
MARION|CENTER236,7,1.000000000000,Marion,097
MARION|CENTER237,7,1.000000000000,Marion,097
MARION|CENTER238,7,1.000000000000,Marion,097
MARION|CENTER239,7,1.000000000000,Marion,097
MARION|CENTER24,7,1.000000000000,Marion,097
MARION|CENTER251,7,1.000000000000,Marion,097
MARION|CENTER252,7,1.000000000000,Marion,097
MARION|CENTER253,7,1.000000000000,Marion,097
MARION|CENTER254,7,1.000000000000,Marion,097
MARION|CENTER255,7,1.000000000000,Marion,097
MARION|CENTER301,7,1.000000000000,Marion,097
MARION|CENTER302,7,1.000000000000,Marion,097
MARION|CENTER303,6,0.003730625098,Marion,097
MARION|CENTER303,7,0.996269374902,Marion,097
MARION|CENTER304,7,1.000000000000,Marion,097
MARION|CENTER305,7,1.000000000000,Marion,097
MARION|CENTER306,6,0.000044536792,Marion,097
MARION|CENTER306,7,0.999955463208,Marion,097
MARION|CENTER307,6,0.000000711121,Marion,097
MARION|CENTER307,7,0.999999288879,Marion,097
MARION|CENTER31,7,1.000000000000,Marion,097
MARION|CENTER32,7,1.000000000000,Marion,097
MARION|CENTER33,7,1.000000000000,Marion,097
MARION|CENTER34,7,1.000000000000,Marion,097
MARION|CENTER35,7,1.000000000000,Marion,097
MARION|CENTER41,7,1.000000000000,Marion,097
MARION|CENTER42,7,1.000000000000,Marion,097
MARION|CENTER43,7,1.000000000000,Marion,097
MARION|CENTER44,7,1.000000000000,Marion,097
MARION|CENTER45,7,1.000000000000,Marion,097
MARION|CENTER51,7,1.000000000000,Marion,097
MARION|CENTER52,7,1.000000000000,Marion,097
MARION|CENTER53,7,1.000000000000,Marion,097
MARION|CENTER54,7,1.000000000000,Marion,097
MARION|CENTER55,7,1.000000000000,Marion,097
MARION|CENTER56,7,1.000000000000,Marion,097
MARION|CENTER61,7,1.000000000000,Marion,097
MARION|CENTER62,7,1.000000000000,Marion,097
MARION|CENTER63,7,1.000000000000,Marion,097
MARION|CENTER64,7,1.000000000000,Marion,097
MARION|CENTER65,7,1.000000000000,Marion,097
MARION|CENTER66,7,1.000000000000,Marion,097
MARION|CENTER71,7,1.000000000000,Marion,097
MARION|CENTER72,7,1.000000000000,Marion,097
MARION|CENTER73,7,1.000000000000,Marion,097
MARION|CENTER81,7,1.000000000000,Marion,097
MARION|CENTER82,7,1.000000000000,Marion,097
MARION|CENTER83,7,1.000000000000,Marion,097
MARION|CENTER91,7,1.000000000000,Marion,097
MARION|CENTER92,7,1.000000000000,Marion,097
MARION|CENTER93,7,1.000000000000,Marion,097
MARION|CENTER94,7,1.000000000000,Marion,097
MARION|CENTER95,7,1.000000000000,Marion,097
MARION|CENTER96,7,1.000000000000,Marion,097
MARION|CENTER97,7,1.000000000000,Marion,097
MARION|CENTERCO1,7,1.000000000000,Marion,097
MARION|CENTERCO2,7,1.000000000000,Marion,097
MARION|DECDE1,4,0.000028264496,Marion,097
MARION|DECDE1,6,0.999965057257,Marion,097
MARION|DECDE1,7,0.000006678247,Marion,097
MARION|DECDE10,6,1.000000000000,Marion,097
MARION|DECDE11,4,0.000178421903,Marion,097
MARION|DECDE11,6,0.999821578097,Marion,097
MARION|DECDE12,6,1.000000000000,Marion,097
MARION|DECDE13,6,1.000000000000,Marion,097
MARION|DECDE14,4,0.000167921833,Marion,097
MARION|DECDE14,6,0.999832078167,Marion,097
MARION|DECDE15,4,0.000047388750,Marion,097
MARION|DECDE15,6,0.999952611250,Marion,097
MARION|DECDE16,4,0.000172346806,Marion,097
MARION|DECDE16,6,0.999827653194,Marion,097
MARION|DECDE2,6,0.999632915885,Marion,097
MARION|DECDE2,7,0.000367084115,Marion,097
MARION|DECDE3,6,0.999991738962,Marion,097
MARION|DECDE3,7,0.000008261038,Marion,097
MARION|DECDE4,6,1.000000000000,Marion,097
MARION|DECDE5,6,1.000000000000,Marion,097
MARION|DECDE6,6,0.999940950016,Marion,097
MARION|DECDE6,7,0.000059049984,Marion,097
MARION|DECDE7,4,0.000117948375,Marion,097
MARION|DECDE7,6,0.999882051625,Marion,097
MARION|DECDE8,6,1.000000000000,Marion,097
MARION|DECDE9,6,1.000000000000,Marion,097
MARION|FRAFR1,6,1.000000000000,Marion,097
MARION|FRAFR10,6,1.000000000000,Marion,097
MARION|FRAFR11,6,1.000000000000,Marion,097
MARION|FRAFR12,6,1.000000000000,Marion,097
MARION|FRAFR13,6,1.000000000000,Marion,097
MARION|FRAFR14,6,1.000000000000,Marion,097
MARION|FRAFR15,6,1.000000000000,Marion,097
MARION|FRAFR16,6,1.000000000000,Marion,097
MARION|FRAFR17,6,1.000000000000,Marion,097
MARION|FRAFR18,6,1.000000000000,Marion,097
MARION|FRAFR19,6,1.000000000000,Marion,097
MARION|FRAFR2,6,0.999313634093,Marion,097
MARION|FRAFR2,7,0.000686365907,Marion,097
MARION|FRAFR20,6,1.000000000000,Marion,097
MARION|FRAFR21,6,1.000000000000,Marion,097
MARION|FRAFR22,6,1.000000000000,Marion,097
MARION|FRAFR23,6,1.000000000000,Marion,097
MARION|FRAFR24,6,1.000000000000,Marion,097
MARION|FRAFR25,6,1.000000000000,Marion,097
MARION|FRAFR26,6,1.000000000000,Marion,097
MARION|FRAFR27,6,1.000000000000,Marion,097
MARION|FRAFR28,6,1.000000000000,Marion,097
MARION|FRAFR29,6,1.000000000000,Marion,097
MARION|FRAFR3,6,0.999127822205,Marion,097
MARION|FRAFR3,7,0.000872177795,Marion,097
MARION|FRAFR4,6,0.999970846630,Marion,097
MARION|FRAFR4,7,0.000029153370,Marion,097
MARION|FRAFR5,6,1.000000000000,Marion,097
MARION|FRAFR6,6,1.000000000000,Marion,097
MARION|FRAFR7,6,1.000000000000,Marion,097
MARION|FRAFR8,6,1.000000000000,Marion,097
MARION|FRAFR9,6,1.000000000000,Marion,097
MARION|LAW271,7,1.000000000000,Marion,097
MARION|LAW2710,7,1.000000000000,Marion,097
MARION|LAW2711,7,1.000000000000,Marion,097
MARION|LAW2712,7,1.000000000000,Marion,097
MARION|LAW2713,7,1.000000000000,Marion,097
MARION|LAW2714,7,1.000000000000,Marion,097
MARION|LAW272,7,1.000000000000,Marion,097
MARION|LAW273,7,1.000000000000,Marion,097
MARION|LAW274,7,1.000000000000,Marion,097
MARION|LAW275,7,1.000000000000,Marion,097
MARION|LAW276,7,1.000000000000,Marion,097
MARION|LAW277,7,1.000000000000,Marion,097
MARION|LAW278,7,1.000000000000,Marion,097
MARION|LAW279,7,1.000000000000,Marion,097
MARION|LAWLA1,5,0.000190950662,Marion,097
MARION|LAWLA1,7,0.999809049338,Marion,097
MARION|LAWLA10,7,1.000000000000,Marion,097
MARION|LAWLA11,6,0.000893121193,Marion,097
MARION|LAWLA11,7,0.999106878807,Marion,097
MARION|LAWLA12,7,1.000000000000,Marion,097
MARION|LAWLA13,7,1.000000000000,Marion,097
MARION|LAWLA14,7,1.000000000000,Marion,097
MARION|LAWLA15,7,1.000000000000,Marion,097
MARION|LAWLA16,7,1.000000000000,Marion,097
MARION|LAWLA17,7,1.000000000000,Marion,097
MARION|LAWLA18,6,0.000020442501,Marion,097
MARION|LAWLA18,7,0.999979557499,Marion,097
MARION|LAWLA19,6,0.000021400490,Marion,097
MARION|LAWLA19,7,0.999978599510,Marion,097
MARION|LAWLA2,5,0.000007706927,Marion,097
MARION|LAWLA2,7,0.999992293073,Marion,097
MARION|LAWLA20,7,1.000000000000,Marion,097
MARION|LAWLA21,7,1.000000000000,Marion,097
MARION|LAWLA22,7,1.000000000000,Marion,097
MARION|LAWLA23,7,1.000000000000,Marion,097
MARION|LAWLA24,7,1.000000000000,Marion,097
MARION|LAWLA25,7,1.000000000000,Marion,097
MARION|LAWLA26,7,1.000000000000,Marion,097
MARION|LAWLA27,7,1.000000000000,Marion,097
MARION|LAWLA28,7,1.000000000000,Marion,097
MARION|LAWLA29,6,0.000000235089,Marion,097
MARION|LAWLA29,7,0.999999764911,Marion,097
MARION|LAWLA3,5,0.000126370007,Marion,097
MARION|LAWLA3,7,0.999873629993,Marion,097
MARION|LAWLA30,7,1.000000000000,Marion,097
MARION|LAWLA31,7,1.000000000000,Marion,097
MARION|LAWLA32,7,1.000000000000,Marion,097
MARION|LAWLA33,7,1.000000000000,Marion,097
MARION|LAWLA34,7,1.000000000000,Marion,097
MARION|LAWLA35,7,1.000000000000,Marion,097
MARION|LAWLA36,6,0.000023041976,Marion,097
MARION|LAWLA36,7,0.999976958024,Marion,097
MARION|LAWLA37,7,1.000000000000,Marion,097
MARION|LAWLA38,7,1.000000000000,Marion,097
MARION|LAWLA39,7,1.000000000000,Marion,097
MARION|LAWLA4,5,0.000037718961,Marion,097
MARION|LAWLA4,7,0.999962281039,Marion,097
MARION|LAWLA40,7,1.000000000000,Marion,097
MARION|LAWLA41,7,1.000000000000,Marion,097
MARION|LAWLA42,6,0.000310394017,Marion,097
MARION|LAWLA42,7,0.999689605983,Marion,097
MARION|LAWLA43,7,1.000000000000,Marion,097
MARION|LAWLA44,7,1.000000000000,Marion,097
MARION|LAWLA45,7,1.000000000000,Marion,097
MARION|LAWLA46,7,1.000000000000,Marion,097
MARION|LAWLA47,7,1.000000000000,Marion,097
MARION|LAWLA48,7,1.000000000000,Marion,097
MARION|LAWLA49,6,0.000315842117,Marion,097
MARION|LAWLA49,7,0.999684157883,Marion,097
MARION|LAWLA5,7,1.000000000000,Marion,097
MARION|LAWLA50,7,1.000000000000,Marion,097
MARION|LAWLA51,7,1.000000000000,Marion,097
MARION|LAWLA52,7,1.000000000000,Marion,097
MARION|LAWLA53,7,1.000000000000,Marion,097
MARION|LAWLA54,7,1.000000000000,Marion,097
MARION|LAWLA55,7,1.000000000000,Marion,097
MARION|LAWLA56,6,0.000030010784,Marion,097
MARION|LAWLA56,7,0.999969989216,Marion,097
MARION|LAWLA57,7,1.000000000000,Marion,097
MARION|LAWLA58,7,1.000000000000,Marion,097
MARION|LAWLA59,7,1.000000000000,Marion,097
MARION|LAWLA6,5,0.000547432868,Marion,097
MARION|LAWLA6,7,0.999452567132,Marion,097
MARION|LAWLA60,7,1.000000000000,Marion,097
MARION|LAWLA61,7,1.000000000000,Marion,097
MARION|LAWLA62,7,1.000000000000,Marion,097
MARION|LAWLA63,7,1.000000000000,Marion,097
MARION|LAWLA64,7,1.000000000000,Marion,097
MARION|LAWLA65,7,1.000000000000,Marion,097
MARION|LAWLA66,6,0.000027816267,Marion,097
MARION|LAWLA66,7,0.999972183733,Marion,097
MARION|LAWLA67,6,0.000020004752,Marion,097
MARION|LAWLA67,7,0.999979995248,Marion,097
MARION|LAWLA7,5,0.000013102005,Marion,097
MARION|LAWLA7,7,0.999986897995,Marion,097
MARION|LAWLA8,7,1.000000000000,Marion,097
MARION|LAWLA9,5,0.000109810670,Marion,097
MARION|LAWLA9,6,0.000274647687,Marion,097
MARION|LAWLA9,7,0.999615541643,Marion,097
MARION|PER261,6,0.999601948573,Marion,097
MARION|PER261,7,0.000398051427,Marion,097
MARION|PER262,6,0.999862538581,Marion,097
MARION|PER262,7,0.000137461419,Marion,097
MARION|PER263,6,1.000000000000,Marion,097
MARION|PERPE1,6,0.999999737400,Marion,097
MARION|PERPE1,7,0.000000262600,Marion,097
MARION|PERPE10,6,1.000000000000,Marion,097
MARION|PERPE11,6,0.999321037437,Marion,097
MARION|PERPE11,7,0.000678962563,Marion,097
MARION|PERPE12,6,1.000000000000,Marion,097
MARION|PERPE13,6,1.000000000000,Marion,097
MARION|PERPE14,6,1.000000000000,Marion,097
MARION|PERPE15,6,1.000000000000,Marion,097
MARION|PERPE16,6,1.000000000000,Marion,097
MARION|PERPE17,6,1.000000000000,Marion,097
MARION|PERPE18,6,1.000000000000,Marion,097
MARION|PERPE19,6,1.000000000000,Marion,097
MARION|PERPE2,6,0.999952862138,Marion,097
MARION|PERPE2,7,0.000047137862,Marion,097
MARION|PERPE20,6,1.000000000000,Marion,097
MARION|PERPE21,6,1.000000000000,Marion,097
MARION|PERPE22,6,1.000000000000,Marion,097
MARION|PERPE23,6,1.000000000000,Marion,097
MARION|PERPE24,6,1.000000000000,Marion,097
MARION|PERPE25,6,1.000000000000,Marion,097
MARION|PERPE26,6,1.000000000000,Marion,097
MARION|PERPE27,6,1.000000000000,Marion,097
MARION|PERPE28,6,1.000000000000,Marion,097
MARION|PERPE29,6,1.000000000000,Marion,097
MARION|PERPE3,6,0.999996796321,Marion,097
MARION|PERPE3,7,0.000003203679,Marion,097
MARION|PERPE30,6,1.000000000000,Marion,097
MARION|PERPE31,6,1.000000000000,Marion,097
MARION|PERPE32,6,1.000000000000,Marion,097
MARION|PERPE33,6,1.000000000000,Marion,097
MARION|PERPE34,6,1.000000000000,Marion,097
MARION|PERPE35,6,1.000000000000,Marion,097
MARION|PERPE36,6,1.000000000000,Marion,097
MARION|PERPE37,6,1.000000000000,Marion,097
MARION|PERPE38,6,1.000000000000,Marion,097
MARION|PERPE39,6,1.000000000000,Marion,097
MARION|PERPE4,6,0.999979925072,Marion,097
MARION|PERPE4,7,0.000020074928,Marion,097
MARION|PERPE40,6,1.000000000000,Marion,097
MARION|PERPE41,6,1.000000000000,Marion,097
MARION|PERPE42,6,1.000000000000,Marion,097
MARION|PERPE43,6,1.000000000000,Marion,097
MARION|PERPE44,6,1.000000000000,Marion,097
MARION|PERPE45,6,1.000000000000,Marion,097
MARION|PERPE46,6,1.000000000000,Marion,097
MARION|PERPE47,6,1.000000000000,Marion,097
MARION|PERPE48,6,1.000000000000,Marion,097
MARION|PERPE49,6,1.000000000000,Marion,097
MARION|PERPE5,6,0.999951058340,Marion,097
MARION|PERPE5,7,0.000048941660,Marion,097
MARION|PERPE50,6,1.000000000000,Marion,097
MARION|PERPE51,6,1.000000000000,Marion,097
MARION|PERPE52,6,1.000000000000,Marion,097
MARION|PERPE53,6,1.000000000000,Marion,097
MARION|PERPE54,6,1.000000000000,Marion,097
MARION|PERPE55,6,1.000000000000,Marion,097
MARION|PERPE56,6,1.000000000000,Marion,097
MARION|PERPE57,6,1.000000000000,Marion,097
MARION|PERPE58,6,1.000000000000,Marion,097
MARION|PERPE6,6,0.121500142952,Marion,097
MARION|PERPE6,7,0.878499857048,Marion,097
MARION|PERPE7,6,0.908004976255,Marion,097
MARION|PERPE7,7,0.091995023745,Marion,097
MARION|PERPE8,6,1.000000000000,Marion,097
MARION|PERPE9,6,1.000000000000,Marion,097
MARION|PIK321,7,1.000000000000,Marion,097
MARION|PIK322,7,1.000000000000,Marion,097
MARION|PIK323,7,1.000000000000,Marion,097
MARION|PIKPI1,4,0.000355859932,Marion,097
MARION|PIKPI1,7,0.999644140068,Marion,097
MARION|PIKPI10,7,1.000000000000,Marion,097
MARION|PIKPI11,7,1.000000000000,Marion,097
MARION|PIKPI12,7,1.000000000000,Marion,097
MARION|PIKPI13,7,1.000000000000,Marion,097
MARION|PIKPI14,7,1.000000000000,Marion,097
MARION|PIKPI15,7,1.000000000000,Marion,097
MARION|PIKPI16,7,1.000000000000,Marion,097
MARION|PIKPI17,7,1.000000000000,Marion,097
MARION|PIKPI18,7,1.000000000000,Marion,097
MARION|PIKPI19,7,1.000000000000,Marion,097
MARION|PIKPI2,4,0.000050215341,Marion,097
MARION|PIKPI2,7,0.999949784659,Marion,097
MARION|PIKPI20,7,1.000000000000,Marion,097
MARION|PIKPI21,7,1.000000000000,Marion,097
MARION|PIKPI22,7,1.000000000000,Marion,097
MARION|PIKPI23,7,1.000000000000,Marion,097
MARION|PIKPI24,7,1.000000000000,Marion,097
MARION|PIKPI25,4,0.000078602849,Marion,097
MARION|PIKPI25,7,0.999921397151,Marion,097
MARION|PIKPI26,7,1.000000000000,Marion,097
MARION|PIKPI27,7,1.000000000000,Marion,097
MARION|PIKPI28,7,1.000000000000,Marion,097
MARION|PIKPI29,7,1.000000000000,Marion,097
MARION|PIKPI3,4,0.000001477319,Marion,097
MARION|PIKPI3,5,0.000038275074,Marion,097
MARION|PIKPI3,7,0.999960247607,Marion,097
MARION|PIKPI30,7,1.000000000000,Marion,097
MARION|PIKPI31,7,1.000000000000,Marion,097
MARION|PIKPI32,7,1.000000000000,Marion,097
MARION|PIKPI33,7,1.000000000000,Marion,097
MARION|PIKPI34,7,1.000000000000,Marion,097
MARION|PIKPI35,7,1.000000000000,Marion,097
MARION|PIKPI36,7,1.000000000000,Marion,097
MARION|PIKPI37,7,1.000000000000,Marion,097
MARION|PIKPI38,7,1.000000000000,Marion,097
MARION|PIKPI39,7,1.000000000000,Marion,097
MARION|PIKPI4,7,1.000000000000,Marion,097
MARION|PIKPI40,7,1.000000000000,Marion,097
MARION|PIKPI41,7,1.000000000000,Marion,097
MARION|PIKPI42,7,1.000000000000,Marion,097
MARION|PIKPI43,7,1.000000000000,Marion,097
MARION|PIKPI44,7,1.000000000000,Marion,097
MARION|PIKPI45,7,1.000000000000,Marion,097
MARION|PIKPI46,7,1.000000000000,Marion,097
MARION|PIKPI47,7,1.000000000000,Marion,097
MARION|PIKPI48,7,1.000000000000,Marion,097
MARION|PIKPI49,7,1.000000000000,Marion,097
MARION|PIKPI5,7,1.000000000000,Marion,097
MARION|PIKPI50,7,1.000000000000,Marion,097
MARION|PIKPI51,7,1.000000000000,Marion,097
MARION|PIKPI6,5,0.000057503101,Marion,097
MARION|PIKPI6,7,0.999942496899,Marion,097
MARION|PIKPI7,7,1.000000000000,Marion,097
MARION|PIKPI8,4,0.000138000701,Marion,097
MARION|PIKPI8,7,0.999861999299,Marion,097
MARION|PIKPI9,7,1.000000000000,Marion,097
MARION|WAR181,7,1.000000000000,Marion,097
MARION|WAR182,7,1.000000000000,Marion,097
MARION|WAR183,7,1.000000000000,Marion,097
MARION|WAR184,7,1.000000000000,Marion,097
MARION|WAR185,7,1.000000000000,Marion,097
MARION|WAR186,7,1.000000000000,Marion,097
MARION|WAR187,7,1.000000000000,Marion,097
MARION|WAR281,7,1.000000000000,Marion,097
MARION|WAR2810,7,1.000000000000,Marion,097
MARION|WAR2811,7,1.000000000000,Marion,097
MARION|WAR2812,7,1.000000000000,Marion,097
MARION|WAR2813,7,1.000000000000,Marion,097
MARION|WAR2814,7,1.000000000000,Marion,097
MARION|WAR2815,7,1.000000000000,Marion,097
MARION|WAR2816,7,1.000000000000,Marion,097
MARION|WAR2817,7,1.000000000000,Marion,097
MARION|WAR282,7,1.000000000000,Marion,097
MARION|WAR283,7,1.000000000000,Marion,097
MARION|WAR284,7,1.000000000000,Marion,097
MARION|WAR285,7,1.000000000000,Marion,097
MARION|WAR286,7,1.000000000000,Marion,097
MARION|WAR287,7,1.000000000000,Marion,097
MARION|WAR288,7,1.000000000000,Marion,097
MARION|WAR289,7,1.000000000000,Marion,097
MARION|WARWR1,7,1.000000000000,Marion,097
MARION|WARWR10,7,1.000000000000,Marion,097
MARION|WARWR11,7,1.000000000000,Marion,097
MARION|WARWR12,6,0.000168366352,Marion,097
MARION|WARWR12,7,0.999831633648,Marion,097
MARION|WARWR13,7,1.000000000000,Marion,097
MARION|WARWR14,7,1.000000000000,Marion,097
MARION|WARWR15,7,1.000000000000,Marion,097
MARION|WARWR16,7,1.000000000000,Marion,097
MARION|WARWR17,6,0.000004812581,Marion,097
MARION|WARWR17,7,0.999995187419,Marion,097
MARION|WARWR18,7,1.000000000000,Marion,097
MARION|WARWR19,7,1.000000000000,Marion,097
MARION|WARWR2,7,1.000000000000,Marion,097
MARION|WARWR20,7,1.000000000000,Marion,097
MARION|WARWR21,6,0.000010961289,Marion,097
MARION|WARWR21,7,0.999989038711,Marion,097
MARION|WARWR22,7,1.000000000000,Marion,097
MARION|WARWR23,7,1.000000000000,Marion,097
MARION|WARWR24,7,1.000000000000,Marion,097
MARION|WARWR25,6,0.000051297858,Marion,097
MARION|WARWR25,7,0.999948702142,Marion,097
MARION|WARWR26,7,1.000000000000,Marion,097
MARION|WARWR27,7,1.000000000000,Marion,097
MARION|WARWR28,7,1.000000000000,Marion,097
MARION|WARWR29,6,0.000066630678,Marion,097
MARION|WARWR29,7,0.999933369322,Marion,097
MARION|WARWR3,7,1.000000000000,Marion,097
MARION|WARWR30,7,1.000000000000,Marion,097
MARION|WARWR31,7,1.000000000000,Marion,097
MARION|WARWR32,7,1.000000000000,Marion,097
MARION|WARWR33,7,1.000000000000,Marion,097
MARION|WARWR34,6,0.000218496764,Marion,097
MARION|WARWR34,7,0.999781503236,Marion,097
MARION|WARWR35,6,0.000529891954,Marion,097
MARION|WARWR35,7,0.999470108046,Marion,097
MARION|WARWR36,6,0.000360149098,Marion,097
MARION|WARWR36,7,0.999639850902,Marion,097
MARION|WARWR4,7,1.000000000000,Marion,097
MARION|WARWR5,7,1.000000000000,Marion,097
MARION|WARWR6,7,1.000000000000,Marion,097
MARION|WARWR7,7,1.000000000000,Marion,097
MARION|WARWR8,6,0.000675093567,Marion,097
MARION|WARWR8,7,0.999324906433,Marion,097
MARION|WARWR9,7,1.000000000000,Marion,097
MARION|WAS201,7,1.000000000000,Marion,097
MARION|WAS2010,7,1.000000000000,Marion,097
MARION|WAS2011,7,1.000000000000,Marion,097
MARION|WAS2012,7,1.000000000000,Marion,097
MARION|WAS202,7,1.000000000000,Marion,097
MARION|WAS203,7,1.000000000000,Marion,097
MARION|WAS204,7,1.000000000000,Marion,097
MARION|WAS205,7,1.000000000000,Marion,097
MARION|WAS206,7,1.000000000000,Marion,097
MARION|WAS207,7,1.000000000000,Marion,097
MARION|WAS208,7,1.000000000000,Marion,097
MARION|WAS209,7,1.000000000000,Marion,097
MARION|WAS211,7,1.000000000000,Marion,097
MARION|WAS2110,7,1.000000000000,Marion,097
MARION|WAS2111,7,1.000000000000,Marion,097
MARION|WAS2112,7,1.000000000000,Marion,097
MARION|WAS2113,7,1.000000000000,Marion,097
MARION|WAS212,7,1.000000000000,Marion,097
MARION|WAS213,7,1.000000000000,Marion,097
MARION|WAS214,7,1.000000000000,Marion,097
MARION|WAS215,7,1.000000000000,Marion,097
MARION|WAS216,7,1.000000000000,Marion,097
MARION|WAS217,7,1.000000000000,Marion,097
MARION|WAS218,7,1.000000000000,Marion,097
MARION|WAS219,7,1.000000000000,Marion,097
MARION|WAS221,7,1.000000000000,Marion,097
MARION|WAS222,7,1.000000000000,Marion,097
MARION|WAS223,7,1.000000000000,Marion,097
MARION|WAS224,7,1.000000000000,Marion,097
MARION|WAS225,7,1.000000000000,Marion,097
MARION|WAS226,7,1.000000000000,Marion,097
MARION|WAS227,7,1.000000000000,Marion,097
MARION|WAS228,7,1.000000000000,Marion,097
MARION|WAS311,7,1.000000000000,Marion,097
MARION|WAS312,7,1.000000000000,Marion,097
MARION|WAS313,7,1.000000000000,Marion,097
MARION|WAS314,7,1.000000000000,Marion,097
MARION|WASWS1,5,0.000136793691,Marion,097
MARION|WASWS1,7,0.999863206309,Marion,097
MARION|WASWS10,5,0.000041814904,Marion,097
MARION|WASWS10,7,0.999958185096,Marion,097
MARION|WASWS11,7,1.000000000000,Marion,097
MARION|WASWS12,7,1.000000000000,Marion,097
MARION|WASWS13,7,1.000000000000,Marion,097
MARION|WASWS14,7,1.000000000000,Marion,097
MARION|WASWS15,7,1.000000000000,Marion,097
MARION|WASWS16,7,1.000000000000,Marion,097
MARION|WASWS17,7,1.000000000000,Marion,097
MARION|WASWS18,7,1.000000000000,Marion,097
MARION|WASWS19,7,1.000000000000,Marion,097
MARION|WASWS2,5,0.000288171321,Marion,097
MARION|WASWS2,7,0.999711828679,Marion,097
MARION|WASWS20,7,1.000000000000,Marion,097
MARION|WASWS21,7,1.000000000000,Marion,097
MARION|WASWS22,7,1.000000000000,Marion,097
MARION|WASWS23,7,1.000000000000,Marion,097
MARION|WASWS24,7,1.000000000000,Marion,097
MARION|WASWS25,7,1.000000000000,Marion,097
MARION|WASWS26,7,1.000000000000,Marion,097
MARION|WASWS27,7,1.000000000000,Marion,097
MARION|WASWS28,7,1.000000000000,Marion,097
MARION|WASWS29,7,1.000000000000,Marion,097
MARION|WASWS3,5,0.000041478363,Marion,097
MARION|WASWS3,7,0.999958521637,Marion,097
MARION|WASWS30,7,1.000000000000,Marion,097
MARION|WASWS31,7,1.000000000000,Marion,097
MARION|WASWS32,7,1.000000000000,Marion,097
MARION|WASWS33,7,1.000000000000,Marion,097
MARION|WASWS34,7,1.000000000000,Marion,097
MARION|WASWS35,7,1.000000000000,Marion,097
MARION|WASWS36,7,1.000000000000,Marion,097
MARION|WASWS37,7,1.000000000000,Marion,097
MARION|WASWS38,7,1.000000000000,Marion,097
MARION|WASWS39,7,1.000000000000,Marion,097
MARION|WASWS4,5,0.000087463679,Marion,097
MARION|WASWS4,7,0.999912536321,Marion,097
MARION|WASWS40,7,1.000000000000,Marion,097
MARION|WASWS41,7,1.000000000000,Marion,097
MARION|WASWS42,7,1.000000000000,Marion,097
MARION|WASWS43,7,1.000000000000,Marion,097
MARION|WASWS44,7,1.000000000000,Marion,097
MARION|WASWS45,7,1.000000000000,Marion,097
MARION|WASWS46,7,1.000000000000,Marion,097
MARION|WASWS47,7,1.000000000000,Marion,097
MARION|WASWS48,7,1.000000000000,Marion,097
MARION|WASWS49,7,1.000000000000,Marion,097
MARION|WASWS5,5,0.000046369813,Marion,097
MARION|WASWS5,7,0.999953630187,Marion,097
MARION|WASWS50,7,1.000000000000,Marion,097
MARION|WASWS51,7,1.000000000000,Marion,097
MARION|WASWS52,7,1.000000000000,Marion,097
MARION|WASWS53,7,1.000000000000,Marion,097
MARION|WASWS54,7,1.000000000000,Marion,097
MARION|WASWS55,7,1.000000000000,Marion,097
MARION|WASWS56,7,1.000000000000,Marion,097
MARION|WASWS57,7,1.000000000000,Marion,097
MARION|WASWS58,7,1.000000000000,Marion,097
MARION|WASWS59,7,1.000000000000,Marion,097
MARION|WASWS6,5,0.000588397413,Marion,097
MARION|WASWS6,7,0.999411602587,Marion,097
MARION|WASWS60,7,1.000000000000,Marion,097
MARION|WASWS61,7,1.000000000000,Marion,097
MARION|WASWS62,7,1.000000000000,Marion,097
MARION|WASWS63,7,1.000000000000,Marion,097
MARION|WASWS64,7,1.000000000000,Marion,097
MARION|WASWS65,7,1.000000000000,Marion,097
MARION|WASWS66,7,1.000000000000,Marion,097
MARION|WASWS67,7,1.000000000000,Marion,097
MARION|WASWS68,7,1.000000000000,Marion,097
MARION|WASWS69,7,1.000000000000,Marion,097
MARION|WASWS7,7,1.000000000000,Marion,097
MARION|WASWS8,5,0.000011352866,Marion,097
MARION|WASWS8,7,0.999988647134,Marion,097
MARION|WASWS9,5,0.000013220650,Marion,097
MARION|WASWS9,7,0.999986779350,Marion,097
MARION|WAY191,7,1.000000000000,Marion,097
MARION|WAY192,7,1.000000000000,Marion,097
MARION|WAY193,7,1.000000000000,Marion,097
MARION|WAY194,7,1.000000000000,Marion,097
MARION|WAY195,7,1.000000000000,Marion,097
MARION|WAY196,7,1.000000000000,Marion,097
MARION|WAY241,7,1.000000000000,Marion,097
MARION|WAY242,7,1.000000000000,Marion,097
MARION|WAY243,7,1.000000000000,Marion,097
MARION|WAY244,7,1.000000000000,Marion,097
MARION|WAY245,7,1.000000000000,Marion,097
MARION|WAY291,7,1.000000000000,Marion,097
MARION|WAY2910,7,1.000000000000,Marion,097
MARION|WAY2911,7,1.000000000000,Marion,097
MARION|WAY2912,7,1.000000000000,Marion,097
MARION|WAY2913,7,1.000000000000,Marion,097
MARION|WAY2914,7,1.000000000000,Marion,097
MARION|WAY2915,7,1.000000000000,Marion,097
MARION|WAY2916,7,1.000000000000,Marion,097
MARION|WAY2917,7,1.000000000000,Marion,097
MARION|WAY2918,7,1.000000000000,Marion,097
MARION|WAY292,7,1.000000000000,Marion,097
MARION|WAY293,7,1.000000000000,Marion,097
MARION|WAY294,7,1.000000000000,Marion,097
MARION|WAY295,7,1.000000000000,Marion,097
MARION|WAY296,7,1.000000000000,Marion,097
MARION|WAY297,7,1.000000000000,Marion,097
MARION|WAY298,7,1.000000000000,Marion,097
MARION|WAY299,7,1.000000000000,Marion,097
MARION|WAYWY1,4,0.000047651509,Marion,097
MARION|WAYWY1,7,0.999952348491,Marion,097
MARION|WAYWY10,7,1.000000000000,Marion,097
MARION|WAYWY11,4,0.000029320583,Marion,097
MARION|WAYWY11,7,0.999970679417,Marion,097
MARION|WAYWY12,4,0.000063635366,Marion,097
MARION|WAYWY12,7,0.999936364634,Marion,097
MARION|WAYWY13,7,1.000000000000,Marion,097
MARION|WAYWY14,7,1.000000000000,Marion,097
MARION|WAYWY15,7,1.000000000000,Marion,097
MARION|WAYWY16,4,0.000016711284,Marion,097
MARION|WAYWY16,7,0.999983288716,Marion,097
MARION|WAYWY17,7,1.000000000000,Marion,097
MARION|WAYWY18,7,1.000000000000,Marion,097
MARION|WAYWY19,7,1.000000000000,Marion,097
MARION|WAYWY2,7,1.000000000000,Marion,097
MARION|WAYWY20,7,1.000000000000,Marion,097
MARION|WAYWY21,7,1.000000000000,Marion,097
MARION|WAYWY22,4,0.000696097988,Marion,097
MARION|WAYWY22,7,0.999303902012,Marion,097
MARION|WAYWY23,7,1.000000000000,Marion,097
MARION|WAYWY24,7,1.000000000000,Marion,097
MARION|WAYWY25,7,1.000000000000,Marion,097
MARION|WAYWY26,7,1.000000000000,Marion,097
MARION|WAYWY27,7,1.000000000000,Marion,097
MARION|WAYWY28,7,1.000000000000,Marion,097
MARION|WAYWY29,4,0.000000378398,Marion,097
MARION|WAYWY29,7,0.999999621602,Marion,097
MARION|WAYWY3,7,1.000000000000,Marion,097
MARION|WAYWY30,7,1.000000000000,Marion,097
MARION|WAYWY31,7,1.000000000000,Marion,097
MARION|WAYWY32,7,1.000000000000,Marion,097
MARION|WAYWY33,7,1.000000000000,Marion,097
MARION|WAYWY34,7,1.000000000000,Marion,097
MARION|WAYWY35,7,1.000000000000,Marion,097
MARION|WAYWY36,7,1.000000000000,Marion,097
MARION|WAYWY37,7,1.000000000000,Marion,097
MARION|WAYWY38,4,0.000000238132,Marion,097
MARION|WAYWY38,7,0.999999761868,Marion,097
MARION|WAYWY39,7,1.000000000000,Marion,097
MARION|WAYWY4,7,1.000000000000,Marion,097
MARION|WAYWY40,7,1.000000000000,Marion,097
MARION|WAYWY41,7,1.000000000000,Marion,097
MARION|WAYWY42,7,1.000000000000,Marion,097
MARION|WAYWY43,4,0.000004962924,Marion,097
MARION|WAYWY43,7,0.999995037076,Marion,097
MARION|WAYWY44,7,1.000000000000,Marion,097
MARION|WAYWY45,7,1.000000000000,Marion,097
MARION|WAYWY46,7,1.000000000000,Marion,097
MARION|WAYWY47,7,1.000000000000,Marion,097
MARION|WAYWY48,7,1.000000000000,Marion,097
MARION|WAYWY49,7,1.000000000000,Marion,097
MARION|WAYWY5,7,1.000000000000,Marion,097
MARION|WAYWY50,7,1.000000000000,Marion,097
MARION|WAYWY51,4,0.000053168867,Marion,097
MARION|WAYWY51,7,0.999946831133,Marion,097
MARION|WAYWY52,7,1.000000000000,Marion,097
MARION|WAYWY53,7,1.000000000000,Marion,097
MARION|WAYWY54,7,1.000000000000,Marion,097
MARION|WAYWY55,4,0.000005512024,Marion,097
MARION|WAYWY55,7,0.999994487976,Marion,097
MARION|WAYWY56,4,0.000007611939,Marion,097
MARION|WAYWY56,7,0.999992388061,Marion,097
MARION|WAYWY57,6,0.000069860283,Marion,097
MARION|WAYWY57,7,0.999930139717,Marion,097
MARION|WAYWY58,7,1.000000000000,Marion,097
MARION|WAYWY59,6,0.000379656593,Marion,097
MARION|WAYWY59,7,0.999620343407,Marion,097
MARION|WAYWY6,7,1.000000000000,Marion,097
MARION|WAYWY60,6,0.000144814750,Marion,097
MARION|WAYWY60,7,0.999855185250,Marion,097
MARION|WAYWY7,7,1.000000000000,Marion,097
MARION|WAYWY8,7,1.000000000000,Marion,097
MARION|WAYWY9,7,1.000000000000,Marion,097
MARSHALL|BOURBON1,2,1.000000000000,Marshall,099
MARSHALL|BOURBON2,2,1.000000000000,Marshall,099
MARSHALL|CENTER1,2,1.000000000000,Marshall,099
MARSHALL|CENTER2,2,1.000000000000,Marshall,099
MARSHALL|CENTER3,2,1.000000000000,Marshall,099
MARSHALL|CENTER4,2,1.000000000000,Marshall,099
MARSHALL|CENTER5,2,1.000000000000,Marshall,099
MARSHALL|CENTER6,2,1.000000000000,Marshall,099
MARSHALL|CENTER7,2,1.000000000000,Marshall,099
MARSHALL|CENTER8,2,1.000000000000,Marshall,099
MARSHALL|GERMAN1,2,1.000000000000,Marshall,099
MARSHALL|GERMAN2,2,1.000000000000,Marshall,099
MARSHALL|GERMAN3,2,1.000000000000,Marshall,099
MARSHALL|GERMAN4,2,1.000000000000,Marshall,099
MARSHALL|GERMAN5,2,1.000000000000,Marshall,099
MARSHALL|GREEN,2,1.000000000000,Marshall,099
MARSHALL|NORTH1,2,1.000000000000,Marshall,099
MARSHALL|NORTH2,2,1.000000000000,Marshall,099
MARSHALL|NORTH3,2,1.000000000000,Marshall,099
MARSHALL|POLK1,2,1.000000000000,Marshall,099
MARSHALL|POLK2,2,1.000000000000,Marshall,099
MARSHALL|TIPPECANOE,2,1.000000000000,Marshall,099
MARSHALL|UNION1,2,1.000000000000,Marshall,099
MARSHALL|UNION2,2,1.000000000000,Marshall,099
MARSHALL|WALNUT1,2,1.000000000000,Marshall,099
MARSHALL|WALNUT2,2,1.000000000000,Marshall,099
MARSHALL|WEST1,2,1.000000000000,Marshall,099
MARSHALL|WEST2,2,1.000000000000,Marshall,099
MARSHALL|WEST3,2,1.000000000000,Marshall,099
MARSHALL|WESTCITYOFPLYMOUTH,2,1.000000000000,Marshall,099
MARTIN|CRANE,8,1.000000000000,Martin,101
MARTIN|EASTMEMPHIS,8,1.000000000000,Martin,101
MARTIN|LOSTRIVER,8,1.000000000000,Martin,101
MARTIN|MITCHELTREE,8,0.999939964755,Martin,101
MARTIN|MITCHELTREE,9,0.000060035245,Martin,101
MARTIN|NORTHCENTER,8,1.000000000000,Martin,101
MARTIN|NORTHHALBERT,8,1.000000000000,Martin,101
MARTIN|PERRY1,8,1.000000000000,Martin,101
MARTIN|PERRY2,8,1.000000000000,Martin,101
MARTIN|PERRY3,8,1.000000000000,Martin,101
MARTIN|PERRY4,8,1.000000000000,Martin,101
MARTIN|PERRY5,8,1.000000000000,Martin,101
MARTIN|PERRY6,8,1.000000000000,Martin,101
MARTIN|PERRY7,8,1.000000000000,Martin,101
MARTIN|RUTHERFORD,8,1.000000000000,Martin,101
MARTIN|SOUTHCENTER,8,1.000000000000,Martin,101
MARTIN|SOUTHEASTHALBERT,8,1.000000000000,Martin,101
MARTIN|SOUTHHALBERT,8,0.999999832316,Martin,101
MARTIN|SOUTHHALBERT,9,0.000000167684,Martin,101
MARTIN|WESTMEMPHIS,8,1.000000000000,Martin,101
MIAMI|ALLEN,2,1.000000000000,Miami,103
MIAMI|BUTLER,2,1.000000000000,Miami,103
MIAMI|CLAY,2,0.999998990400,Miami,103
MIAMI|CLAY,5,0.000001009600,Miami,103
MIAMI|DEERCREEK,2,0.999977896636,Miami,103
MIAMI|DEERCREEK,5,0.000022103364,Miami,103
MIAMI|ERIE,2,1.000000000000,Miami,103
MIAMI|HARRISON,2,0.999971894489,Miami,103
MIAMI|HARRISON,5,0.000028105511,Miami,103
MIAMI|JACKSON,2,0.999892445236,Miami,103
MIAMI|JACKSON,5,0.000107554764,Miami,103
MIAMI|JEFFERSON,2,1.000000000000,Miami,103
MIAMI|PERRY,2,1.000000000000,Miami,103
MIAMI|PERU10,2,1.000000000000,Miami,103
MIAMI|PERU11,2,1.000000000000,Miami,103
MIAMI|PERU2,2,1.000000000000,Miami,103
MIAMI|PERU3,2,1.000000000000,Miami,103
MIAMI|PERU5,2,1.000000000000,Miami,103
MIAMI|PERU6,2,1.000000000000,Miami,103
MIAMI|PERU7,2,1.000000000000,Miami,103
MIAMI|PERU9,2,1.000000000000,Miami,103
MIAMI|PIPECREEK2,2,1.000000000000,Miami,103
MIAMI|PIPECREEK3,2,1.000000000000,Miami,103
MIAMI|PIPECREEK4,2,1.000000000000,Miami,103
MIAMI|RICHLAND,2,1.000000000000,Miami,103
MIAMI|UNION,2,1.000000000000,Miami,103
MIAMI|WASHINGTON1,2,1.000000000000,Miami,103
MIAMI|WASHINGTON2,2,1.000000000000,Miami,103
MONROE|BEANBLOSSOM1,8,0.000321891829,Monroe,105
MONROE|BEANBLOSSOM1,9,0.999678108171,Monroe,105
MONROE|BEANBLOSSOM2,4,0.000008173884,Monroe,105
MONROE|BEANBLOSSOM2,8,0.000187667568,Monroe,105
MONROE|BEANBLOSSOM2,9,0.999804158548,Monroe,105
MONROE|BENTON1,4,0.000021261248,Monroe,105
MONROE|BENTON1,9,0.999978738752,Monroe,105
MONROE|BENTON2,9,1.000000000000,Monroe,105
MONROE|BLOOMINGTON1,9,1.000000000000,Monroe,105
MONROE|BLOOMINGTON10,9,1.000000000000,Monroe,105
MONROE|BLOOMINGTON11,9,1.000000000000,Monroe,105
MONROE|BLOOMINGTON12,9,1.000000000000,Monroe,105
MONROE|BLOOMINGTON13,9,1.000000000000,Monroe,105
MONROE|BLOOMINGTON14,9,1.000000000000,Monroe,105
MONROE|BLOOMINGTON15,9,1.000000000000,Monroe,105
MONROE|BLOOMINGTON16,9,1.000000000000,Monroe,105
MONROE|BLOOMINGTON17,9,1.000000000000,Monroe,105
MONROE|BLOOMINGTON18,9,1.000000000000,Monroe,105
MONROE|BLOOMINGTON19,9,1.000000000000,Monroe,105
MONROE|BLOOMINGTON2,9,1.000000000000,Monroe,105
MONROE|BLOOMINGTON20,9,1.000000000000,Monroe,105
MONROE|BLOOMINGTON21,9,1.000000000000,Monroe,105
MONROE|BLOOMINGTON22,9,1.000000000000,Monroe,105
MONROE|BLOOMINGTON23,9,1.000000000000,Monroe,105
MONROE|BLOOMINGTON24,9,1.000000000000,Monroe,105
MONROE|BLOOMINGTON3,9,1.000000000000,Monroe,105
MONROE|BLOOMINGTON4,9,1.000000000000,Monroe,105
MONROE|BLOOMINGTON5,9,1.000000000000,Monroe,105
MONROE|BLOOMINGTON6,9,1.000000000000,Monroe,105
MONROE|BLOOMINGTON7,9,1.000000000000,Monroe,105
MONROE|BLOOMINGTON8,9,1.000000000000,Monroe,105
MONROE|BLOOMINGTON9,9,1.000000000000,Monroe,105
MONROE|CLEARCREEK1,9,1.000000000000,Monroe,105
MONROE|CLEARCREEK2,9,1.000000000000,Monroe,105
MONROE|CLEARCREEK3,9,1.000000000000,Monroe,105
MONROE|INDIANCREEK,8,0.000020367449,Monroe,105
MONROE|INDIANCREEK,9,0.999979632551,Monroe,105
MONROE|PERRY1,9,1.000000000000,Monroe,105
MONROE|PERRY10,9,1.000000000000,Monroe,105
MONROE|PERRY11,9,1.000000000000,Monroe,105
MONROE|PERRY12,9,1.000000000000,Monroe,105
MONROE|PERRY13,9,1.000000000000,Monroe,105
MONROE|PERRY14,9,1.000000000000,Monroe,105
MONROE|PERRY15,9,1.000000000000,Monroe,105
MONROE|PERRY16,9,1.000000000000,Monroe,105
MONROE|PERRY17,9,1.000000000000,Monroe,105
MONROE|PERRY18,9,1.000000000000,Monroe,105
MONROE|PERRY19,9,1.000000000000,Monroe,105
MONROE|PERRY2,9,1.000000000000,Monroe,105
MONROE|PERRY20,9,1.000000000000,Monroe,105
MONROE|PERRY21,9,1.000000000000,Monroe,105
MONROE|PERRY22,9,1.000000000000,Monroe,105
MONROE|PERRY23,9,1.000000000000,Monroe,105
MONROE|PERRY24,9,1.000000000000,Monroe,105
MONROE|PERRY25,9,1.000000000000,Monroe,105
MONROE|PERRY26,9,1.000000000000,Monroe,105
MONROE|PERRY27,9,1.000000000000,Monroe,105
MONROE|PERRY28,9,1.000000000000,Monroe,105
MONROE|PERRY29,9,1.000000000000,Monroe,105
MONROE|PERRY3,9,1.000000000000,Monroe,105
MONROE|PERRY30,9,1.000000000000,Monroe,105
MONROE|PERRY31,9,1.000000000000,Monroe,105
MONROE|PERRY32,9,1.000000000000,Monroe,105
MONROE|PERRY4,9,1.000000000000,Monroe,105
MONROE|PERRY5,9,1.000000000000,Monroe,105
MONROE|PERRY6,9,1.000000000000,Monroe,105
MONROE|PERRY7,9,1.000000000000,Monroe,105
MONROE|PERRY8,9,1.000000000000,Monroe,105
MONROE|PERRY9,9,1.000000000000,Monroe,105
MONROE|POLK,9,1.000000000000,Monroe,105
MONROE|RICHLAND1,9,1.000000000000,Monroe,105
MONROE|RICHLAND2,9,1.000000000000,Monroe,105
MONROE|RICHLAND3,9,1.000000000000,Monroe,105
MONROE|RICHLAND4,9,1.000000000000,Monroe,105
MONROE|RICHLAND5,9,1.000000000000,Monroe,105
MONROE|RICHLAND6,8,0.000021638553,Monroe,105
MONROE|RICHLAND6,9,0.999978361447,Monroe,105
MONROE|RICHLAND7,9,1.000000000000,Monroe,105
MONROE|RICHLAND8,9,1.000000000000,Monroe,105
MONROE|RICHLAND9,9,1.000000000000,Monroe,105
MONROE|SALTCREEK,9,1.000000000000,Monroe,105
MONROE|VANBUREN1,9,1.000000000000,Monroe,105
MONROE|VANBUREN2,9,1.000000000000,Monroe,105
MONROE|VANBUREN3,9,1.000000000000,Monroe,105
MONROE|VANBUREN4,8,0.000052050242,Monroe,105
MONROE|VANBUREN4,9,0.999947949758,Monroe,105
MONROE|VANBUREN5,9,1.000000000000,Monroe,105
MONROE|VANBUREN6,9,1.000000000000,Monroe,105
MONROE|WASHINGTON,4,0.000047666364,Monroe,105
MONROE|WASHINGTON,9,0.999952333636,Monroe,105
MONTGOMERY|BROWN,4,0.999982061796,Montgomery,107
MONTGOMERY|BROWN,8,0.000017938204,Montgomery,107
MONTGOMERY|CLARK,4,1.000000000000,Montgomery,107
MONTGOMERY|COALCREEK,4,1.000000000000,Montgomery,107
MONTGOMERY|CRAWFORDSVILLE1,4,1.000000000000,Montgomery,107
MONTGOMERY|CRAWFORDSVILLE10,4,1.000000000000,Montgomery,107
MONTGOMERY|CRAWFORDSVILLE2,4,1.000000000000,Montgomery,107
MONTGOMERY|CRAWFORDSVILLE3,4,1.000000000000,Montgomery,107
MONTGOMERY|CRAWFORDSVILLE4,4,1.000000000000,Montgomery,107
MONTGOMERY|CRAWFORDSVILLE5,4,1.000000000000,Montgomery,107
MONTGOMERY|CRAWFORDSVILLE6,4,1.000000000000,Montgomery,107
MONTGOMERY|CRAWFORDSVILLE7,4,1.000000000000,Montgomery,107
MONTGOMERY|CRAWFORDSVILLE8,4,1.000000000000,Montgomery,107
MONTGOMERY|CRAWFORDSVILLE9,4,1.000000000000,Montgomery,107
MONTGOMERY|FRANKLIN,4,1.000000000000,Montgomery,107
MONTGOMERY|MADISON,4,1.000000000000,Montgomery,107
MONTGOMERY|RIPLEY,4,0.999917074524,Montgomery,107
MONTGOMERY|RIPLEY,8,0.000082925476,Montgomery,107
MONTGOMERY|SCOTT,4,1.000000000000,Montgomery,107
MONTGOMERY|SUGARCREEK,4,1.000000000000,Montgomery,107
MONTGOMERY|UNION1,4,1.000000000000,Montgomery,107
MONTGOMERY|UNION2,4,1.000000000000,Montgomery,107
MONTGOMERY|UNION3,4,1.000000000000,Montgomery,107
MONTGOMERY|UNION4,4,1.000000000000,Montgomery,107
MONTGOMERY|UNION5,4,1.000000000000,Montgomery,107
MONTGOMERY|UNION6,4,1.000000000000,Montgomery,107
MONTGOMERY|UNION7,4,1.000000000000,Montgomery,107
MONTGOMERY|WALNUT,4,1.000000000000,Montgomery,107
MONTGOMERY|WAYNE,4,1.000000000000,Montgomery,107
MORGAN|ADAMS1,4,1.000000000000,Morgan,109
MORGAN|ASHLAND1,4,0.999985457430,Morgan,109
MORGAN|ASHLAND1,8,0.000014542570,Morgan,109
MORGAN|ASHLAND2,4,1.000000000000,Morgan,109
MORGAN|BAKER1,4,0.999732116092,Morgan,109
MORGAN|BAKER1,9,0.000267883908,Morgan,109
MORGAN|BROWN1,4,1.000000000000,Morgan,109
MORGAN|BROWN10,4,1.000000000000,Morgan,109
MORGAN|BROWN11,4,1.000000000000,Morgan,109
MORGAN|BROWN2,4,1.000000000000,Morgan,109
MORGAN|BROWN3,4,1.000000000000,Morgan,109
MORGAN|BROWN4,4,1.000000000000,Morgan,109
MORGAN|BROWN5,4,1.000000000000,Morgan,109
MORGAN|BROWN6,4,1.000000000000,Morgan,109
MORGAN|BROWN7,4,1.000000000000,Morgan,109
MORGAN|BROWN8,4,1.000000000000,Morgan,109
MORGAN|BROWN9,4,1.000000000000,Morgan,109
MORGAN|CLAY1,4,1.000000000000,Morgan,109
MORGAN|CLAY2,4,1.000000000000,Morgan,109
MORGAN|CLAY3,4,1.000000000000,Morgan,109
MORGAN|GREEN1,4,0.999944210674,Morgan,109
MORGAN|GREEN1,6,0.000055789326,Morgan,109
MORGAN|GREEN2,4,0.999950025148,Morgan,109
MORGAN|GREEN2,6,0.000049974852,Morgan,109
MORGAN|GREGG1,4,1.000000000000,Morgan,109
MORGAN|GREGG2,4,1.000000000000,Morgan,109
MORGAN|HARRISON1,4,0.999850299382,Morgan,109
MORGAN|HARRISON1,6,0.000149700618,Morgan,109
MORGAN|JACKSON1,4,0.999991239969,Morgan,109
MORGAN|JACKSON1,6,0.000008760031,Morgan,109
MORGAN|JACKSON2,4,0.999808405298,Morgan,109
MORGAN|JACKSON2,6,0.000067999297,Morgan,109
MORGAN|JACKSON2,9,0.000123595405,Morgan,109
MORGAN|JACKSON3,4,1.000000000000,Morgan,109
MORGAN|JEFFERSON1,4,1.000000000000,Morgan,109
MORGAN|JEFFERSON2,4,1.000000000000,Morgan,109
MORGAN|JEFFERSON3,4,1.000000000000,Morgan,109
MORGAN|MADISON1,4,1.000000000000,Morgan,109
MORGAN|MADISON2,4,1.000000000000,Morgan,109
MORGAN|MADISON3,4,0.999943977206,Morgan,109
MORGAN|MADISON3,6,0.000056022794,Morgan,109
MORGAN|MADISON4,4,1.000000000000,Morgan,109
MORGAN|MADISON5,4,0.999999995103,Morgan,109
MORGAN|MADISON5,6,0.000000004897,Morgan,109
MORGAN|MADISON6,4,0.999999382319,Morgan,109
MORGAN|MADISON6,6,0.000000617681,Morgan,109
MORGAN|MONROE1,4,1.000000000000,Morgan,109
MORGAN|MONROE2,4,1.000000000000,Morgan,109
MORGAN|MONROE3,4,1.000000000000,Morgan,109
MORGAN|RAY1,4,1.000000000000,Morgan,109
MORGAN|RAY2,4,0.999890355683,Morgan,109
MORGAN|RAY2,8,0.000109644317,Morgan,109
MORGAN|WASHINGTON1,4,1.000000000000,Morgan,109
MORGAN|WASHINGTON10,4,1.000000000000,Morgan,109
MORGAN|WASHINGTON11,4,1.000000000000,Morgan,109
MORGAN|WASHINGTON12,4,1.000000000000,Morgan,109
MORGAN|WASHINGTON13,4,1.000000000000,Morgan,109
MORGAN|WASHINGTON14,4,1.000000000000,Morgan,109
MORGAN|WASHINGTON2,4,1.000000000000,Morgan,109
MORGAN|WASHINGTON3,4,1.000000000000,Morgan,109
MORGAN|WASHINGTON4,4,1.000000000000,Morgan,109
MORGAN|WASHINGTON5,4,1.000000000000,Morgan,109
MORGAN|WASHINGTON6,4,1.000000000000,Morgan,109
MORGAN|WASHINGTON7,4,0.999950450571,Morgan,109
MORGAN|WASHINGTON7,9,0.000049549429,Morgan,109
MORGAN|WASHINGTON8,4,1.000000000000,Morgan,109
MORGAN|WASHINGTON9,4,1.000000000000,Morgan,109
NEWTON|BEAVER1,4,1.000000000000,Newton,111
NEWTON|BEAVER2,4,1.000000000000,Newton,111
NEWTON|COLFAX,4,1.000000000000,Newton,111
NEWTON|GRANT1,4,1.000000000000,Newton,111
NEWTON|GRANT2,4,1.000000000000,Newton,111
NEWTON|IROQUOIS1,4,1.000000000000,Newton,111
NEWTON|IROQUOIS2,4,1.000000000000,Newton,111
NEWTON|JACKSON,4,1.000000000000,Newton,111
NEWTON|JEFFERSON1,4,1.000000000000,Newton,111
NEWTON|JEFFERSON2,4,1.000000000000,Newton,111
NEWTON|JEFFERSON3,4,1.000000000000,Newton,111
NEWTON|LAKE1,1,0.000024136352,Newton,111
NEWTON|LAKE1,4,0.999975863648,Newton,111
NEWTON|LAKE2,1,0.000035719210,Newton,111
NEWTON|LAKE2,4,0.999964280790,Newton,111
NEWTON|LINCOLN1,1,0.000253406892,Newton,111
NEWTON|LINCOLN1,4,0.999746593108,Newton,111
NEWTON|LINCOLN2,1,0.000021199682,Newton,111
NEWTON|LINCOLN2,4,0.999978800318,Newton,111
NEWTON|LINCOLN3,4,1.000000000000,Newton,111
NEWTON|MCCLELLAN,4,1.000000000000,Newton,111
NEWTON|WASHINGTON,4,1.000000000000,Newton,111
NOBLE|ALBION28,3,1.000000000000,Noble,113
NOBLE|ALLEN23,3,1.000000000000,Noble,113
NOBLE|ALLEN24,3,1.000000000000,Noble,113
NOBLE|ALLEN25,3,1.000000000000,Noble,113
NOBLE|ALLEN26,3,1.000000000000,Noble,113
NOBLE|ELKHART7,3,1.000000000000,Noble,113
NOBLE|GREEN10,3,1.000000000000,Noble,113
NOBLE|JEFFERSON11,3,1.000000000000,Noble,113
NOBLE|NOBLE29,3,1.000000000000,Noble,113
NOBLE|NOBLE9,3,1.000000000000,Noble,113
NOBLE|ORANGE12,3,1.000000000000,Noble,113
NOBLE|ORANGE13,3,1.000000000000,Noble,113
NOBLE|ORANGE14,3,1.000000000000,Noble,113
NOBLE|PERRY3,2,0.000023742228,Noble,113
NOBLE|PERRY3,3,0.999976257772,Noble,113
NOBLE|PERRY4,3,1.000000000000,Noble,113
NOBLE|PERRY5,3,1.000000000000,Noble,113
NOBLE|PERRY6,3,1.000000000000,Noble,113
NOBLE|SPARTA2,3,1.000000000000,Noble,113
NOBLE|SWAN27,3,1.000000000000,Noble,113
NOBLE|WASHINGTON1,3,1.000000000000,Noble,113
NOBLE|WAYNE15,3,1.000000000000,Noble,113
NOBLE|WAYNE16,3,1.000000000000,Noble,113
NOBLE|WAYNE17,3,1.000000000000,Noble,113
NOBLE|WAYNE18,3,1.000000000000,Noble,113
NOBLE|WAYNE19,3,1.000000000000,Noble,113
NOBLE|WAYNE20,3,1.000000000000,Noble,113
NOBLE|WAYNE21,3,1.000000000000,Noble,113
NOBLE|WAYNE22,3,1.000000000000,Noble,113
NOBLE|YORK8,3,1.000000000000,Noble,113
OHIO|CASS7,9,1.000000000000,Ohio,115
OHIO|PIKE8,9,1.000000000000,Ohio,115
OHIO|RANDOLPH1,9,1.000000000000,Ohio,115
OHIO|RANDOLPH10,9,1.000000000000,Ohio,115
OHIO|RANDOLPH11,9,1.000000000000,Ohio,115
OHIO|RANDOLPH2,9,1.000000000000,Ohio,115
OHIO|RANDOLPH3,9,1.000000000000,Ohio,115
OHIO|RANDOLPH4,9,1.000000000000,Ohio,115
OHIO|RANDOLPH5,9,1.000000000000,Ohio,115
OHIO|RANDOLPH6,9,1.000000000000,Ohio,115
OHIO|UNION9,9,1.000000000000,Ohio,115
ORANGE|FLEWESTBADEN,8,1.000000000000,Orange,117
ORANGE|FLWWESTBADEN,8,1.000000000000,Orange,117
ORANGE|FRENCHLICKEAST,8,1.000000000000,Orange,117
ORANGE|FRENCHLICKNORTH,8,1.000000000000,Orange,117
ORANGE|FRENCHLICKSOUTH,8,1.000000000000,Orange,117
ORANGE|FRENCHLICKWEST,8,1.000000000000,Orange,117
ORANGE|GREENFIELD,8,1.000000000000,Orange,117
ORANGE|JACKSON,8,1.000000000000,Orange,117
ORANGE|NORTHEAST,8,0.999783244249,Orange,117
ORANGE|NORTHEAST,9,0.000216755751,Orange,117
ORANGE|NORTHWEST,8,0.999988432167,Orange,117
ORANGE|NORTHWEST,9,0.000011567833,Orange,117
ORANGE|ORANGEVILLE,8,0.999998389365,Orange,117
ORANGE|ORANGEVILLE,9,0.000001610635,Orange,117
ORANGE|ORLEANSEAST,8,0.999933276379,Orange,117
ORANGE|ORLEANSEAST,9,0.000066723621,Orange,117
ORANGE|ORLEANSNORTHWEST,8,0.999998740696,Orange,117
ORANGE|ORLEANSNORTHWEST,9,0.000001259304,Orange,117
ORANGE|ORLEANSSOUTHWEST,8,1.000000000000,Orange,117
ORANGE|PAOLINORTH,8,1.000000000000,Orange,117
ORANGE|PAOLINORTHEAST,8,1.000000000000,Orange,117
ORANGE|PAOLINORTHWEST,8,1.000000000000,Orange,117
ORANGE|PAOLISOUTH,8,1.000000000000,Orange,117
ORANGE|PAOLISOUTHEAST,8,1.000000000000,Orange,117
ORANGE|PAOLISOUTHWEST,8,1.000000000000,Orange,117
ORANGE|SOUTHEAST,8,0.999997984986,Orange,117
ORANGE|SOUTHEAST,9,0.000002015014,Orange,117
ORANGE|STAMPERSCREEK,8,0.999977256457,Orange,117
ORANGE|STAMPERSCREEK,9,0.000022743543,Orange,117
OWEN|CLAY1,8,0.999987879259,Owen,119
OWEN|CLAY1,9,0.000012120741,Owen,119
OWEN|CLAY2,8,1.000000000000,Owen,119
OWEN|FRANKLIN,8,1.000000000000,Owen,119
OWEN|HARRISON,4,0.000199302121,Owen,119
OWEN|HARRISON,8,0.999800697879,Owen,119
OWEN|JACKSON,4,0.000058707899,Owen,119
OWEN|JACKSON,8,0.999941292101,Owen,119
OWEN|JEFFERSON,8,1.000000000000,Owen,119
OWEN|JENNINGS,4,0.000005233750,Owen,119
OWEN|JENNINGS,8,0.999994766250,Owen,119
OWEN|LAFAYETTE,8,1.000000000000,Owen,119
OWEN|MARION,8,1.000000000000,Owen,119
OWEN|MONTGOMERY,8,1.000000000000,Owen,119
OWEN|MORGAN,8,1.000000000000,Owen,119
OWEN|TAYLOR,4,0.000087766627,Owen,119
OWEN|TAYLOR,8,0.999912233373,Owen,119
OWEN|WASHINGTON1,8,0.999882163363,Owen,119
OWEN|WASHINGTON1,9,0.000117836637,Owen,119
OWEN|WASHINGTON2,8,1.000000000000,Owen,119
OWEN|WASHINGTON3,8,1.000000000000,Owen,119
OWEN|WASHINGTON4,8,0.999980809622,Owen,119
OWEN|WASHINGTON4,9,0.000019190378,Owen,119
OWEN|WAYNE1,4,0.000159548523,Owen,119
OWEN|WAYNE1,8,0.999430541982,Owen,119
OWEN|WAYNE1,9,0.000409909495,Owen,119
OWEN|WAYNE2,8,0.999470860371,Owen,119
OWEN|WAYNE2,9,0.000529139629,Owen,119
PARKE|ADAMS1,8,1.000000000000,Parke,121
PARKE|ADAMS2,8,1.000000000000,Parke,121
PARKE|ADAMS3,8,1.000000000000,Parke,121
PARKE|ADAMS4,8,1.000000000000,Parke,121
PARKE|FLORIDA1,8,1.000000000000,Parke,121
PARKE|FLORIDA2,8,1.000000000000,Parke,121
PARKE|GREENE,4,0.000043112813,Parke,121
PARKE|GREENE,8,0.999956887187,Parke,121
PARKE|HOWARD,4,0.000018870087,Parke,121
PARKE|HOWARD,8,0.999981129913,Parke,121
PARKE|JACKSON,4,0.000011390096,Parke,121
PARKE|JACKSON,8,0.999988609904,Parke,121
PARKE|LIBERTY,8,1.000000000000,Parke,121
PARKE|PENN,8,1.000000000000,Parke,121
PARKE|RACCOON,8,1.000000000000,Parke,121
PARKE|RESERVE,8,1.000000000000,Parke,121
PARKE|SUGARCREEK,8,1.000000000000,Parke,121
PARKE|UNION,4,0.000016285049,Parke,121
PARKE|UNION,8,0.999983714951,Parke,121
PARKE|WABASH,8,1.000000000000,Parke,121
PARKE|WASHINGTON,8,1.000000000000,Parke,121
PERRY|ANDERSON,8,1.000000000000,Perry,123
PERRY|CANNELTON,8,1.000000000000,Perry,123
PERRY|CLARK,8,1.000000000000,Perry,123
PERRY|DERBY,8,1.000000000000,Perry,123
PERRY|LEOPOLD,8,1.000000000000,Perry,123
PERRY|OIL,8,1.000000000000,Perry,123
PERRY|RONO,8,1.000000000000,Perry,123
PERRY|TELLCITY1,8,1.000000000000,Perry,123
PERRY|TELLCITY2,8,1.000000000000,Perry,123
PERRY|TELLCITY3,8,1.000000000000,Perry,123
PERRY|TELLCITY4,8,1.000000000000,Perry,123
PERRY|TELLCITY5,8,1.000000000000,Perry,123
PERRY|TELLCITY6,8,1.000000000000,Perry,123
PERRY|TELLCITY7,8,1.000000000000,Perry,123
PERRY|TELLCITY8,8,1.000000000000,Perry,123
PERRY|TOBIN,8,1.000000000000,Perry,123
PERRY|TROY,8,1.000000000000,Perry,123
PERRY|TROYTOWNSHIP1,8,1.000000000000,Perry,123
PERRY|TROYTOWNSHIP2,8,1.000000000000,Perry,123
PIKE|CLAY,8,1.000000000000,Pike,125
PIKE|JEFFERSON1,8,1.000000000000,Pike,125
PIKE|JEFFERSON2,8,1.000000000000,Pike,125
PIKE|LOCKHART,8,1.000000000000,Pike,125
PIKE|LOGAN,8,1.000000000000,Pike,125
PIKE|MADISON,8,1.000000000000,Pike,125
PIKE|MARION,8,1.000000000000,Pike,125
PIKE|MONROE,8,1.000000000000,Pike,125
PIKE|PATOKA1,8,1.000000000000,Pike,125
PIKE|PATOKA2,8,1.000000000000,Pike,125
PIKE|PETERSBURG1,8,1.000000000000,Pike,125
PIKE|PETERSBURG2,8,1.000000000000,Pike,125
PIKE|PETERSBURG3,8,1.000000000000,Pike,125
PIKE|PETERSBURG4,8,1.000000000000,Pike,125
PIKE|WASHINGTON1,8,1.000000000000,Pike,125
PIKE|WASHINGTON2,8,1.000000000000,Pike,125
PIKE|WASHINGTON3,8,1.000000000000,Pike,125
PIKE|WINSLOW,8,1.000000000000,Pike,125
PORTER|BOONE1,1,1.000000000000,Porter,127
PORTER|BOONE2,1,0.999945711377,Porter,127
PORTER|BOONE2,4,0.000054288623,Porter,127
PORTER|BOONE3,1,1.000000000000,Porter,127
PORTER|BOONE4,1,1.000000000000,Porter,127
PORTER|BOONE5,1,1.000000000000,Porter,127
PORTER|CENTER1,1,1.000000000000,Porter,127
PORTER|CENTER11,1,1.000000000000,Porter,127
PORTER|CENTER13,1,1.000000000000,Porter,127
PORTER|CENTER14,1,1.000000000000,Porter,127
PORTER|CENTER15,1,1.000000000000,Porter,127
PORTER|CENTER16,1,1.000000000000,Porter,127
PORTER|CENTER17,1,1.000000000000,Porter,127
PORTER|CENTER18,1,1.000000000000,Porter,127
PORTER|CENTER19,1,1.000000000000,Porter,127
PORTER|CENTER2,1,1.000000000000,Porter,127
PORTER|CENTER20,1,1.000000000000,Porter,127
PORTER|CENTER21,1,1.000000000000,Porter,127
PORTER|CENTER22,1,1.000000000000,Porter,127
PORTER|CENTER23,1,1.000000000000,Porter,127
PORTER|CENTER24,1,1.000000000000,Porter,127
PORTER|CENTER25,1,1.000000000000,Porter,127
PORTER|CENTER26,1,1.000000000000,Porter,127
PORTER|CENTER27,1,1.000000000000,Porter,127
PORTER|CENTER28,1,1.000000000000,Porter,127
PORTER|CENTER29,1,1.000000000000,Porter,127
PORTER|CENTER3,1,1.000000000000,Porter,127
PORTER|CENTER30,1,1.000000000000,Porter,127
PORTER|CENTER31,1,1.000000000000,Porter,127
PORTER|CENTER32,1,1.000000000000,Porter,127
PORTER|CENTER33,1,1.000000000000,Porter,127
PORTER|CENTER34,1,1.000000000000,Porter,127
PORTER|CENTER35,1,1.000000000000,Porter,127
PORTER|CENTER5,1,1.000000000000,Porter,127
PORTER|CENTER6,1,1.000000000000,Porter,127
PORTER|CENTER7,1,1.000000000000,Porter,127
PORTER|CENTER8,1,1.000000000000,Porter,127
PORTER|CENTER9,1,1.000000000000,Porter,127
PORTER|JACKSON1,1,1.000000000000,Porter,127
PORTER|JACKSON2,1,1.000000000000,Porter,127
PORTER|JACKSON3,1,1.000000000000,Porter,127
PORTER|JACKSON4,1,1.000000000000,Porter,127
PORTER|JACKSON5,1,1.000000000000,Porter,127
PORTER|LAKEMICHIGANNV,1,1.000000000000,Porter,127
PORTER|LIBERTY1,1,1.000000000000,Porter,127
PORTER|LIBERTY2,1,1.000000000000,Porter,127
PORTER|LIBERTY3,1,1.000000000000,Porter,127
PORTER|LIBERTY4,1,1.000000000000,Porter,127
PORTER|LIBERTY5,1,1.000000000000,Porter,127
PORTER|LIBERTY6,1,1.000000000000,Porter,127
PORTER|LIBERTY7,1,1.000000000000,Porter,127
PORTER|MORGAN1,1,0.999961167957,Porter,127
PORTER|MORGAN1,2,0.000038832043,Porter,127
PORTER|MORGAN2,1,1.000000000000,Porter,127
PORTER|MORGAN3,1,0.999998541869,Porter,127
PORTER|MORGAN3,2,0.000001458131,Porter,127
PORTER|PINE1,1,1.000000000000,Porter,127
PORTER|PINE2,1,1.000000000000,Porter,127
PORTER|PLEASANT1,1,0.999825320508,Porter,127
PORTER|PLEASANT1,2,0.000079150012,Porter,127
PORTER|PLEASANT1,4,0.000095529480,Porter,127
PORTER|PLEASANT2,1,0.999940318814,Porter,127
PORTER|PLEASANT2,4,0.000059681186,Porter,127
PORTER|PLEASANT3,1,1.000000000000,Porter,127
PORTER|PORTAGE1,1,1.000000000000,Porter,127
PORTER|PORTAGE10,1,1.000000000000,Porter,127
PORTER|PORTAGE12,1,1.000000000000,Porter,127
PORTER|PORTAGE13,1,1.000000000000,Porter,127
PORTER|PORTAGE14,1,1.000000000000,Porter,127
PORTER|PORTAGE15,1,1.000000000000,Porter,127
PORTER|PORTAGE16,1,1.000000000000,Porter,127
PORTER|PORTAGE17,1,1.000000000000,Porter,127
PORTER|PORTAGE18,1,1.000000000000,Porter,127
PORTER|PORTAGE19,1,1.000000000000,Porter,127
PORTER|PORTAGE2,1,1.000000000000,Porter,127
PORTER|PORTAGE20,1,1.000000000000,Porter,127
PORTER|PORTAGE21,1,1.000000000000,Porter,127
PORTER|PORTAGE22,1,1.000000000000,Porter,127
PORTER|PORTAGE23,1,1.000000000000,Porter,127
PORTER|PORTAGE24,1,1.000000000000,Porter,127
PORTER|PORTAGE25,1,1.000000000000,Porter,127
PORTER|PORTAGE26,1,1.000000000000,Porter,127
PORTER|PORTAGE27,1,1.000000000000,Porter,127
PORTER|PORTAGE28,1,1.000000000000,Porter,127
PORTER|PORTAGE3,1,1.000000000000,Porter,127
PORTER|PORTAGE31,1,1.000000000000,Porter,127
PORTER|PORTAGE32,1,1.000000000000,Porter,127
PORTER|PORTAGE33,1,1.000000000000,Porter,127
PORTER|PORTAGE35,1,1.000000000000,Porter,127
PORTER|PORTAGE36,1,1.000000000000,Porter,127
PORTER|PORTAGE37,1,1.000000000000,Porter,127
PORTER|PORTAGE38,1,1.000000000000,Porter,127
PORTER|PORTAGE4,1,1.000000000000,Porter,127
PORTER|PORTAGE5,1,1.000000000000,Porter,127
PORTER|PORTAGE6,1,1.000000000000,Porter,127
PORTER|PORTAGE7,1,1.000000000000,Porter,127
PORTER|PORTAGE9,1,1.000000000000,Porter,127
PORTER|PORTER1,1,1.000000000000,Porter,127
PORTER|PORTER2,1,1.000000000000,Porter,127
PORTER|PORTER3,1,1.000000000000,Porter,127
PORTER|PORTER4,1,1.000000000000,Porter,127
PORTER|PORTER5,1,1.000000000000,Porter,127
PORTER|PORTER6,1,1.000000000000,Porter,127
PORTER|PORTER7,1,1.000000000000,Porter,127
PORTER|UNION1,1,1.000000000000,Porter,127
PORTER|UNION2,1,1.000000000000,Porter,127
PORTER|UNION3,1,1.000000000000,Porter,127
PORTER|UNION4,1,1.000000000000,Porter,127
PORTER|UNION5,1,1.000000000000,Porter,127
PORTER|UNION6,1,1.000000000000,Porter,127
PORTER|UNION7,1,1.000000000000,Porter,127
PORTER|WASHINGTON1,1,0.999994710420,Porter,127
PORTER|WASHINGTON1,2,0.000005289580,Porter,127
PORTER|WASHINGTON2,1,0.999903863891,Porter,127
PORTER|WASHINGTON2,2,0.000096136109,Porter,127
PORTER|WASHINGTON3,1,1.000000000000,Porter,127
PORTER|WESTCHESTER1,1,1.000000000000,Porter,127
PORTER|WESTCHESTER10,1,1.000000000000,Porter,127
PORTER|WESTCHESTER11,1,1.000000000000,Porter,127
PORTER|WESTCHESTER12,1,1.000000000000,Porter,127
PORTER|WESTCHESTER13,1,1.000000000000,Porter,127
PORTER|WESTCHESTER14,1,1.000000000000,Porter,127
PORTER|WESTCHESTER16,1,1.000000000000,Porter,127
PORTER|WESTCHESTER17,1,1.000000000000,Porter,127
PORTER|WESTCHESTER18,1,1.000000000000,Porter,127
PORTER|WESTCHESTER3,1,1.000000000000,Porter,127
PORTER|WESTCHESTER4,1,1.000000000000,Porter,127
PORTER|WESTCHESTER5,1,1.000000000000,Porter,127
PORTER|WESTCHESTER6,1,1.000000000000,Porter,127
PORTER|WESTCHESTER7,1,1.000000000000,Porter,127
PORTER|WESTCHESTER8,1,1.000000000000,Porter,127
PORTER|WESTCHESTER9,1,1.000000000000,Porter,127
POSEY|BETHEL,8,1.000000000000,Posey,129
POSEY|BLACK1,8,1.000000000000,Posey,129
POSEY|BLACK10,8,1.000000000000,Posey,129
POSEY|BLACK11,8,1.000000000000,Posey,129
POSEY|BLACK12,8,1.000000000000,Posey,129
POSEY|BLACK13,8,1.000000000000,Posey,129
POSEY|BLACK2,8,1.000000000000,Posey,129
POSEY|BLACK3,8,1.000000000000,Posey,129
POSEY|BLACK4,8,1.000000000000,Posey,129
POSEY|BLACK5,8,1.000000000000,Posey,129
POSEY|BLACK6,8,1.000000000000,Posey,129
POSEY|BLACK7,8,1.000000000000,Posey,129
POSEY|BLACK8,8,1.000000000000,Posey,129
POSEY|BLACK9,8,1.000000000000,Posey,129
POSEY|CENTERNORTH,8,1.000000000000,Posey,129
POSEY|CENTERSOUTH,8,1.000000000000,Posey,129
POSEY|HARMONY1,8,1.000000000000,Posey,129
POSEY|HARMONY2,8,1.000000000000,Posey,129
POSEY|HARMONY3,8,1.000000000000,Posey,129
POSEY|LYNNEAST,8,1.000000000000,Posey,129
POSEY|LYNNWEST,8,1.000000000000,Posey,129
POSEY|MARRSCENTER,8,1.000000000000,Posey,129
POSEY|MARRSNORTH,8,1.000000000000,Posey,129
POSEY|MARRSSOUTH,8,1.000000000000,Posey,129
POSEY|MARRSWEST,8,1.000000000000,Posey,129
POSEY|POINT,8,1.000000000000,Posey,129
POSEY|ROBB1,8,1.000000000000,Posey,129
POSEY|ROBB2,8,1.000000000000,Posey,129
POSEY|ROBB3,8,1.000000000000,Posey,129
POSEY|ROBINSON1,8,1.000000000000,Posey,129
POSEY|ROBINSON2,8,1.000000000000,Posey,129
POSEY|ROBINSON3,8,1.000000000000,Posey,129
POSEY|SMITHEAST,8,1.000000000000,Posey,129
POSEY|SMITHWEST,8,1.000000000000,Posey,129
PULASKI|BEAVER,2,0.999959599002,Pulaski,131
PULASKI|BEAVER,4,0.000040400998,Pulaski,131
PULASKI|CASS,2,0.999970066230,Pulaski,131
PULASKI|CASS,4,0.000029933770,Pulaski,131
PULASKI|FRANKLIN,2,1.000000000000,Pulaski,131
PULASKI|HARRISON,2,1.000000000000,Pulaski,131
PULASKI|INDIANCREEK,2,0.999977536465,Pulaski,131
PULASKI|INDIANCREEK,4,0.000022463535,Pulaski,131
PULASKI|JEFFERSON,2,1.000000000000,Pulaski,131
PULASKI|MONROE1,2,1.000000000000,Pulaski,131
PULASKI|MONROE2,2,1.000000000000,Pulaski,131
PULASKI|MONROE3,2,1.000000000000,Pulaski,131
PULASKI|MONROE4,2,1.000000000000,Pulaski,131
PULASKI|RICHGROVE,2,1.000000000000,Pulaski,131
PULASKI|SALEM,2,0.999915843750,Pulaski,131
PULASKI|SALEM,4,0.000084156250,Pulaski,131
PULASKI|TIPPECANOE,2,1.000000000000,Pulaski,131
PULASKI|VANBUREN,2,0.999967140230,Pulaski,131
PULASKI|VANBUREN,4,0.000032859770,Pulaski,131
PULASKI|WHITEPOST,2,0.999961238521,Pulaski,131
PULASKI|WHITEPOST,4,0.000038761479,Pulaski,131
PUTNAM|CLINTON,4,0.999939861685,Putnam,133
PUTNAM|CLINTON,8,0.000060138315,Putnam,133
PUTNAM|CLOVERDALE1,4,0.999961915568,Putnam,133
PUTNAM|CLOVERDALE1,8,0.000038084432,Putnam,133
PUTNAM|CLOVERDALE2,4,1.000000000000,Putnam,133
PUTNAM|CLOVERDALE3,4,0.999885900779,Putnam,133
PUTNAM|CLOVERDALE3,8,0.000114099221,Putnam,133
PUTNAM|EAST,4,1.000000000000,Putnam,133
PUTNAM|FLOYDEAST,4,1.000000000000,Putnam,133
PUTNAM|FLOYDSOUTH,4,1.000000000000,Putnam,133
PUTNAM|FLOYDWEST,4,1.000000000000,Putnam,133
PUTNAM|FOXRIDGE,4,1.000000000000,Putnam,133
PUTNAM|FRANKLINNORTH,4,1.000000000000,Putnam,133
PUTNAM|FRANKLINSOUTH,4,1.000000000000,Putnam,133
PUTNAM|GREENCASTLENORTH,4,1.000000000000,Putnam,133
PUTNAM|JACKSON,4,1.000000000000,Putnam,133
PUTNAM|JEFFERSON,4,1.000000000000,Putnam,133
PUTNAM|LIMEDALE,4,1.000000000000,Putnam,133
PUTNAM|MADISON,4,0.999949220819,Putnam,133
PUTNAM|MADISON,8,0.000050779181,Putnam,133
PUTNAM|MARIONNORTH,4,1.000000000000,Putnam,133
PUTNAM|MARIONSOUTH,4,1.000000000000,Putnam,133
PUTNAM|MONROEEAST,4,1.000000000000,Putnam,133
PUTNAM|MONROEWEST,4,1.000000000000,Putnam,133
PUTNAM|NORTH,4,1.000000000000,Putnam,133
PUTNAM|RUSSELL,4,0.999975342828,Putnam,133
PUTNAM|RUSSELL,8,0.000024657172,Putnam,133
PUTNAM|SOUTH,4,1.000000000000,Putnam,133
PUTNAM|WARREN,4,1.000000000000,Putnam,133
PUTNAM|WASHINGTONNORTH,4,0.999950126823,Putnam,133
PUTNAM|WASHINGTONNORTH,8,0.000049873177,Putnam,133
PUTNAM|WASHINGTONSOUTH,4,0.999901105033,Putnam,133
PUTNAM|WASHINGTONSOUTH,8,0.000098894967,Putnam,133
PUTNAM|WEST,4,1.000000000000,Putnam,133
RANDOLPH|FARMLAND,3,0.999974740840,Randolph,135
RANDOLPH|FARMLAND,6,0.000025259160,Randolph,135
RANDOLPH|GREEN,3,0.999993764828,Randolph,135
RANDOLPH|GREEN,5,0.000006235172,Randolph,135
RANDOLPH|JACKSON,3,1.000000000000,Randolph,135
RANDOLPH|PARKER,3,0.999852752887,Randolph,135
RANDOLPH|PARKER,5,0.000023806142,Randolph,135
RANDOLPH|PARKER,6,0.000123440971,Randolph,135
RANDOLPH|RIDGEVILLE,3,1.000000000000,Randolph,135
RANDOLPH|SPARTANBURG,6,1.000000000000,Randolph,135
RANDOLPH|STONEYCREEK,3,0.000039624190,Randolph,135
RANDOLPH|STONEYCREEK,5,0.000128832882,Randolph,135
RANDOLPH|STONEYCREEK,6,0.999831542928,Randolph,135
RANDOLPH|UNION,5,0.000000102789,Randolph,135
RANDOLPH|UNION,6,0.999999897211,Randolph,135
RANDOLPH|UNIONCITY1,3,1.000000000000,Randolph,135
RANDOLPH|UNIONCITY2,3,1.000000000000,Randolph,135
RANDOLPH|WARD,3,1.000000000000,Randolph,135
RANDOLPH|WASHINGTON,6,1.000000000000,Randolph,135
RANDOLPH|WAYNE,3,0.347262339708,Randolph,135
RANDOLPH|WAYNE,6,0.652737660292,Randolph,135
RANDOLPH|WHITERIVER1,3,0.987887278561,Randolph,135
RANDOLPH|WHITERIVER1,6,0.012112721439,Randolph,135
RANDOLPH|WHITERIVER2,3,0.028384464156,Randolph,135
RANDOLPH|WHITERIVER2,6,0.971615535844,Randolph,135
RANDOLPH|WINCHESTER12,3,0.999929212374,Randolph,135
RANDOLPH|WINCHESTER12,6,0.000070787626,Randolph,135
RANDOLPH|WINCHESTER3,3,0.999110389211,Randolph,135
RANDOLPH|WINCHESTER3,6,0.000889610789,Randolph,135
RANDOLPH|WINCHESTER4,3,0.998028436894,Randolph,135
RANDOLPH|WINCHESTER4,6,0.001971563106,Randolph,135
RIPLEY|ADAMS1,9,1.000000000000,Ripley,137
RIPLEY|ADAMS2,9,1.000000000000,Ripley,137
RIPLEY|ADAMS3,9,1.000000000000,Ripley,137
RIPLEY|BROWN1,9,1.000000000000,Ripley,137
RIPLEY|BROWN2,9,1.000000000000,Ripley,137
RIPLEY|CENTER1,9,1.000000000000,Ripley,137
RIPLEY|CENTER2,9,1.000000000000,Ripley,137
RIPLEY|CENTER3,9,1.000000000000,Ripley,137
RIPLEY|DELAWARE,9,1.000000000000,Ripley,137
RIPLEY|FRANKLIN1,9,1.000000000000,Ripley,137
RIPLEY|FRANKLIN2,9,1.000000000000,Ripley,137
RIPLEY|FRANKLIN3,9,1.000000000000,Ripley,137
RIPLEY|JACKSON,9,1.000000000000,Ripley,137
RIPLEY|JOHNSON1,9,1.000000000000,Ripley,137
RIPLEY|JOHNSON2,9,1.000000000000,Ripley,137
RIPLEY|JOHNSON3,9,1.000000000000,Ripley,137
RIPLEY|LAUGHERY1,9,1.000000000000,Ripley,137
RIPLEY|LAUGHERY11,9,1.000000000000,Ripley,137
RIPLEY|LAUGHERY21,9,1.000000000000,Ripley,137
RIPLEY|LAUGHERY31,9,1.000000000000,Ripley,137
RIPLEY|OTTERCREEK1,9,1.000000000000,Ripley,137
RIPLEY|OTTERCREEK2,9,1.000000000000,Ripley,137
RIPLEY|SHELBY,9,1.000000000000,Ripley,137
RIPLEY|WASHINGTON1,9,1.000000000000,Ripley,137
RIPLEY|WASHINGTON2,9,1.000000000000,Ripley,137
RUSH|ANDERSON14,6,0.999951304040,Rush,139
RUSH|ANDERSON14,9,0.000048695960,Rush,139
RUSH|CENTER16,6,1.000000000000,Rush,139
RUSH|JACKSON15,6,1.000000000000,Rush,139
RUSH|NOBLE19,6,1.000000000000,Rush,139
RUSH|ORANGE13,6,0.999969524634,Rush,139
RUSH|ORANGE13,9,0.000030475366,Rush,139
RUSH|POSEY11,6,1.000000000000,Rush,139
RUSH|RICHLAND20,6,0.999926656974,Rush,139
RUSH|RICHLAND20,9,0.000073343026,Rush,139
RUSH|RIPLEY10,6,1.000000000000,Rush,139
RUSH|RIPLEY9,6,1.000000000000,Rush,139
RUSH|RUSHVILLECITY1,6,1.000000000000,Rush,139
RUSH|RUSHVILLECITY2,6,1.000000000000,Rush,139
RUSH|RUSHVILLECITY3,6,1.000000000000,Rush,139
RUSH|RUSHVILLETOWNSHIP7,6,1.000000000000,Rush,139
RUSH|RUSHVILLETOWNSHIP8,6,1.000000000000,Rush,139
RUSH|UNION18,6,1.000000000000,Rush,139
RUSH|WALKER12,6,1.000000000000,Rush,139
RUSH|WASHINGTON17,6,1.000000000000,Rush,139
SCOTT|FINLEY1,9,1.000000000000,Scott,143
SCOTT|JENNINGS1,9,1.000000000000,Scott,143
SCOTT|JENNINGS2,9,1.000000000000,Scott,143
SCOTT|JENNINGS3,9,1.000000000000,Scott,143
SCOTT|JENNINGS4,9,1.000000000000,Scott,143
SCOTT|JENNINGS5,9,1.000000000000,Scott,143
SCOTT|JOHNSON1,9,1.000000000000,Scott,143
SCOTT|LEXINGTON1,9,1.000000000000,Scott,143
SCOTT|LEXINGTON2,9,1.000000000000,Scott,143
SCOTT|LEXINGTON3,9,1.000000000000,Scott,143
SCOTT|VIENNA1,9,1.000000000000,Scott,143
SCOTT|VIENNA2,9,1.000000000000,Scott,143
SCOTT|VIENNA3,9,1.000000000000,Scott,143
SCOTT|VIENNA4,9,1.000000000000,Scott,143
SCOTT|VIENNA5,9,1.000000000000,Scott,143
SCOTT|VIENNA6,9,1.000000000000,Scott,143
SHELBY|ADDISONEAST,6,1.000000000000,Shelby,145
SHELBY|ADDISONWEST,6,1.000000000000,Shelby,145
SHELBY|BRANDYWINE,6,1.000000000000,Shelby,145
SHELBY|BRANDYWINENW,6,1.000000000000,Shelby,145
SHELBY|BRANDYWINESHELBYVILLE,6,1.000000000000,Shelby,145
SHELBY|EAST,6,1.000000000000,Shelby,145
SHELBY|HANOVERNORTH,6,1.000000000000,Shelby,145
SHELBY|HANOVERSOUTH,6,1.000000000000,Shelby,145
SHELBY|HENDRICKS,6,1.000000000000,Shelby,145
SHELBY|JACKSON,6,1.000000000000,Shelby,145
SHELBY|LIBERTYEAST,6,0.999998544343,Shelby,145
SHELBY|LIBERTYEAST,9,0.000001455657,Shelby,145
SHELBY|LIBERTYWEST,6,1.000000000000,Shelby,145
SHELBY|MARION,6,1.000000000000,Shelby,145
SHELBY|MORALNORTH,6,1.000000000000,Shelby,145
SHELBY|MORALNORTHWEST,6,1.000000000000,Shelby,145
SHELBY|MORALSOUTH,6,1.000000000000,Shelby,145
SHELBY|MORALSOUTHWEST,6,1.000000000000,Shelby,145
SHELBY|NOBLE,6,0.999951709977,Shelby,145
SHELBY|NOBLE,9,0.000048290023,Shelby,145
SHELBY|NORTH,6,1.000000000000,Shelby,145
SHELBY|NORTHEAST,6,1.000000000000,Shelby,145
SHELBY|NORTHWEST,6,1.000000000000,Shelby,145
SHELBY|SHELBYEAST,6,1.000000000000,Shelby,145
SHELBY|SHELBYWEST,6,1.000000000000,Shelby,145
SHELBY|SOUTH,6,1.000000000000,Shelby,145
SHELBY|SOUTHEAST,6,1.000000000000,Shelby,145
SHELBY|SUGARCREEK,6,1.000000000000,Shelby,145
SHELBY|UNION,6,1.000000000000,Shelby,145
SHELBY|VANBUREN,6,1.000000000000,Shelby,145
SHELBY|VANBURENMORRISTOWN,6,1.000000000000,Shelby,145
SHELBY|WASHINGTON,6,1.000000000000,Shelby,145
SHELBY|WEST,6,1.000000000000,Shelby,145
SPENCER|CARTER1,8,1.000000000000,Spencer,147
SPENCER|CARTER2,8,1.000000000000,Spencer,147
SPENCER|CARTER3,8,1.000000000000,Spencer,147
SPENCER|CARTER4,8,1.000000000000,Spencer,147
SPENCER|CLAY1,8,1.000000000000,Spencer,147
SPENCER|CLAY2,8,1.000000000000,Spencer,147
SPENCER|CLAY3,8,1.000000000000,Spencer,147
SPENCER|GRASS1,8,1.000000000000,Spencer,147
SPENCER|GRASS2,8,1.000000000000,Spencer,147
SPENCER|HAMMOND1,8,1.000000000000,Spencer,147
SPENCER|HAMMOND2,8,1.000000000000,Spencer,147
SPENCER|HARRISON1,8,1.000000000000,Spencer,147
SPENCER|HARRISON2,8,1.000000000000,Spencer,147
SPENCER|HUFF,8,1.000000000000,Spencer,147
SPENCER|JACKSON,8,1.000000000000,Spencer,147
SPENCER|LUCE1,8,1.000000000000,Spencer,147
SPENCER|LUCE2,8,1.000000000000,Spencer,147
SPENCER|LUCE3,8,1.000000000000,Spencer,147
SPENCER|OHIO1,8,1.000000000000,Spencer,147
SPENCER|OHIO2,8,1.000000000000,Spencer,147
SPENCER|OHIO3,8,1.000000000000,Spencer,147
SPENCER|OHIO4,8,1.000000000000,Spencer,147
SPENCER|OHIO5,8,1.000000000000,Spencer,147
SPENCER|OHIO6,8,1.000000000000,Spencer,147
ST JOSEPH|100001,2,1.000000000000,St. Joseph,141
ST JOSEPH|100002,2,1.000000000000,St. Joseph,141
ST JOSEPH|100003,2,1.000000000000,St. Joseph,141
ST JOSEPH|100004,2,1.000000000000,St. Joseph,141
ST JOSEPH|10001,2,1.000000000000,St. Joseph,141
ST JOSEPH|10002,2,1.000000000000,St. Joseph,141
ST JOSEPH|10003,2,1.000000000000,St. Joseph,141
ST JOSEPH|10004,2,1.000000000000,St. Joseph,141
ST JOSEPH|10005,2,1.000000000000,St. Joseph,141
ST JOSEPH|110001,2,1.000000000000,St. Joseph,141
ST JOSEPH|110002,2,1.000000000000,St. Joseph,141
ST JOSEPH|110003,2,1.000000000000,St. Joseph,141
ST JOSEPH|110004,2,1.000000000000,St. Joseph,141
ST JOSEPH|110005,2,1.000000000000,St. Joseph,141
ST JOSEPH|110006,2,1.000000000000,St. Joseph,141
ST JOSEPH|110007,2,1.000000000000,St. Joseph,141
ST JOSEPH|110008,2,1.000000000000,St. Joseph,141
ST JOSEPH|110009,2,1.000000000000,St. Joseph,141
ST JOSEPH|110010,2,1.000000000000,St. Joseph,141
ST JOSEPH|110011,2,1.000000000000,St. Joseph,141
ST JOSEPH|110012,2,1.000000000000,St. Joseph,141
ST JOSEPH|110013,2,1.000000000000,St. Joseph,141
ST JOSEPH|110014,2,1.000000000000,St. Joseph,141
ST JOSEPH|110015,2,1.000000000000,St. Joseph,141
ST JOSEPH|110016,2,1.000000000000,St. Joseph,141
ST JOSEPH|110017,2,1.000000000000,St. Joseph,141
ST JOSEPH|120001,2,1.000000000000,St. Joseph,141
ST JOSEPH|120002,2,1.000000000000,St. Joseph,141
ST JOSEPH|120003,2,1.000000000000,St. Joseph,141
ST JOSEPH|120004,2,1.000000000000,St. Joseph,141
ST JOSEPH|120005,2,1.000000000000,St. Joseph,141
ST JOSEPH|130101,2,1.000000000000,St. Joseph,141
ST JOSEPH|130102,2,1.000000000000,St. Joseph,141
ST JOSEPH|130103,2,1.000000000000,St. Joseph,141
ST JOSEPH|130104,2,1.000000000000,St. Joseph,141
ST JOSEPH|130105,2,1.000000000000,St. Joseph,141
ST JOSEPH|130106,2,1.000000000000,St. Joseph,141
ST JOSEPH|130107,2,1.000000000000,St. Joseph,141
ST JOSEPH|130108,2,1.000000000000,St. Joseph,141
ST JOSEPH|130109,2,1.000000000000,St. Joseph,141
ST JOSEPH|130110,2,1.000000000000,St. Joseph,141
ST JOSEPH|130111,2,1.000000000000,St. Joseph,141
ST JOSEPH|130112,2,1.000000000000,St. Joseph,141
ST JOSEPH|130114,2,1.000000000000,St. Joseph,141
ST JOSEPH|130115,2,1.000000000000,St. Joseph,141
ST JOSEPH|130201,2,1.000000000000,St. Joseph,141
ST JOSEPH|130202,2,1.000000000000,St. Joseph,141
ST JOSEPH|130203,2,1.000000000000,St. Joseph,141
ST JOSEPH|130204,2,1.000000000000,St. Joseph,141
ST JOSEPH|130205,2,1.000000000000,St. Joseph,141
ST JOSEPH|130206,2,1.000000000000,St. Joseph,141
ST JOSEPH|130207,2,1.000000000000,St. Joseph,141
ST JOSEPH|130208,2,1.000000000000,St. Joseph,141
ST JOSEPH|130209,2,1.000000000000,St. Joseph,141
ST JOSEPH|130210,2,1.000000000000,St. Joseph,141
ST JOSEPH|130211,2,1.000000000000,St. Joseph,141
ST JOSEPH|130301,2,1.000000000000,St. Joseph,141
ST JOSEPH|130302,2,1.000000000000,St. Joseph,141
ST JOSEPH|130303,2,1.000000000000,St. Joseph,141
ST JOSEPH|130304,2,1.000000000000,St. Joseph,141
ST JOSEPH|130305,2,1.000000000000,St. Joseph,141
ST JOSEPH|130306,2,1.000000000000,St. Joseph,141
ST JOSEPH|130307,2,1.000000000000,St. Joseph,141
ST JOSEPH|130308,2,1.000000000000,St. Joseph,141
ST JOSEPH|130309,2,1.000000000000,St. Joseph,141
ST JOSEPH|130310,2,1.000000000000,St. Joseph,141
ST JOSEPH|130311,2,1.000000000000,St. Joseph,141
ST JOSEPH|130312,2,1.000000000000,St. Joseph,141
ST JOSEPH|130313,2,1.000000000000,St. Joseph,141
ST JOSEPH|130314,2,1.000000000000,St. Joseph,141
ST JOSEPH|130401,2,1.000000000000,St. Joseph,141
ST JOSEPH|130402,2,1.000000000000,St. Joseph,141
ST JOSEPH|130403,2,1.000000000000,St. Joseph,141
ST JOSEPH|130404,2,1.000000000000,St. Joseph,141
ST JOSEPH|130405,2,1.000000000000,St. Joseph,141
ST JOSEPH|130406,2,1.000000000000,St. Joseph,141
ST JOSEPH|130407,2,1.000000000000,St. Joseph,141
ST JOSEPH|130408,2,1.000000000000,St. Joseph,141
ST JOSEPH|130409,2,1.000000000000,St. Joseph,141
ST JOSEPH|130410,2,1.000000000000,St. Joseph,141
ST JOSEPH|130411,2,1.000000000000,St. Joseph,141
ST JOSEPH|130412,2,1.000000000000,St. Joseph,141
ST JOSEPH|130413,2,1.000000000000,St. Joseph,141
ST JOSEPH|130414,2,1.000000000000,St. Joseph,141
ST JOSEPH|130415,2,1.000000000000,St. Joseph,141
ST JOSEPH|130416,2,1.000000000000,St. Joseph,141
ST JOSEPH|130417,2,1.000000000000,St. Joseph,141
ST JOSEPH|130501,2,1.000000000000,St. Joseph,141
ST JOSEPH|130502,2,1.000000000000,St. Joseph,141
ST JOSEPH|130503,2,1.000000000000,St. Joseph,141
ST JOSEPH|130504,2,1.000000000000,St. Joseph,141
ST JOSEPH|130505,2,1.000000000000,St. Joseph,141
ST JOSEPH|130506,2,1.000000000000,St. Joseph,141
ST JOSEPH|130507,2,1.000000000000,St. Joseph,141
ST JOSEPH|130508,2,1.000000000000,St. Joseph,141
ST JOSEPH|130509,2,1.000000000000,St. Joseph,141
ST JOSEPH|130510,2,1.000000000000,St. Joseph,141
ST JOSEPH|130511,2,1.000000000000,St. Joseph,141
ST JOSEPH|130512,2,1.000000000000,St. Joseph,141
ST JOSEPH|130513,2,1.000000000000,St. Joseph,141
ST JOSEPH|130514,2,1.000000000000,St. Joseph,141
ST JOSEPH|130515,2,1.000000000000,St. Joseph,141
ST JOSEPH|130516,2,1.000000000000,St. Joseph,141
ST JOSEPH|130517,2,1.000000000000,St. Joseph,141
ST JOSEPH|130601,2,1.000000000000,St. Joseph,141
ST JOSEPH|130602,2,1.000000000000,St. Joseph,141
ST JOSEPH|130603,2,1.000000000000,St. Joseph,141
ST JOSEPH|130604,2,1.000000000000,St. Joseph,141
ST JOSEPH|130605,2,1.000000000000,St. Joseph,141
ST JOSEPH|130606,2,1.000000000000,St. Joseph,141
ST JOSEPH|130607,2,1.000000000000,St. Joseph,141
ST JOSEPH|130608,2,1.000000000000,St. Joseph,141
ST JOSEPH|130609,2,1.000000000000,St. Joseph,141
ST JOSEPH|130610,2,1.000000000000,St. Joseph,141
ST JOSEPH|130611,2,1.000000000000,St. Joseph,141
ST JOSEPH|130612,2,1.000000000000,St. Joseph,141
ST JOSEPH|140001,2,1.000000000000,St. Joseph,141
ST JOSEPH|140002,2,1.000000000000,St. Joseph,141
ST JOSEPH|140003,2,1.000000000000,St. Joseph,141
ST JOSEPH|150001,2,1.000000000000,St. Joseph,141
ST JOSEPH|150002,2,1.000000000000,St. Joseph,141
ST JOSEPH|150003,2,1.000000000000,St. Joseph,141
ST JOSEPH|150004,2,1.000000000000,St. Joseph,141
ST JOSEPH|150005,2,1.000000000000,St. Joseph,141
ST JOSEPH|150006,2,1.000000000000,St. Joseph,141
ST JOSEPH|20001,2,1.000000000000,St. Joseph,141
ST JOSEPH|20002,2,1.000000000000,St. Joseph,141
ST JOSEPH|20003,2,1.000000000000,St. Joseph,141
ST JOSEPH|20004,2,1.000000000000,St. Joseph,141
ST JOSEPH|20005,2,1.000000000000,St. Joseph,141
ST JOSEPH|20006,2,1.000000000000,St. Joseph,141
ST JOSEPH|20007,2,1.000000000000,St. Joseph,141
ST JOSEPH|20008,2,1.000000000000,St. Joseph,141
ST JOSEPH|20009,2,1.000000000000,St. Joseph,141
ST JOSEPH|20010,2,1.000000000000,St. Joseph,141
ST JOSEPH|20011,2,1.000000000000,St. Joseph,141
ST JOSEPH|20012,2,1.000000000000,St. Joseph,141
ST JOSEPH|20013,2,1.000000000000,St. Joseph,141
ST JOSEPH|20014,2,1.000000000000,St. Joseph,141
ST JOSEPH|20015,2,1.000000000000,St. Joseph,141
ST JOSEPH|20016,2,1.000000000000,St. Joseph,141
ST JOSEPH|20017,2,1.000000000000,St. Joseph,141
ST JOSEPH|20018,2,1.000000000000,St. Joseph,141
ST JOSEPH|20019,2,1.000000000000,St. Joseph,141
ST JOSEPH|20020,2,1.000000000000,St. Joseph,141
ST JOSEPH|20021,2,1.000000000000,St. Joseph,141
ST JOSEPH|20022,2,1.000000000000,St. Joseph,141
ST JOSEPH|20023,2,1.000000000000,St. Joseph,141
ST JOSEPH|20024,2,1.000000000000,St. Joseph,141
ST JOSEPH|20025,2,1.000000000000,St. Joseph,141
ST JOSEPH|30001,2,1.000000000000,St. Joseph,141
ST JOSEPH|30002,2,1.000000000000,St. Joseph,141
ST JOSEPH|30003,2,1.000000000000,St. Joseph,141
ST JOSEPH|30004,2,1.000000000000,St. Joseph,141
ST JOSEPH|40001,2,1.000000000000,St. Joseph,141
ST JOSEPH|40002,2,1.000000000000,St. Joseph,141
ST JOSEPH|40003,2,1.000000000000,St. Joseph,141
ST JOSEPH|50001,2,1.000000000000,St. Joseph,141
ST JOSEPH|50002,2,1.000000000000,St. Joseph,141
ST JOSEPH|50003,2,1.000000000000,St. Joseph,141
ST JOSEPH|50004,2,1.000000000000,St. Joseph,141
ST JOSEPH|50005,2,1.000000000000,St. Joseph,141
ST JOSEPH|50006,2,1.000000000000,St. Joseph,141
ST JOSEPH|50007,2,1.000000000000,St. Joseph,141
ST JOSEPH|50008,2,1.000000000000,St. Joseph,141
ST JOSEPH|50009,2,1.000000000000,St. Joseph,141
ST JOSEPH|50010,2,1.000000000000,St. Joseph,141
ST JOSEPH|50011,2,1.000000000000,St. Joseph,141
ST JOSEPH|50012,2,1.000000000000,St. Joseph,141
ST JOSEPH|50013,2,1.000000000000,St. Joseph,141
ST JOSEPH|50014,2,1.000000000000,St. Joseph,141
ST JOSEPH|50015,2,1.000000000000,St. Joseph,141
ST JOSEPH|50016,2,1.000000000000,St. Joseph,141
ST JOSEPH|50017,2,1.000000000000,St. Joseph,141
ST JOSEPH|60001,2,1.000000000000,St. Joseph,141
ST JOSEPH|60002,2,1.000000000000,St. Joseph,141
ST JOSEPH|60003,2,1.000000000000,St. Joseph,141
ST JOSEPH|70001,2,1.000000000000,St. Joseph,141
ST JOSEPH|70002,2,1.000000000000,St. Joseph,141
ST JOSEPH|70003,2,1.000000000000,St. Joseph,141
ST JOSEPH|80001,2,1.000000000000,St. Joseph,141
ST JOSEPH|90101,2,1.000000000000,St. Joseph,141
ST JOSEPH|90102,2,1.000000000000,St. Joseph,141
ST JOSEPH|90103,2,1.000000000000,St. Joseph,141
ST JOSEPH|90104,2,1.000000000000,St. Joseph,141
ST JOSEPH|90105,2,1.000000000000,St. Joseph,141
ST JOSEPH|90106,2,1.000000000000,St. Joseph,141
ST JOSEPH|90201,2,1.000000000000,St. Joseph,141
ST JOSEPH|90202,2,1.000000000000,St. Joseph,141
ST JOSEPH|90203,2,1.000000000000,St. Joseph,141
ST JOSEPH|90204,2,1.000000000000,St. Joseph,141
ST JOSEPH|90205,2,1.000000000000,St. Joseph,141
ST JOSEPH|90206,2,1.000000000000,St. Joseph,141
ST JOSEPH|90207,2,1.000000000000,St. Joseph,141
ST JOSEPH|90208,2,1.000000000000,St. Joseph,141
ST JOSEPH|90301,2,1.000000000000,St. Joseph,141
ST JOSEPH|90302,2,1.000000000000,St. Joseph,141
ST JOSEPH|90303,2,1.000000000000,St. Joseph,141
ST JOSEPH|90304,2,1.000000000000,St. Joseph,141
ST JOSEPH|90305,2,1.000000000000,St. Joseph,141
ST JOSEPH|90306,2,1.000000000000,St. Joseph,141
ST JOSEPH|90307,2,1.000000000000,St. Joseph,141
ST JOSEPH|90401,2,1.000000000000,St. Joseph,141
ST JOSEPH|90402,2,1.000000000000,St. Joseph,141
ST JOSEPH|90403,2,1.000000000000,St. Joseph,141
ST JOSEPH|90404,2,1.000000000000,St. Joseph,141
ST JOSEPH|90405,2,1.000000000000,St. Joseph,141
ST JOSEPH|90406,2,1.000000000000,St. Joseph,141
ST JOSEPH|90407,2,1.000000000000,St. Joseph,141
ST JOSEPH|90501,2,1.000000000000,St. Joseph,141
ST JOSEPH|90502,2,1.000000000000,St. Joseph,141
ST JOSEPH|90503,2,1.000000000000,St. Joseph,141
ST JOSEPH|90504,2,1.000000000000,St. Joseph,141
ST JOSEPH|90505,2,1.000000000000,St. Joseph,141
ST JOSEPH|90506,2,1.000000000000,St. Joseph,141
ST JOSEPH|90507,2,1.000000000000,St. Joseph,141
ST JOSEPH|90601,2,1.000000000000,St. Joseph,141
ST JOSEPH|90602,2,1.000000000000,St. Joseph,141
ST JOSEPH|90603,2,1.000000000000,St. Joseph,141
ST JOSEPH|90604,2,1.000000000000,St. Joseph,141
ST JOSEPH|90605,2,1.000000000000,St. Joseph,141
ST JOSEPH|90606,2,1.000000000000,St. Joseph,141
ST JOSEPH|90608,2,1.000000000000,St. Joseph,141
ST JOSEPH|NV,2,1.000000000000,St. Joseph,141
STARKE|CALIFORNIA1,2,1.000000000000,Starke,149
STARKE|CALIFORNIA2,2,1.000000000000,Starke,149
STARKE|CENTER1,2,1.000000000000,Starke,149
STARKE|CENTER2,2,1.000000000000,Starke,149
STARKE|CENTER3,2,1.000000000000,Starke,149
STARKE|CENTER4,2,1.000000000000,Starke,149
STARKE|CENTER5,2,1.000000000000,Starke,149
STARKE|CENTER6,2,1.000000000000,Starke,149
STARKE|DAVIS,2,1.000000000000,Starke,149
STARKE|JACKSON,2,1.000000000000,Starke,149
STARKE|NORTHBEND,2,1.000000000000,Starke,149
STARKE|OREGON1,2,1.000000000000,Starke,149
STARKE|OREGON2,2,1.000000000000,Starke,149
STARKE|OREGON3,2,1.000000000000,Starke,149
STARKE|RAILROAD,2,0.999991774427,Starke,149
STARKE|RAILROAD,4,0.000008225573,Starke,149
STARKE|WASHINGTON1,2,1.000000000000,Starke,149
STARKE|WASHINGTON2,2,1.000000000000,Starke,149
STARKE|WAYNE1,2,1.000000000000,Starke,149
STARKE|WAYNE2,2,1.000000000000,Starke,149
STARKE|WAYNE3,2,1.000000000000,Starke,149
STARKE|WAYNE4,2,1.000000000000,Starke,149
STEUBEN|CLEARLAKE,3,1.000000000000,Steuben,151
STEUBEN|FREMONT1,3,1.000000000000,Steuben,151
STEUBEN|FREMONT2,3,1.000000000000,Steuben,151
STEUBEN|FREMONT3,3,1.000000000000,Steuben,151
STEUBEN|JACKSON,3,1.000000000000,Steuben,151
STEUBEN|JAMESTOWN1,3,1.000000000000,Steuben,151
STEUBEN|JAMESTOWN2,3,1.000000000000,Steuben,151
STEUBEN|MILLGROVE,3,1.000000000000,Steuben,151
STEUBEN|OSTEGO1,3,1.000000000000,Steuben,151
STEUBEN|OSTEGO2,3,1.000000000000,Steuben,151
STEUBEN|PLEASANT1,3,1.000000000000,Steuben,151
STEUBEN|PLEASANT2,3,1.000000000000,Steuben,151
STEUBEN|PLEASANT3,3,1.000000000000,Steuben,151
STEUBEN|PLEASANT4,3,1.000000000000,Steuben,151
STEUBEN|PLEASANT5,3,1.000000000000,Steuben,151
STEUBEN|PLEASANT6,3,1.000000000000,Steuben,151
STEUBEN|PLEASANT7,3,1.000000000000,Steuben,151
STEUBEN|RICHLAND,3,1.000000000000,Steuben,151
STEUBEN|SALEM,3,1.000000000000,Steuben,151
STEUBEN|SCOTT,3,1.000000000000,Steuben,151
STEUBEN|STEUBEN1,3,1.000000000000,Steuben,151
STEUBEN|STEUBEN2,3,1.000000000000,Steuben,151
STEUBEN|YORK,3,1.000000000000,Steuben,151
SULLIVAN|CASS1,8,1.000000000000,Sullivan,153
SULLIVAN|CASS2,8,1.000000000000,Sullivan,153
SULLIVAN|CURRY1,8,1.000000000000,Sullivan,153
SULLIVAN|CURRY2,8,1.000000000000,Sullivan,153
SULLIVAN|CURRY3,8,1.000000000000,Sullivan,153
SULLIVAN|FAIRBANKS,8,1.000000000000,Sullivan,153
SULLIVAN|GILL1,8,1.000000000000,Sullivan,153
SULLIVAN|GILL2,8,1.000000000000,Sullivan,153
SULLIVAN|HADDON1,8,1.000000000000,Sullivan,153
SULLIVAN|HADDON2,8,1.000000000000,Sullivan,153
SULLIVAN|HAMILTON1,8,1.000000000000,Sullivan,153
SULLIVAN|HAMILTON2,8,1.000000000000,Sullivan,153
SULLIVAN|HAMILTON3,8,1.000000000000,Sullivan,153
SULLIVAN|HAMILTON4,8,1.000000000000,Sullivan,153
SULLIVAN|HAMILTON5,8,1.000000000000,Sullivan,153
SULLIVAN|HAMILTON6,8,1.000000000000,Sullivan,153
SULLIVAN|JACKSON1,8,1.000000000000,Sullivan,153
SULLIVAN|JACKSON2,8,1.000000000000,Sullivan,153
SULLIVAN|JEFFERSON,8,1.000000000000,Sullivan,153
SULLIVAN|TURMAN,8,1.000000000000,Sullivan,153
SWITZERLAND|COTTON1,9,1.000000000000,Switzerland,155
SWITZERLAND|COTTON2,9,1.000000000000,Switzerland,155
SWITZERLAND|CRAIG1,9,1.000000000000,Switzerland,155
SWITZERLAND|CRAIG2,9,1.000000000000,Switzerland,155
SWITZERLAND|JEFFERSON1,9,1.000000000000,Switzerland,155
SWITZERLAND|JEFFERSON2,9,1.000000000000,Switzerland,155
SWITZERLAND|JEFFERSON3,9,1.000000000000,Switzerland,155
SWITZERLAND|PLEASANT1,9,1.000000000000,Switzerland,155
SWITZERLAND|PLEASANT2,9,1.000000000000,Switzerland,155
SWITZERLAND|POSEY1,9,1.000000000000,Switzerland,155
SWITZERLAND|POSEY2,9,1.000000000000,Switzerland,155
SWITZERLAND|YORK,9,1.000000000000,Switzerland,155
TIPPECANOE|FAIRFIELD1,4,1.000000000000,Tippecanoe,157
TIPPECANOE|FAIRFIELD10,4,1.000000000000,Tippecanoe,157
TIPPECANOE|FAIRFIELD11,4,1.000000000000,Tippecanoe,157
TIPPECANOE|FAIRFIELD12,4,1.000000000000,Tippecanoe,157
TIPPECANOE|FAIRFIELD13,4,1.000000000000,Tippecanoe,157
TIPPECANOE|FAIRFIELD14,4,1.000000000000,Tippecanoe,157
TIPPECANOE|FAIRFIELD15,4,1.000000000000,Tippecanoe,157
TIPPECANOE|FAIRFIELD16,4,1.000000000000,Tippecanoe,157
TIPPECANOE|FAIRFIELD17,4,1.000000000000,Tippecanoe,157
TIPPECANOE|FAIRFIELD18,4,1.000000000000,Tippecanoe,157
TIPPECANOE|FAIRFIELD19,4,1.000000000000,Tippecanoe,157
TIPPECANOE|FAIRFIELD2,4,1.000000000000,Tippecanoe,157
TIPPECANOE|FAIRFIELD20,4,1.000000000000,Tippecanoe,157
TIPPECANOE|FAIRFIELD21,4,1.000000000000,Tippecanoe,157
TIPPECANOE|FAIRFIELD22,4,1.000000000000,Tippecanoe,157
TIPPECANOE|FAIRFIELD23,4,1.000000000000,Tippecanoe,157
TIPPECANOE|FAIRFIELD24,4,1.000000000000,Tippecanoe,157
TIPPECANOE|FAIRFIELD25,4,1.000000000000,Tippecanoe,157
TIPPECANOE|FAIRFIELD26,4,1.000000000000,Tippecanoe,157
TIPPECANOE|FAIRFIELD27,4,1.000000000000,Tippecanoe,157
TIPPECANOE|FAIRFIELD28,4,1.000000000000,Tippecanoe,157
TIPPECANOE|FAIRFIELD29,4,1.000000000000,Tippecanoe,157
TIPPECANOE|FAIRFIELD3,4,1.000000000000,Tippecanoe,157
TIPPECANOE|FAIRFIELD30,4,1.000000000000,Tippecanoe,157
TIPPECANOE|FAIRFIELD31,4,1.000000000000,Tippecanoe,157
TIPPECANOE|FAIRFIELD32,4,1.000000000000,Tippecanoe,157
TIPPECANOE|FAIRFIELD33,4,1.000000000000,Tippecanoe,157
TIPPECANOE|FAIRFIELD34,4,1.000000000000,Tippecanoe,157
TIPPECANOE|FAIRFIELD35,4,1.000000000000,Tippecanoe,157
TIPPECANOE|FAIRFIELD36,4,1.000000000000,Tippecanoe,157
TIPPECANOE|FAIRFIELD37NV,4,1.000000000000,Tippecanoe,157
TIPPECANOE|FAIRFIELD4,4,1.000000000000,Tippecanoe,157
TIPPECANOE|FAIRFIELD5,4,1.000000000000,Tippecanoe,157
TIPPECANOE|FAIRFIELD6,4,1.000000000000,Tippecanoe,157
TIPPECANOE|FAIRFIELD7,4,1.000000000000,Tippecanoe,157
TIPPECANOE|FAIRFIELD8,4,1.000000000000,Tippecanoe,157
TIPPECANOE|FAIRFIELD9,4,1.000000000000,Tippecanoe,157
TIPPECANOE|JACKSON1,4,1.000000000000,Tippecanoe,157
TIPPECANOE|LAURAMIE1,4,1.000000000000,Tippecanoe,157
TIPPECANOE|LAURAMIE2,4,1.000000000000,Tippecanoe,157
TIPPECANOE|PERRY1,4,1.000000000000,Tippecanoe,157
TIPPECANOE|PERRY2,4,1.000000000000,Tippecanoe,157
TIPPECANOE|PERRY3,4,1.000000000000,Tippecanoe,157
TIPPECANOE|PERRY4,4,1.000000000000,Tippecanoe,157
TIPPECANOE|PERRY5,4,1.000000000000,Tippecanoe,157
TIPPECANOE|PERRY6,4,1.000000000000,Tippecanoe,157
TIPPECANOE|RANDOLPH1,4,1.000000000000,Tippecanoe,157
TIPPECANOE|SHEFFIELD1,4,1.000000000000,Tippecanoe,157
TIPPECANOE|SHEFFIELD2,4,1.000000000000,Tippecanoe,157
TIPPECANOE|SHEFFIELD3,4,1.000000000000,Tippecanoe,157
TIPPECANOE|SHEFFIELD4NV,4,1.000000000000,Tippecanoe,157
TIPPECANOE|SHELBY1,4,1.000000000000,Tippecanoe,157
TIPPECANOE|SHELBY2,4,1.000000000000,Tippecanoe,157
TIPPECANOE|TIPPECANOE1,4,1.000000000000,Tippecanoe,157
TIPPECANOE|TIPPECANOE2,4,1.000000000000,Tippecanoe,157
TIPPECANOE|TIPPECANOE3,4,1.000000000000,Tippecanoe,157
TIPPECANOE|TIPPECANOE4,4,1.000000000000,Tippecanoe,157
TIPPECANOE|TIPPECANOE5,4,1.000000000000,Tippecanoe,157
TIPPECANOE|TIPPECANOE6,4,1.000000000000,Tippecanoe,157
TIPPECANOE|TIPPECANOE7,4,1.000000000000,Tippecanoe,157
TIPPECANOE|UNION1,4,1.000000000000,Tippecanoe,157
TIPPECANOE|WABASH1,4,1.000000000000,Tippecanoe,157
TIPPECANOE|WABASH10,4,1.000000000000,Tippecanoe,157
TIPPECANOE|WABASH11,4,1.000000000000,Tippecanoe,157
TIPPECANOE|WABASH12,4,1.000000000000,Tippecanoe,157
TIPPECANOE|WABASH13,4,1.000000000000,Tippecanoe,157
TIPPECANOE|WABASH14,4,1.000000000000,Tippecanoe,157
TIPPECANOE|WABASH15,4,1.000000000000,Tippecanoe,157
TIPPECANOE|WABASH16,4,1.000000000000,Tippecanoe,157
TIPPECANOE|WABASH17,4,1.000000000000,Tippecanoe,157
TIPPECANOE|WABASH18,4,1.000000000000,Tippecanoe,157
TIPPECANOE|WABASH19,4,1.000000000000,Tippecanoe,157
TIPPECANOE|WABASH2,4,1.000000000000,Tippecanoe,157
TIPPECANOE|WABASH20,4,1.000000000000,Tippecanoe,157
TIPPECANOE|WABASH21,4,1.000000000000,Tippecanoe,157
TIPPECANOE|WABASH22,4,1.000000000000,Tippecanoe,157
TIPPECANOE|WABASH23,4,1.000000000000,Tippecanoe,157
TIPPECANOE|WABASH24,4,1.000000000000,Tippecanoe,157
TIPPECANOE|WABASH25,4,1.000000000000,Tippecanoe,157
TIPPECANOE|WABASH26,4,1.000000000000,Tippecanoe,157
TIPPECANOE|WABASH27,4,1.000000000000,Tippecanoe,157
TIPPECANOE|WABASH28,4,1.000000000000,Tippecanoe,157
TIPPECANOE|WABASH29,4,1.000000000000,Tippecanoe,157
TIPPECANOE|WABASH3,4,1.000000000000,Tippecanoe,157
TIPPECANOE|WABASH30,4,1.000000000000,Tippecanoe,157
TIPPECANOE|WABASH31,4,1.000000000000,Tippecanoe,157
TIPPECANOE|WABASH4,4,1.000000000000,Tippecanoe,157
TIPPECANOE|WABASH5,4,1.000000000000,Tippecanoe,157
TIPPECANOE|WABASH6,4,1.000000000000,Tippecanoe,157
TIPPECANOE|WABASH7,4,1.000000000000,Tippecanoe,157
TIPPECANOE|WABASH8,4,1.000000000000,Tippecanoe,157
TIPPECANOE|WABASH9,4,1.000000000000,Tippecanoe,157
TIPPECANOE|WASHINGTON1,4,1.000000000000,Tippecanoe,157
TIPPECANOE|WASHINGTON2,4,1.000000000000,Tippecanoe,157
TIPPECANOE|WAYNE1,4,1.000000000000,Tippecanoe,157
TIPPECANOE|WEA1,4,1.000000000000,Tippecanoe,157
TIPPECANOE|WEA10,4,1.000000000000,Tippecanoe,157
TIPPECANOE|WEA11,4,1.000000000000,Tippecanoe,157
TIPPECANOE|WEA12,4,1.000000000000,Tippecanoe,157
TIPPECANOE|WEA13,4,1.000000000000,Tippecanoe,157
TIPPECANOE|WEA14,4,1.000000000000,Tippecanoe,157
TIPPECANOE|WEA15,4,1.000000000000,Tippecanoe,157
TIPPECANOE|WEA16,4,1.000000000000,Tippecanoe,157
TIPPECANOE|WEA17,4,1.000000000000,Tippecanoe,157
TIPPECANOE|WEA18,4,1.000000000000,Tippecanoe,157
TIPPECANOE|WEA19,4,1.000000000000,Tippecanoe,157
TIPPECANOE|WEA2,4,1.000000000000,Tippecanoe,157
TIPPECANOE|WEA20,4,1.000000000000,Tippecanoe,157
TIPPECANOE|WEA21,4,1.000000000000,Tippecanoe,157
TIPPECANOE|WEA3,4,1.000000000000,Tippecanoe,157
TIPPECANOE|WEA4,4,1.000000000000,Tippecanoe,157
TIPPECANOE|WEA5,4,1.000000000000,Tippecanoe,157
TIPPECANOE|WEA6,4,1.000000000000,Tippecanoe,157
TIPPECANOE|WEA7,4,1.000000000000,Tippecanoe,157
TIPPECANOE|WEA8,4,1.000000000000,Tippecanoe,157
TIPPECANOE|WEA9,4,1.000000000000,Tippecanoe,157
TIPTON|CICERO1,5,1.000000000000,Tipton,159
TIPTON|CICERO2,5,1.000000000000,Tipton,159
TIPTON|CICERO3,5,1.000000000000,Tipton,159
TIPTON|CICERO4,5,1.000000000000,Tipton,159
TIPTON|CICERO5,5,1.000000000000,Tipton,159
TIPTON|CICERO6,5,1.000000000000,Tipton,159
TIPTON|CICERO7,5,1.000000000000,Tipton,159
TIPTON|JEFFERSON1,5,1.000000000000,Tipton,159
TIPTON|JEFFERSON2,4,0.000020295876,Tipton,159
TIPTON|JEFFERSON2,5,0.999979704124,Tipton,159
TIPTON|LIBERTY1,5,1.000000000000,Tipton,159
TIPTON|LIBERTY2,5,1.000000000000,Tipton,159
TIPTON|MADISON1,5,1.000000000000,Tipton,159
TIPTON|MADISON2,5,1.000000000000,Tipton,159
TIPTON|PRAIRIE1,4,0.000005456559,Tipton,159
TIPTON|PRAIRIE1,5,0.999994543441,Tipton,159
TIPTON|WILDCAT1,5,1.000000000000,Tipton,159
UNION|BROWNSVILLE,6,1.000000000000,Union,161
UNION|CENTER,6,1.000000000000,Union,161
UNION|CENTER1,6,1.000000000000,Union,161
UNION|CENTER2,6,1.000000000000,Union,161
UNION|CENTER3,6,1.000000000000,Union,161
UNION|HARMONY,6,0.999930504004,Union,161
UNION|HARMONY,9,0.000069495996,Union,161
UNION|HARRISON,6,1.000000000000,Union,161
UNION|LIBERTY,6,1.000000000000,Union,161
UNION|UNION,6,0.999943034408,Union,161
UNION|UNION,9,0.000056965592,Union,161
UNION|WESTCOLLEGECORNER,6,1.000000000000,Union,161
VANDERBURGH|ARMSTRONGPRECINCT1,8,1.000000000000,Vanderburgh,163
VANDERBURGH|CENTERPRECINCT1,8,1.000000000000,Vanderburgh,163
VANDERBURGH|CENTERPRECINCT10,8,1.000000000000,Vanderburgh,163
VANDERBURGH|CENTERPRECINCT11,8,1.000000000000,Vanderburgh,163
VANDERBURGH|CENTERPRECINCT12,8,1.000000000000,Vanderburgh,163
VANDERBURGH|CENTERPRECINCT13,8,1.000000000000,Vanderburgh,163
VANDERBURGH|CENTERPRECINCT14,8,1.000000000000,Vanderburgh,163
VANDERBURGH|CENTERPRECINCT15,8,1.000000000000,Vanderburgh,163
VANDERBURGH|CENTERPRECINCT2,8,1.000000000000,Vanderburgh,163
VANDERBURGH|CENTERPRECINCT3,8,1.000000000000,Vanderburgh,163
VANDERBURGH|CENTERPRECINCT4,8,1.000000000000,Vanderburgh,163
VANDERBURGH|CENTERPRECINCT5,8,1.000000000000,Vanderburgh,163
VANDERBURGH|CENTERPRECINCT6,8,1.000000000000,Vanderburgh,163
VANDERBURGH|CENTERPRECINCT7,8,1.000000000000,Vanderburgh,163
VANDERBURGH|CENTERPRECINCT8,8,1.000000000000,Vanderburgh,163
VANDERBURGH|CENTERPRECINCT9,8,1.000000000000,Vanderburgh,163
VANDERBURGH|GERMANPRECINCT1,8,1.000000000000,Vanderburgh,163
VANDERBURGH|GERMANPRECINCT2,8,1.000000000000,Vanderburgh,163
VANDERBURGH|GERMANPRECINCT3,8,1.000000000000,Vanderburgh,163
VANDERBURGH|GERMANPRECINCT4,8,1.000000000000,Vanderburgh,163
VANDERBURGH|GERMANPRECINCT5,8,1.000000000000,Vanderburgh,163
VANDERBURGH|GERMANPRECINCT6,8,1.000000000000,Vanderburgh,163
VANDERBURGH|GERMANPRECINCT7,8,1.000000000000,Vanderburgh,163
VANDERBURGH|KNIGHTPRECINCT1,8,1.000000000000,Vanderburgh,163
VANDERBURGH|KNIGHTPRECINCT2,8,1.000000000000,Vanderburgh,163
VANDERBURGH|KNIGHTPRECINCT3,8,1.000000000000,Vanderburgh,163
VANDERBURGH|KNIGHTPRECINCT4,8,1.000000000000,Vanderburgh,163
VANDERBURGH|PERRYPRECINCT1,8,1.000000000000,Vanderburgh,163
VANDERBURGH|PERRYPRECINCT10,8,1.000000000000,Vanderburgh,163
VANDERBURGH|PERRYPRECINCT2,8,1.000000000000,Vanderburgh,163
VANDERBURGH|PERRYPRECINCT3,8,1.000000000000,Vanderburgh,163
VANDERBURGH|PERRYPRECINCT4,8,1.000000000000,Vanderburgh,163
VANDERBURGH|PERRYPRECINCT5,8,1.000000000000,Vanderburgh,163
VANDERBURGH|PERRYPRECINCT6,8,1.000000000000,Vanderburgh,163
VANDERBURGH|PERRYPRECINCT7,8,1.000000000000,Vanderburgh,163
VANDERBURGH|PERRYPRECINCT8,8,1.000000000000,Vanderburgh,163
VANDERBURGH|PERRYPRECINCT9,8,1.000000000000,Vanderburgh,163
VANDERBURGH|PIGEONPRECINCT1NV,8,1.000000000000,Vanderburgh,163
VANDERBURGH|PIGEONPRECINCT2,8,1.000000000000,Vanderburgh,163
VANDERBURGH|PIGEONPRECINCT3,8,1.000000000000,Vanderburgh,163
VANDERBURGH|SCOTTPRECINCT1,8,1.000000000000,Vanderburgh,163
VANDERBURGH|SCOTTPRECINCT2,8,1.000000000000,Vanderburgh,163
VANDERBURGH|SCOTTPRECINCT3,8,1.000000000000,Vanderburgh,163
VANDERBURGH|SCOTTPRECINCT4,8,1.000000000000,Vanderburgh,163
VANDERBURGH|SCOTTPRECINCT5,8,1.000000000000,Vanderburgh,163
VANDERBURGH|SCOTTPRECINCT6,8,1.000000000000,Vanderburgh,163
VANDERBURGH|UNIONPRECINCT1,8,1.000000000000,Vanderburgh,163
VANDERBURGH|WARD1PRECINCT1,8,1.000000000000,Vanderburgh,163
VANDERBURGH|WARD1PRECINCT10,8,1.000000000000,Vanderburgh,163
VANDERBURGH|WARD1PRECINCT13,8,1.000000000000,Vanderburgh,163
VANDERBURGH|WARD1PRECINCT14,8,1.000000000000,Vanderburgh,163
VANDERBURGH|WARD1PRECINCT15,8,1.000000000000,Vanderburgh,163
VANDERBURGH|WARD1PRECINCT16,8,1.000000000000,Vanderburgh,163
VANDERBURGH|WARD1PRECINCT17,8,1.000000000000,Vanderburgh,163
VANDERBURGH|WARD1PRECINCT18,8,1.000000000000,Vanderburgh,163
VANDERBURGH|WARD1PRECINCT4,8,1.000000000000,Vanderburgh,163
VANDERBURGH|WARD1PRECINCT5,8,1.000000000000,Vanderburgh,163
VANDERBURGH|WARD1PRECINCT6,8,1.000000000000,Vanderburgh,163
VANDERBURGH|WARD1PRECINCT7,8,1.000000000000,Vanderburgh,163
VANDERBURGH|WARD1PRECINCT8,8,1.000000000000,Vanderburgh,163
VANDERBURGH|WARD1PRECINCT9,8,1.000000000000,Vanderburgh,163
VANDERBURGH|WARD2PRECINCT1,8,1.000000000000,Vanderburgh,163
VANDERBURGH|WARD2PRECINCT10,8,1.000000000000,Vanderburgh,163
VANDERBURGH|WARD2PRECINCT12,8,1.000000000000,Vanderburgh,163
VANDERBURGH|WARD2PRECINCT13,8,1.000000000000,Vanderburgh,163
VANDERBURGH|WARD2PRECINCT14,8,1.000000000000,Vanderburgh,163
VANDERBURGH|WARD2PRECINCT15,8,1.000000000000,Vanderburgh,163
VANDERBURGH|WARD2PRECINCT17,8,1.000000000000,Vanderburgh,163
VANDERBURGH|WARD2PRECINCT2,8,1.000000000000,Vanderburgh,163
VANDERBURGH|WARD2PRECINCT3,8,1.000000000000,Vanderburgh,163
VANDERBURGH|WARD2PRECINCT4,8,1.000000000000,Vanderburgh,163
VANDERBURGH|WARD2PRECINCT5,8,1.000000000000,Vanderburgh,163
VANDERBURGH|WARD2PRECINCT7,8,1.000000000000,Vanderburgh,163
VANDERBURGH|WARD2PRECINCT8,8,1.000000000000,Vanderburgh,163
VANDERBURGH|WARD2PRECINCT9,8,1.000000000000,Vanderburgh,163
VANDERBURGH|WARD3PRECINCT10,8,1.000000000000,Vanderburgh,163
VANDERBURGH|WARD3PRECINCT11,8,1.000000000000,Vanderburgh,163
VANDERBURGH|WARD3PRECINCT12,8,1.000000000000,Vanderburgh,163
VANDERBURGH|WARD3PRECINCT13,8,1.000000000000,Vanderburgh,163
VANDERBURGH|WARD3PRECINCT14,8,1.000000000000,Vanderburgh,163
VANDERBURGH|WARD3PRECINCT16,8,1.000000000000,Vanderburgh,163
VANDERBURGH|WARD3PRECINCT17,8,1.000000000000,Vanderburgh,163
VANDERBURGH|WARD3PRECINCT2,8,1.000000000000,Vanderburgh,163
VANDERBURGH|WARD3PRECINCT3,8,1.000000000000,Vanderburgh,163
VANDERBURGH|WARD3PRECINCT4,8,1.000000000000,Vanderburgh,163
VANDERBURGH|WARD3PRECINCT6,8,1.000000000000,Vanderburgh,163
VANDERBURGH|WARD3PRECINCT7,8,1.000000000000,Vanderburgh,163
VANDERBURGH|WARD3PRECINCT8,8,1.000000000000,Vanderburgh,163
VANDERBURGH|WARD3PRECINCT9,8,1.000000000000,Vanderburgh,163
VANDERBURGH|WARD4PRECINCT1,8,1.000000000000,Vanderburgh,163
VANDERBURGH|WARD4PRECINCT10,8,1.000000000000,Vanderburgh,163
VANDERBURGH|WARD4PRECINCT11,8,1.000000000000,Vanderburgh,163
VANDERBURGH|WARD4PRECINCT12,8,1.000000000000,Vanderburgh,163
VANDERBURGH|WARD4PRECINCT13,8,1.000000000000,Vanderburgh,163
VANDERBURGH|WARD4PRECINCT14,8,1.000000000000,Vanderburgh,163
VANDERBURGH|WARD4PRECINCT15,8,1.000000000000,Vanderburgh,163
VANDERBURGH|WARD4PRECINCT16,8,1.000000000000,Vanderburgh,163
VANDERBURGH|WARD4PRECINCT17,8,1.000000000000,Vanderburgh,163
VANDERBURGH|WARD4PRECINCT2,8,1.000000000000,Vanderburgh,163
VANDERBURGH|WARD4PRECINCT3,8,1.000000000000,Vanderburgh,163
VANDERBURGH|WARD4PRECINCT4,8,1.000000000000,Vanderburgh,163
VANDERBURGH|WARD4PRECINCT5,8,1.000000000000,Vanderburgh,163
VANDERBURGH|WARD4PRECINCT6,8,1.000000000000,Vanderburgh,163
VANDERBURGH|WARD4PRECINCT7,8,1.000000000000,Vanderburgh,163
VANDERBURGH|WARD4PRECINCT8,8,1.000000000000,Vanderburgh,163
VANDERBURGH|WARD4PRECINCT9,8,1.000000000000,Vanderburgh,163
VANDERBURGH|WARD5PRECINCT1,8,1.000000000000,Vanderburgh,163
VANDERBURGH|WARD5PRECINCT11,8,1.000000000000,Vanderburgh,163
VANDERBURGH|WARD5PRECINCT12,8,1.000000000000,Vanderburgh,163
VANDERBURGH|WARD5PRECINCT13,8,1.000000000000,Vanderburgh,163
VANDERBURGH|WARD5PRECINCT14,8,1.000000000000,Vanderburgh,163
VANDERBURGH|WARD5PRECINCT15,8,1.000000000000,Vanderburgh,163
VANDERBURGH|WARD5PRECINCT16,8,1.000000000000,Vanderburgh,163
VANDERBURGH|WARD5PRECINCT2,8,1.000000000000,Vanderburgh,163
VANDERBURGH|WARD5PRECINCT3,8,1.000000000000,Vanderburgh,163
VANDERBURGH|WARD5PRECINCT4,8,1.000000000000,Vanderburgh,163
VANDERBURGH|WARD5PRECINCT5,8,1.000000000000,Vanderburgh,163
VANDERBURGH|WARD5PRECINCT6,8,1.000000000000,Vanderburgh,163
VANDERBURGH|WARD5PRECINCT8,8,1.000000000000,Vanderburgh,163
VANDERBURGH|WARD5PRECINCT9,8,1.000000000000,Vanderburgh,163
VANDERBURGH|WARD6PRECINCT0NV,8,1.000000000000,Vanderburgh,163
VANDERBURGH|WARD6PRECINCT1,8,1.000000000000,Vanderburgh,163
VANDERBURGH|WARD6PRECINCT11,8,1.000000000000,Vanderburgh,163
VANDERBURGH|WARD6PRECINCT12,8,1.000000000000,Vanderburgh,163
VANDERBURGH|WARD6PRECINCT13,8,1.000000000000,Vanderburgh,163
VANDERBURGH|WARD6PRECINCT14,8,1.000000000000,Vanderburgh,163
VANDERBURGH|WARD6PRECINCT15,8,1.000000000000,Vanderburgh,163
VANDERBURGH|WARD6PRECINCT16,8,1.000000000000,Vanderburgh,163
VANDERBURGH|WARD6PRECINCT17,8,1.000000000000,Vanderburgh,163
VANDERBURGH|WARD6PRECINCT2,8,1.000000000000,Vanderburgh,163
VANDERBURGH|WARD6PRECINCT3,8,1.000000000000,Vanderburgh,163
VANDERBURGH|WARD6PRECINCT4,8,1.000000000000,Vanderburgh,163
VANDERBURGH|WARD6PRECINCT5,8,1.000000000000,Vanderburgh,163
VANDERBURGH|WARD6PRECINCT7,8,1.000000000000,Vanderburgh,163
VANDERBURGH|WARD6PRECINCT8,8,1.000000000000,Vanderburgh,163
VANDERBURGH|WARD6PRECINCT9,8,1.000000000000,Vanderburgh,163
VERMILLION|CAYUGA,8,1.000000000000,Vermillion,165
VERMILLION|CLINTONCITY1,8,1.000000000000,Vermillion,165
VERMILLION|CLINTONCITY2,8,1.000000000000,Vermillion,165
VERMILLION|CLINTONCITY3,8,1.000000000000,Vermillion,165
VERMILLION|CLINTONCITY4,8,1.000000000000,Vermillion,165
VERMILLION|CLINTONTOWNSHIP1,8,1.000000000000,Vermillion,165
VERMILLION|CLINTONTOWNSHIP2,8,1.000000000000,Vermillion,165
VERMILLION|CLINTONTOWNSHIP3,8,1.000000000000,Vermillion,165
VERMILLION|DANA,8,1.000000000000,Vermillion,165
VERMILLION|EASTHELT,8,1.000000000000,Vermillion,165
VERMILLION|EUGENE,8,1.000000000000,Vermillion,165
VERMILLION|FAIRVIEW1,8,1.000000000000,Vermillion,165
VERMILLION|FAIRVIEW2,8,1.000000000000,Vermillion,165
VERMILLION|HIGHLAND,4,0.000025193166,Vermillion,165
VERMILLION|HIGHLAND,8,0.999974806834,Vermillion,165
VERMILLION|STBERNICE,8,1.000000000000,Vermillion,165
VERMILLION|VERMILLION1,8,1.000000000000,Vermillion,165
VERMILLION|VERMILLION2,8,1.000000000000,Vermillion,165
VIGO|A,8,1.000000000000,Vigo,167
VIGO|APRAIRIETON,8,1.000000000000,Vigo,167
VIGO|B,8,1.000000000000,Vigo,167
VIGO|C,8,1.000000000000,Vigo,167
VIGO|D,8,1.000000000000,Vigo,167
VIGO|E,8,1.000000000000,Vigo,167
VIGO|F,8,1.000000000000,Vigo,167
VIGO|FAYETTEA,8,1.000000000000,Vigo,167
VIGO|FAYETTEB,8,1.000000000000,Vigo,167
VIGO|G,8,1.000000000000,Vigo,167
VIGO|H,8,1.000000000000,Vigo,167
VIGO|HNV,8,1.000000000000,Vigo,167
VIGO|HONEYCREEKA,8,1.000000000000,Vigo,167
VIGO|HONEYCREEKB,8,1.000000000000,Vigo,167
VIGO|HONEYCREEKC,8,1.000000000000,Vigo,167
VIGO|HONEYCREEKD,8,1.000000000000,Vigo,167
VIGO|HONEYCREEKE,8,1.000000000000,Vigo,167
VIGO|HONEYCREEKF,8,1.000000000000,Vigo,167
VIGO|HONEYCREEKG,8,1.000000000000,Vigo,167
VIGO|HONEYCREEKH,8,1.000000000000,Vigo,167
VIGO|HONEYCREEKI,8,1.000000000000,Vigo,167
VIGO|LINTONA,8,1.000000000000,Vigo,167
VIGO|LOSTCREEKA,8,1.000000000000,Vigo,167
VIGO|LOSTCREEKB,8,1.000000000000,Vigo,167
VIGO|LOSTCREEKC,8,1.000000000000,Vigo,167
VIGO|LOSTCREEKD,8,1.000000000000,Vigo,167
VIGO|NEVINSA,8,1.000000000000,Vigo,167
VIGO|NEVINSB,8,1.000000000000,Vigo,167
VIGO|OTTERCREEKA,8,1.000000000000,Vigo,167
VIGO|OTTERCREEKB,8,1.000000000000,Vigo,167
VIGO|OTTERCREEKC,8,1.000000000000,Vigo,167
VIGO|OTTERCREEKD,8,1.000000000000,Vigo,167
VIGO|OTTERCREEKE,8,1.000000000000,Vigo,167
VIGO|OTTERCREEKF,8,1.000000000000,Vigo,167
VIGO|OTTERCREEKG,8,1.000000000000,Vigo,167
VIGO|PIERSONA,8,1.000000000000,Vigo,167
VIGO|PRAIRIECREEKA,8,1.000000000000,Vigo,167
VIGO|PRAIRIETONA,8,1.000000000000,Vigo,167
VIGO|RILEYA,8,1.000000000000,Vigo,167
VIGO|RILEYB,8,1.000000000000,Vigo,167
VIGO|SUGARCREEKA,8,1.000000000000,Vigo,167
VIGO|SUGARCREEKB,8,1.000000000000,Vigo,167
VIGO|SUGARCREEKC,8,1.000000000000,Vigo,167
VIGO|SUGARCREEKD,8,1.000000000000,Vigo,167
VIGO|SUGARCREEKE,8,1.000000000000,Vigo,167
VIGO|SUGARCREEKF,8,1.000000000000,Vigo,167
WABASH|CHESTER1,2,0.999969708646,Wabash,169
WABASH|CHESTER1,3,0.000030291354,Wabash,169
WABASH|CHESTER2,2,0.999977530116,Wabash,169
WABASH|CHESTER2,3,0.000022469884,Wabash,169
WABASH|CHESTER3,2,1.000000000000,Wabash,169
WABASH|CHESTER4,2,1.000000000000,Wabash,169
WABASH|CHESTER5,2,1.000000000000,Wabash,169
WABASH|CHESTER6,2,1.000000000000,Wabash,169
WABASH|LAGRO1,2,0.999909896393,Wabash,169
WABASH|LAGRO1,3,0.000090103607,Wabash,169
WABASH|LAGRO2,2,0.999963609155,Wabash,169
WABASH|LAGRO2,3,0.000036390845,Wabash,169
WABASH|LAGRO3,2,0.999964230948,Wabash,169
WABASH|LAGRO3,3,0.000035769052,Wabash,169
WABASH|LIBERTY1,2,0.999881641914,Wabash,169
WABASH|LIBERTY1,5,0.000118358086,Wabash,169
WABASH|LIBERTY2,2,0.999927186226,Wabash,169
WABASH|LIBERTY2,3,0.000054942686,Wabash,169
WABASH|LIBERTY2,5,0.000017871088,Wabash,169
WABASH|NOBLE1,2,1.000000000000,Wabash,169
WABASH|NOBLE10,2,1.000000000000,Wabash,169
WABASH|NOBLE11,2,1.000000000000,Wabash,169
WABASH|NOBLE2,2,1.000000000000,Wabash,169
WABASH|NOBLE3,2,1.000000000000,Wabash,169
WABASH|NOBLE4,2,1.000000000000,Wabash,169
WABASH|NOBLE5,2,1.000000000000,Wabash,169
WABASH|NOBLE6,2,1.000000000000,Wabash,169
WABASH|NOBLE7,2,1.000000000000,Wabash,169
WABASH|NOBLE8,2,1.000000000000,Wabash,169
WABASH|NOBLE9,2,1.000000000000,Wabash,169
WABASH|PAWPAW,2,1.000000000000,Wabash,169
WABASH|PLEASANT1,2,1.000000000000,Wabash,169
WABASH|PLEASANT2,2,1.000000000000,Wabash,169
WABASH|WALTZ,2,0.999967703353,Wabash,169
WABASH|WALTZ,5,0.000032296647,Wabash,169
WARREN|ADAMS,4,1.000000000000,Warren,171
WARREN|JORDAN,4,1.000000000000,Warren,171
WARREN|KENT,4,1.000000000000,Warren,171
WARREN|LIBERTY,4,1.000000000000,Warren,171
WARREN|MEDINA,4,1.000000000000,Warren,171
WARREN|MOUND,4,0.999981783562,Warren,171
WARREN|MOUND,8,0.000018216438,Warren,171
WARREN|PIKE,4,1.000000000000,Warren,171
WARREN|PINE,4,1.000000000000,Warren,171
WARREN|PRAIRIE,4,1.000000000000,Warren,171
WARREN|STEUBEN,4,1.000000000000,Warren,171
WARREN|WARREN,4,1.000000000000,Warren,171
WARREN|WASHINGTON1,4,1.000000000000,Warren,171
WARREN|WASHINGTON2,4,1.000000000000,Warren,171
WARRICK|ANDERSON,8,1.000000000000,Warrick,173
WARRICK|BOON10,8,1.000000000000,Warrick,173
WARRICK|BOON11,8,1.000000000000,Warrick,173
WARRICK|BOON12,8,1.000000000000,Warrick,173
WARRICK|BOON13,8,1.000000000000,Warrick,173
WARRICK|BOON14,8,1.000000000000,Warrick,173
WARRICK|BOON15,8,1.000000000000,Warrick,173
WARRICK|BOON3,8,1.000000000000,Warrick,173
WARRICK|BOON5,8,1.000000000000,Warrick,173
WARRICK|BOON6,8,1.000000000000,Warrick,173
WARRICK|BOON7,8,1.000000000000,Warrick,173
WARRICK|BOON8,8,1.000000000000,Warrick,173
WARRICK|BOON9,8,1.000000000000,Warrick,173
WARRICK|CAMPBELL,8,1.000000000000,Warrick,173
WARRICK|GREER1,8,1.000000000000,Warrick,173
WARRICK|GREER2,8,1.000000000000,Warrick,173
WARRICK|HART1,8,1.000000000000,Warrick,173
WARRICK|HART2,8,1.000000000000,Warrick,173
WARRICK|LANE,8,1.000000000000,Warrick,173
WARRICK|OHIO1,8,1.000000000000,Warrick,173
WARRICK|OHIO10,8,1.000000000000,Warrick,173
WARRICK|OHIO11,8,1.000000000000,Warrick,173
WARRICK|OHIO12,8,1.000000000000,Warrick,173
WARRICK|OHIO13,8,1.000000000000,Warrick,173
WARRICK|OHIO14,8,1.000000000000,Warrick,173
WARRICK|OHIO15,8,1.000000000000,Warrick,173
WARRICK|OHIO16,8,1.000000000000,Warrick,173
WARRICK|OHIO17,8,1.000000000000,Warrick,173
WARRICK|OHIO18,8,1.000000000000,Warrick,173
WARRICK|OHIO19,8,1.000000000000,Warrick,173
WARRICK|OHIO2,8,1.000000000000,Warrick,173
WARRICK|OHIO20,8,1.000000000000,Warrick,173
WARRICK|OHIO21,8,1.000000000000,Warrick,173
WARRICK|OHIO22,8,1.000000000000,Warrick,173
WARRICK|OHIO23,8,1.000000000000,Warrick,173
WARRICK|OHIO24,8,1.000000000000,Warrick,173
WARRICK|OHIO25,8,1.000000000000,Warrick,173
WARRICK|OHIO26,8,1.000000000000,Warrick,173
WARRICK|OHIO27,8,1.000000000000,Warrick,173
WARRICK|OHIO28,8,1.000000000000,Warrick,173
WARRICK|OHIO29,8,1.000000000000,Warrick,173
WARRICK|OHIO3,8,1.000000000000,Warrick,173
WARRICK|OHIO30,8,1.000000000000,Warrick,173
WARRICK|OHIO31,8,1.000000000000,Warrick,173
WARRICK|OHIO32,8,1.000000000000,Warrick,173
WARRICK|OHIO33,8,1.000000000000,Warrick,173
WARRICK|OHIO34,8,1.000000000000,Warrick,173
WARRICK|OHIO4,8,1.000000000000,Warrick,173
WARRICK|OHIO5,8,1.000000000000,Warrick,173
WARRICK|OHIO6,8,1.000000000000,Warrick,173
WARRICK|OHIO7,8,1.000000000000,Warrick,173
WARRICK|OHIO8,8,1.000000000000,Warrick,173
WARRICK|OHIO9,8,1.000000000000,Warrick,173
WARRICK|OWEN,8,1.000000000000,Warrick,173
WARRICK|PIGEON,8,1.000000000000,Warrick,173
WARRICK|SKELTON1,8,1.000000000000,Warrick,173
WARRICK|SKELTON2,8,1.000000000000,Warrick,173
WASHINGTON|BROWN,8,0.000012088629,Washington,175
WASHINGTON|BROWN,9,0.999987911371,Washington,175
WASHINGTON|FRANKLIN,9,1.000000000000,Washington,175
WASHINGTON|GIBSON,9,1.000000000000,Washington,175
WASHINGTON|HOWARD,9,1.000000000000,Washington,175
WASHINGTON|JACKSON,9,1.000000000000,Washington,175
WASHINGTON|JEFFERSON,9,1.000000000000,Washington,175
WASHINGTON|MADISON,8,0.000165124962,Washington,175
WASHINGTON|MADISON,9,0.999834875038,Washington,175
WASHINGTON|MONROE,9,1.000000000000,Washington,175
WASHINGTON|PIERCE,9,1.000000000000,Washington,175
WASHINGTON|POLK,9,1.000000000000,Washington,175
WASHINGTON|POSEY,8,0.000000056759,Washington,175
WASHINGTON|POSEY,9,0.999999943241,Washington,175
WASHINGTON|SALEM1,9,1.000000000000,Washington,175
WASHINGTON|SALEM2,9,1.000000000000,Washington,175
WASHINGTON|SALEM3,9,1.000000000000,Washington,175
WASHINGTON|SALEM4,9,1.000000000000,Washington,175
WASHINGTON|VERNON,8,0.000026755977,Washington,175
WASHINGTON|VERNON,9,0.999973244023,Washington,175
WASHINGTON|WASHINGTON1,9,1.000000000000,Washington,175
WASHINGTON|WASHINGTON2,9,1.000000000000,Washington,175
WASHINGTON|WASHINGTON3,9,1.000000000000,Washington,175
WASHINGTON|WASHINGTON4,9,1.000000000000,Washington,175
WAYNE|ABINGTON,6,1.000000000000,Wayne,177
WAYNE|BOSTON1,6,1.000000000000,Wayne,177
WAYNE|CENTER04A,6,1.000000000000,Wayne,177
WAYNE|CENTER1,6,1.000000000000,Wayne,177
WAYNE|CENTER2,6,1.000000000000,Wayne,177
WAYNE|CENTER3,6,1.000000000000,Wayne,177
WAYNE|CENTER4,6,1.000000000000,Wayne,177
WAYNE|CENTER5,6,1.000000000000,Wayne,177
WAYNE|CENTER6,6,1.000000000000,Wayne,177
WAYNE|CLAY1,6,1.000000000000,Wayne,177
WAYNE|DALTON1,6,1.000000000000,Wayne,177
WAYNE|FRANKLIN1,6,1.000000000000,Wayne,177
WAYNE|GREENE1,6,1.000000000000,Wayne,177
WAYNE|HARRISON,6,1.000000000000,Wayne,177
WAYNE|JACKSON1,6,1.000000000000,Wayne,177
WAYNE|JACKSON2,6,1.000000000000,Wayne,177
WAYNE|JACKSON3,6,1.000000000000,Wayne,177
WAYNE|JEFFERSON1,6,1.000000000000,Wayne,177
WAYNE|JEFFERSON2,6,1.000000000000,Wayne,177
WAYNE|JEFFERSON3,6,1.000000000000,Wayne,177
WAYNE|NEWGARDEN1,6,1.000000000000,Wayne,177
WAYNE|PERRY1,6,1.000000000000,Wayne,177
WAYNE|WASHINGTON,6,1.000000000000,Wayne,177
WAYNE|WAYNE1,6,1.000000000000,Wayne,177
WAYNE|WAYNE10,6,1.000000000000,Wayne,177
WAYNE|WAYNE11,6,1.000000000000,Wayne,177
WAYNE|WAYNE12,6,1.000000000000,Wayne,177
WAYNE|WAYNE13,6,1.000000000000,Wayne,177
WAYNE|WAYNE14,6,1.000000000000,Wayne,177
WAYNE|WAYNE15,6,1.000000000000,Wayne,177
WAYNE|WAYNE16,6,1.000000000000,Wayne,177
WAYNE|WAYNE17,6,1.000000000000,Wayne,177
WAYNE|WAYNE18,6,1.000000000000,Wayne,177
WAYNE|WAYNE19,6,1.000000000000,Wayne,177
WAYNE|WAYNE2,6,1.000000000000,Wayne,177
WAYNE|WAYNE20,6,1.000000000000,Wayne,177
WAYNE|WAYNE21,6,1.000000000000,Wayne,177
WAYNE|WAYNE22,6,1.000000000000,Wayne,177
WAYNE|WAYNE23,6,1.000000000000,Wayne,177
WAYNE|WAYNE24,6,1.000000000000,Wayne,177
WAYNE|WAYNE25,6,1.000000000000,Wayne,177
WAYNE|WAYNE26,6,1.000000000000,Wayne,177
WAYNE|WAYNE27,6,1.000000000000,Wayne,177
WAYNE|WAYNE28,6,1.000000000000,Wayne,177
WAYNE|WAYNE29,6,1.000000000000,Wayne,177
WAYNE|WAYNE3,6,1.000000000000,Wayne,177
WAYNE|WAYNE30,6,1.000000000000,Wayne,177
WAYNE|WAYNE31,6,1.000000000000,Wayne,177
WAYNE|WAYNE32,6,1.000000000000,Wayne,177
WAYNE|WAYNE33,6,1.000000000000,Wayne,177
WAYNE|WAYNE34,6,1.000000000000,Wayne,177
WAYNE|WAYNE35,6,1.000000000000,Wayne,177
WAYNE|WAYNE4,6,1.000000000000,Wayne,177
WAYNE|WAYNE5,6,1.000000000000,Wayne,177
WAYNE|WAYNE6,6,1.000000000000,Wayne,177
WAYNE|WAYNE7,6,1.000000000000,Wayne,177
WAYNE|WAYNE8,6,1.000000000000,Wayne,177
WAYNE|WAYNE9,6,1.000000000000,Wayne,177
WAYNE|WEBSTER1,6,1.000000000000,Wayne,177
WELLS|BLUFFTON2,3,1.000000000000,Wells,179
WELLS|BLUFFTON3,3,1.000000000000,Wells,179
WELLS|BLUFFTON4,3,1.000000000000,Wells,179
WELLS|BLUFFTON5,3,1.000000000000,Wells,179
WELLS|BLUFFTON6,3,1.000000000000,Wells,179
WELLS|BLUFFTONLANCASTEREAST,3,1.000000000000,Wells,179
WELLS|BLUFFTONLANCASTERIII,3,1.000000000000,Wells,179
WELLS|BLUFFTONLANCASTERWEST,3,1.000000000000,Wells,179
WELLS|CHESTER,3,1.000000000000,Wells,179
WELLS|HARRISONEAST,3,1.000000000000,Wells,179
WELLS|HARRISONWEST,3,1.000000000000,Wells,179
WELLS|JACKSON,3,0.999949535068,Wells,179
WELLS|JACKSON,5,0.000050464932,Wells,179
WELLS|JEFFERSONEAST,3,1.000000000000,Wells,179
WELLS|JEFFERSONWEST,3,1.000000000000,Wells,179
WELLS|LANCASTEREAST,3,1.000000000000,Wells,179
WELLS|LANCASTERWEST,3,1.000000000000,Wells,179
WELLS|LIBERTY,3,1.000000000000,Wells,179
WELLS|NOTTINGHAM,3,1.000000000000,Wells,179
WELLS|OSSIANEAST,3,1.000000000000,Wells,179
WELLS|OSSIANWEST,3,1.000000000000,Wells,179
WELLS|ROCKCREEK,3,1.000000000000,Wells,179
WELLS|UNION,3,1.000000000000,Wells,179
WHITE|BIGCREEK1,4,1.000000000000,White,181
WHITE|CASS1,2,0.000051176568,White,181
WHITE|CASS1,4,0.999948823432,White,181
WHITE|HONEYCREEK1,4,1.000000000000,White,181
WHITE|JACKSON1,4,1.000000000000,White,181
WHITE|LIBERTY,2,0.000028693948,White,181
WHITE|LIBERTY,4,0.999971306052,White,181
WHITE|LINCOLN1,4,1.000000000000,White,181
WHITE|MONON,2,0.000008372600,White,181
WHITE|MONON,4,0.999991627400,White,181
WHITE|PRAIRIE1,4,1.000000000000,White,181
WHITE|PRAIRIE2,4,1.000000000000,White,181
WHITE|PRINCETON,4,1.000000000000,White,181
WHITE|ROUNDGROVE1,4,1.000000000000,White,181
WHITE|UNION1,4,1.000000000000,White,181
WHITE|UNION2,4,1.000000000000,White,181
WHITE|UNION3,4,1.000000000000,White,181
WHITE|UNION4,4,1.000000000000,White,181
WHITE|UNION5,4,1.000000000000,White,181
WHITE|UNION6,4,1.000000000000,White,181
WHITE|UNION7,4,1.000000000000,White,181
WHITE|WESTPOINT1,4,1.000000000000,White,181
WHITLEY|CLEVELANDNORTHEAST,3,1.000000000000,Whitley,183
WHITLEY|CLEVELANDNORTHWEST,2,0.000013598291,Whitley,183
WHITLEY|CLEVELANDNORTHWEST,3,0.999986401709,Whitley,183
WHITLEY|CLEVELANDSOUTH,2,0.000031517330,Whitley,183
WHITLEY|CLEVELANDSOUTH,3,0.999968482670,Whitley,183
WHITLEY|COLUMBIA1,3,1.000000000000,Whitley,183
WHITLEY|COLUMBIA2,3,1.000000000000,Whitley,183
WHITLEY|COLUMBIA3,3,1.000000000000,Whitley,183
WHITLEY|COLUMBIA4,3,1.000000000000,Whitley,183
WHITLEY|COLUMBIA5,3,1.000000000000,Whitley,183
WHITLEY|COLUMBIA6,3,1.000000000000,Whitley,183
WHITLEY|COLUMBIA7,3,1.000000000000,Whitley,183
WHITLEY|COLUMBIA8,3,1.000000000000,Whitley,183
WHITLEY|COLUMBIANORTHEAST,3,1.000000000000,Whitley,183
WHITLEY|COLUMBIANORTHWEST,3,1.000000000000,Whitley,183
WHITLEY|COLUMBIASOUTH,3,1.000000000000,Whitley,183
WHITLEY|ETNA,3,1.000000000000,Whitley,183
WHITLEY|JEFFERSONEAST,3,1.000000000000,Whitley,183
WHITLEY|JEFFERSONWEST,3,1.000000000000,Whitley,183
WHITLEY|RICHLANDNORTH,3,1.000000000000,Whitley,183
WHITLEY|RICHLANDSOUTH,2,0.000012263965,Whitley,183
WHITLEY|RICHLANDSOUTH,3,0.999987736035,Whitley,183
WHITLEY|SMITHEAST,3,1.000000000000,Whitley,183
WHITLEY|SMITHNORTHEAST,3,1.000000000000,Whitley,183
WHITLEY|SMITHNORTHWEST,3,1.000000000000,Whitley,183
WHITLEY|SMITHSOUTH,3,1.000000000000,Whitley,183
WHITLEY|SMITHWEST,3,1.000000000000,Whitley,183
WHITLEY|THORNCREEKNORTH,3,1.000000000000,Whitley,183
WHITLEY|THORNCREEKNORTHEAST,3,1.000000000000,Whitley,183
WHITLEY|THORNCREEKNORTHWEST,3,1.000000000000,Whitley,183
WHITLEY|THORNCREEKSOUTH,3,1.000000000000,Whitley,183
WHITLEY|TROY,3,1.000000000000,Whitley,183
WHITLEY|UNIONCOLUMBIACITY,3,1.000000000000,Whitley,183
WHITLEY|UNIONEAST,3,1.000000000000,Whitley,183
WHITLEY|UNIONWEST,3,1.000000000000,Whitley,183
WHITLEY|WASHINGTONNORTH,3,1.000000000000,Whitley,183
WHITLEY|WASHINGTONSOUTH,3,1.000000000000,Whitley,183
