precinct_key,district_num,area_weight,county,countyfp20
ADAMS|BERNEA,79,1.000000000000,Adams,001
ADAMS|BERNEB,79,1.000000000000,Adams,001
ADAMS|BERNEC,79,1.000000000000,Adams,001
ADAMS|BLUECREEK,79,1.000000000000,Adams,001
ADAMS|DECATUR1,79,1.000000000000,Adams,001
ADAMS|DECATUR2,79,1.000000000000,Adams,001
ADAMS|DECATUR3,79,1.000000000000,Adams,001
ADAMS|DECATUR4,79,1.000000000000,Adams,001
ADAMS|DECATUR5,79,1.000000000000,Adams,001
ADAMS|EASTROOT,79,0.999969741952,Adams,001
ADAMS|EASTROOT,85,0.000030258048,Adams,001
ADAMS|FRENCH,79,1.000000000000,Adams,001
ADAMS|GENEVA,79,1.000000000000,Adams,001
ADAMS|HARTFORD,79,1.000000000000,Adams,001
ADAMS|JEFFERSON,79,1.000000000000,Adams,001
ADAMS|KIRKLAND,79,1.000000000000,Adams,001
ADAMS|MONROEA,79,1.000000000000,Adams,001
ADAMS|MONROEB,79,1.000000000000,Adams,001
ADAMS|NORTHWASHINGTON,79,1.000000000000,Adams,001
ADAMS|PREBLE,79,0.999928814306,Adams,001
ADAMS|PREBLE,85,0.000071185694,Adams,001
ADAMS|SOUTHMONROE,79,1.000000000000,Adams,001
ADAMS|SOUTHWASHINGTON,79,1.000000000000,Adams,001
ADAMS|STMARYS,79,1.000000000000,Adams,001
ADAMS|UNION,79,0.999871058363,Adams,001
ADAMS|UNION,85,0.000128941637,Adams,001
ADAMS|WABASH,79,1.000000000000,Adams,001
ADAMS|WESTROOT,79,0.999926930192,Adams,001
ADAMS|WESTROOT,85,0.000073069808,Adams,001
ALLEN|151,82,1.000000000000,Allen,003
ALLEN|152,82,0.999936766361,Allen,003
ALLEN|152,84,0.000063233639,Allen,003
ALLEN|153,82,0.000577455426,Allen,003
ALLEN|153,84,0.999422544574,Allen,003
ALLEN|154,82,0.987403069956,Allen,003
ALLEN|154,84,0.006253731457,Allen,003
ALLEN|154,85,0.006343198587,Allen,003
ALLEN|156,82,0.001575489201,Allen,003
ALLEN|156,84,0.003159041384,Allen,003
ALLEN|156,85,0.995265469415,Allen,003
ALLEN|157,82,0.999302570000,Allen,003
ALLEN|157,84,0.000697430000,Allen,003
ALLEN|158,82,0.999043571353,Allen,003
ALLEN|158,85,0.000956428647,Allen,003
ALLEN|162,84,0.001185090174,Allen,003
ALLEN|162,85,0.998814909826,Allen,003
ALLEN|163,82,0.000285986571,Allen,003
ALLEN|163,85,0.999714013429,Allen,003
ALLEN|164,82,0.997280526263,Allen,003
ALLEN|164,85,0.002719473737,Allen,003
ALLEN|166,84,0.000264801127,Allen,003
ALLEN|166,85,0.999735198873,Allen,003
ALLEN|168,82,0.002353015730,Allen,003
ALLEN|168,84,0.990092416814,Allen,003
ALLEN|168,85,0.007554567456,Allen,003
ALLEN|169,84,1.000000000000,Allen,003
ALLEN|170,82,0.000164146857,Allen,003
ALLEN|170,84,0.999835853143,Allen,003
ALLEN|172,82,0.000089717998,Allen,003
ALLEN|172,84,0.999910282002,Allen,003
ALLEN|174,82,1.000000000000,Allen,003
ALLEN|175,82,0.999939293406,Allen,003
ALLEN|175,84,0.000060706594,Allen,003
ALLEN|176,84,0.999957085518,Allen,003
ALLEN|176,85,0.000042914482,Allen,003
ALLEN|177,82,0.000034533237,Allen,003
ALLEN|177,84,0.999965466763,Allen,003
ALLEN|178,84,1.000000000000,Allen,003
ALLEN|179,84,0.998532219596,Allen,003
ALLEN|179,85,0.001467780404,Allen,003
ALLEN|180,84,1.000000000000,Allen,003
ALLEN|183,84,1.000000000000,Allen,003
ALLEN|184,84,1.000000000000,Allen,003
ALLEN|185,84,1.000000000000,Allen,003
ALLEN|186,84,1.000000000000,Allen,003
ALLEN|188,84,1.000000000000,Allen,003
ALLEN|189,84,1.000000000000,Allen,003
ALLEN|190,84,0.999996956829,Allen,003
ALLEN|190,85,0.000003043171,Allen,003
ALLEN|192,84,0.000370741446,Allen,003
ALLEN|192,85,0.999629258554,Allen,003
ALLEN|194,82,0.000135133287,Allen,003
ALLEN|194,84,0.999864866713,Allen,003
ALLEN|195,84,1.000000000000,Allen,003
ALLEN|196,85,1.000000000000,Allen,003
ALLEN|197,82,0.999962496527,Allen,003
ALLEN|197,84,0.000037503473,Allen,003
ALLEN|200,81,0.000803329232,Allen,003
ALLEN|200,84,0.999196670768,Allen,003
ALLEN|203,82,1.000000000000,Allen,003
ALLEN|204,82,1.000000000000,Allen,003
ALLEN|205,82,1.000000000000,Allen,003
ALLEN|207,82,1.000000000000,Allen,003
ALLEN|209,82,1.000000000000,Allen,003
ALLEN|210,82,1.000000000000,Allen,003
ALLEN|211,82,0.999997351162,Allen,003
ALLEN|211,84,0.000002648838,Allen,003
ALLEN|212,82,0.999276583451,Allen,003
ALLEN|212,84,0.000723416549,Allen,003
ALLEN|213,82,0.000982224918,Allen,003
ALLEN|213,84,0.999017775082,Allen,003
ALLEN|214,82,0.000464528669,Allen,003
ALLEN|214,84,0.999535471331,Allen,003
ALLEN|216,82,0.000061351818,Allen,003
ALLEN|216,84,0.999938648182,Allen,003
ALLEN|217,82,0.999984765465,Allen,003
ALLEN|217,84,0.000015234535,Allen,003
ALLEN|218,82,0.999743075681,Allen,003
ALLEN|218,84,0.000256924319,Allen,003
ALLEN|255,84,1.000000000000,Allen,003
ALLEN|256,84,1.000000000000,Allen,003
ALLEN|257,84,1.000000000000,Allen,003
ALLEN|259,84,1.000000000000,Allen,003
ALLEN|260,82,0.000344187735,Allen,003
ALLEN|260,84,0.999655812265,Allen,003
ALLEN|261,84,1.000000000000,Allen,003
ALLEN|262,84,1.000000000000,Allen,003
ALLEN|270,82,0.998929891628,Allen,003
ALLEN|270,84,0.001070108372,Allen,003
ALLEN|285,81,0.000626210534,Allen,003
ALLEN|285,84,0.999373789466,Allen,003
ALLEN|287,84,1.000000000000,Allen,003
ALLEN|288,84,1.000000000000,Allen,003
ALLEN|289,81,0.999781932763,Allen,003
ALLEN|289,84,0.000218067237,Allen,003
ALLEN|290,81,0.000192505746,Allen,003
ALLEN|290,84,0.999807494254,Allen,003
ALLEN|291,82,1.000000000000,Allen,003
ALLEN|292,81,0.003358630037,Allen,003
ALLEN|292,82,0.000105267100,Allen,003
ALLEN|292,84,0.996536102863,Allen,003
ALLEN|293,81,0.000034740110,Allen,003
ALLEN|293,84,0.999965259890,Allen,003
ALLEN|294,81,0.000048686508,Allen,003
ALLEN|294,84,0.999951313492,Allen,003
ALLEN|296,82,1.000000000000,Allen,003
ALLEN|297,82,1.000000000000,Allen,003
ALLEN|298,82,1.000000000000,Allen,003
ALLEN|303,81,1.000000000000,Allen,003
ALLEN|304,81,0.000494010762,Allen,003
ALLEN|304,82,0.999488169205,Allen,003
ALLEN|304,84,0.000017820032,Allen,003
ALLEN|306,81,0.999644250067,Allen,003
ALLEN|306,84,0.000355749933,Allen,003
ALLEN|307,81,0.998482352941,Allen,003
ALLEN|307,84,0.001517647059,Allen,003
ALLEN|309,81,1.000000000000,Allen,003
ALLEN|310,81,0.999996462702,Allen,003
ALLEN|310,82,0.000003537298,Allen,003
ALLEN|311,81,0.001102288457,Allen,003
ALLEN|311,82,0.998897711543,Allen,003
ALLEN|312,81,0.995185323815,Allen,003
ALLEN|312,82,0.002636185085,Allen,003
ALLEN|312,84,0.002178491100,Allen,003
ALLEN|313,81,1.000000000000,Allen,003
ALLEN|314,81,0.999748036509,Allen,003
ALLEN|314,82,0.000251963491,Allen,003
ALLEN|315,81,1.000000000000,Allen,003
ALLEN|316,81,0.999968862569,Allen,003
ALLEN|316,84,0.000031137431,Allen,003
ALLEN|318,81,1.000000000000,Allen,003
ALLEN|319,81,1.000000000000,Allen,003
ALLEN|320,81,1.000000000000,Allen,003
ALLEN|321,81,1.000000000000,Allen,003
ALLEN|322,81,1.000000000000,Allen,003
ALLEN|323,81,0.999975502556,Allen,003
ALLEN|323,84,0.000024497444,Allen,003
ALLEN|327,81,1.000000000000,Allen,003
ALLEN|360,81,1.000000000000,Allen,003
ALLEN|364,81,0.000096591545,Allen,003
ALLEN|364,82,0.999903408455,Allen,003
ALLEN|366,81,0.000187680461,Allen,003
ALLEN|366,82,0.999812319539,Allen,003
ALLEN|367,81,0.999788228160,Allen,003
ALLEN|367,82,0.000207755537,Allen,003
ALLEN|367,83,0.000004016302,Allen,003
ALLEN|368,82,1.000000000000,Allen,003
ALLEN|370,81,1.000000000000,Allen,003
ALLEN|371,81,1.000000000000,Allen,003
ALLEN|373,82,1.000000000000,Allen,003
ALLEN|399,81,0.000038259185,Allen,003
ALLEN|399,84,0.999961740815,Allen,003
ALLEN|410,83,1.000000000000,Allen,003
ALLEN|411,80,0.000104546500,Allen,003
ALLEN|411,82,0.000440317361,Allen,003
ALLEN|411,83,0.999455136139,Allen,003
ALLEN|415,83,1.000000000000,Allen,003
ALLEN|418,80,0.000104547364,Allen,003
ALLEN|418,83,0.999665335391,Allen,003
ALLEN|418,85,0.000230117245,Allen,003
ALLEN|452,80,0.999335706288,Allen,003
ALLEN|452,82,0.000009819900,Allen,003
ALLEN|452,83,0.000125882138,Allen,003
ALLEN|452,85,0.000528591675,Allen,003
ALLEN|454,80,0.999519412734,Allen,003
ALLEN|454,85,0.000480587266,Allen,003
ALLEN|456,80,0.998674036329,Allen,003
ALLEN|456,85,0.001325963671,Allen,003
ALLEN|457,80,1.000000000000,Allen,003
ALLEN|459,80,1.000000000000,Allen,003
ALLEN|460,80,1.000000000000,Allen,003
ALLEN|461,80,0.997810375788,Allen,003
ALLEN|461,85,0.002189624212,Allen,003
ALLEN|468,83,1.000000000000,Allen,003
ALLEN|469,83,1.000000000000,Allen,003
ALLEN|470,83,1.000000000000,Allen,003
ALLEN|471,83,1.000000000000,Allen,003
ALLEN|472,83,1.000000000000,Allen,003
ALLEN|473,83,1.000000000000,Allen,003
ALLEN|474,83,1.000000000000,Allen,003
ALLEN|475,83,1.000000000000,Allen,003
ALLEN|476,83,1.000000000000,Allen,003
ALLEN|477,83,1.000000000000,Allen,003
ALLEN|478,83,1.000000000000,Allen,003
ALLEN|479,83,1.000000000000,Allen,003
ALLEN|480,83,1.000000000000,Allen,003
ALLEN|481,83,1.000000000000,Allen,003
ALLEN|482,83,1.000000000000,Allen,003
ALLEN|483,83,1.000000000000,Allen,003
ALLEN|484,83,1.000000000000,Allen,003
ALLEN|485,83,1.000000000000,Allen,003
ALLEN|486,83,1.000000000000,Allen,003
ALLEN|487,83,1.000000000000,Allen,003
ALLEN|488,83,1.000000000000,Allen,003
ALLEN|490,83,1.000000000000,Allen,003
ALLEN|502,80,0.998943870710,Allen,003
ALLEN|502,82,0.001056129290,Allen,003
ALLEN|503,80,0.999420872406,Allen,003
ALLEN|503,82,0.000579127594,Allen,003
ALLEN|504,80,1.000000000000,Allen,003
ALLEN|505,80,0.999684602439,Allen,003
ALLEN|505,82,0.000315397561,Allen,003
ALLEN|509,80,1.000000000000,Allen,003
ALLEN|512,80,1.000000000000,Allen,003
ALLEN|516,82,1.000000000000,Allen,003
ALLEN|518,80,0.000049517179,Allen,003
ALLEN|518,82,0.999950482821,Allen,003
ALLEN|519,80,0.000192769389,Allen,003
ALLEN|519,82,0.999807230611,Allen,003
ALLEN|553,80,1.000000000000,Allen,003
ALLEN|554,80,1.000000000000,Allen,003
ALLEN|555,80,1.000000000000,Allen,003
ALLEN|557,80,0.999948714221,Allen,003
ALLEN|557,85,0.000051285779,Allen,003
ALLEN|561,80,1.000000000000,Allen,003
ALLEN|565,82,1.000000000000,Allen,003
ALLEN|567,82,1.000000000000,Allen,003
ALLEN|569,82,1.000000000000,Allen,003
ALLEN|575,82,1.000000000000,Allen,003
ALLEN|576,82,0.999705337729,Allen,003
ALLEN|576,83,0.000294662271,Allen,003
ALLEN|577,81,0.000169493492,Allen,003
ALLEN|577,82,0.997791510650,Allen,003
ALLEN|577,83,0.002038995858,Allen,003
ALLEN|578,80,0.000211279944,Allen,003
ALLEN|578,82,0.999124173352,Allen,003
ALLEN|578,83,0.000664546704,Allen,003
ALLEN|579,80,0.000285016394,Allen,003
ALLEN|579,82,0.999714983606,Allen,003
ALLEN|581,80,0.000106147608,Allen,003
ALLEN|581,82,0.999893852392,Allen,003
ALLEN|582,80,0.998780260608,Allen,003
ALLEN|582,82,0.001219739392,Allen,003
ALLEN|583,82,1.000000000000,Allen,003
ALLEN|585,80,0.999995845971,Allen,003
ALLEN|585,82,0.000004154029,Allen,003
ALLEN|590,82,1.000000000000,Allen,003
ALLEN|592,82,1.000000000000,Allen,003
ALLEN|594,82,1.000000000000,Allen,003
ALLEN|596,82,1.000000000000,Allen,003
ALLEN|602,80,1.000000000000,Allen,003
ALLEN|603,80,1.000000000000,Allen,003
ALLEN|605,80,1.000000000000,Allen,003
ALLEN|607,80,0.999932030798,Allen,003
ALLEN|607,82,0.000067969202,Allen,003
ALLEN|608,80,1.000000000000,Allen,003
ALLEN|610,80,1.000000000000,Allen,003
ALLEN|611,80,0.001683197864,Allen,003
ALLEN|611,82,0.998316802136,Allen,003
ALLEN|612,82,0.999357795547,Allen,003
ALLEN|612,85,0.000642204453,Allen,003
ALLEN|651,80,0.000327624213,Allen,003
ALLEN|651,82,0.999672375787,Allen,003
ALLEN|652,80,0.999894401502,Allen,003
ALLEN|652,82,0.000105598498,Allen,003
ALLEN|653,80,0.998847829981,Allen,003
ALLEN|653,82,0.001152134502,Allen,003
ALLEN|653,85,0.000000035517,Allen,003
ALLEN|654,80,1.000000000000,Allen,003
ALLEN|656,80,1.000000000000,Allen,003
ALLEN|658,80,0.999998993954,Allen,003
ALLEN|658,85,0.000001006046,Allen,003
ALLEN|660,80,0.999728759742,Allen,003
ALLEN|660,85,0.000271240258,Allen,003
ALLEN|662,80,0.999529841083,Allen,003
ALLEN|662,85,0.000470158917,Allen,003
ALLEN|663,80,0.999998900785,Allen,003
ALLEN|663,85,0.000001099215,Allen,003
ALLEN|665,80,0.999152857966,Allen,003
ALLEN|665,85,0.000847142034,Allen,003
ALLEN|667,80,0.000354275320,Allen,003
ALLEN|667,82,0.999645724680,Allen,003
ALLEN|668,80,0.998679811980,Allen,003
ALLEN|668,82,0.000041698335,Allen,003
ALLEN|668,85,0.001278489685,Allen,003
ALLEN|669,80,0.999915128871,Allen,003
ALLEN|669,85,0.000084871129,Allen,003
ALLEN|670,80,0.999162461230,Allen,003
ALLEN|670,85,0.000837538770,Allen,003
ALLEN|671,80,1.000000000000,Allen,003
ALLEN|672,80,0.000007122749,Allen,003
ALLEN|672,82,0.999992877251,Allen,003
ALLEN|674,82,1.000000000000,Allen,003
ALLEN|675,80,0.000983733159,Allen,003
ALLEN|675,82,0.998972943079,Allen,003
ALLEN|675,85,0.000043323762,Allen,003
ALLEN|677,80,0.984895917428,Allen,003
ALLEN|677,85,0.015104082572,Allen,003
ALLEN|678,80,1.000000000000,Allen,003
ALLEN|679,80,1.000000000000,Allen,003
ALLEN|682,80,0.000074930873,Allen,003
ALLEN|682,82,0.999925069127,Allen,003
ALLEN|690,80,1.000000000000,Allen,003
ALLEN|692,80,0.999940658339,Allen,003
ALLEN|692,82,0.000059341661,Allen,003
ALLEN|ABOITEA,83,1.000000000000,Allen,003
ALLEN|ABOITEB,83,1.000000000000,Allen,003
ALLEN|ABOITEC,50,0.000094044014,Allen,003
ALLEN|ABOITEC,83,0.999779613682,Allen,003
ALLEN|ABOITEC,85,0.000126342304,Allen,003
ALLEN|ABOITEJ,83,1.000000000000,Allen,003
ALLEN|ABOITEK,83,1.000000000000,Allen,003
ALLEN|ABOITEL,83,1.000000000000,Allen,003
ALLEN|ABOITEN,83,1.000000000000,Allen,003
ALLEN|ABOITET,81,0.000079973513,Allen,003
ALLEN|ABOITET,83,0.999920026487,Allen,003
ALLEN|ABOITEU,81,0.000423735240,Allen,003
ALLEN|ABOITEU,83,0.999576264760,Allen,003
ALLEN|ABOITEZ,83,0.999738293588,Allen,003
ALLEN|ABOITEZ,85,0.000261706412,Allen,003
ALLEN|ADAMSB1,82,0.004761568703,Allen,003
ALLEN|ADAMSB1,85,0.995238431297,Allen,003
ALLEN|ADAMSB2,85,1.000000000000,Allen,003
ALLEN|ADAMSC,85,1.000000000000,Allen,003
ALLEN|ADAMSE,85,1.000000000000,Allen,003
ALLEN|ADAMSF,85,1.000000000000,Allen,003
ALLEN|ADAMSG,80,0.000120887206,Allen,003
ALLEN|ADAMSG,85,0.999879112794,Allen,003
ALLEN|ADAMSN,85,1.000000000000,Allen,003
ALLEN|ADAMSO,85,1.000000000000,Allen,003
ALLEN|CEDARCREEKA,52,0.000137448978,Allen,003
ALLEN|CEDARCREEKA,81,0.000005749806,Allen,003
ALLEN|CEDARCREEKA,85,0.999856801216,Allen,003
ALLEN|CEDARCREEKB,84,0.000034224355,Allen,003
ALLEN|CEDARCREEKB,85,0.999965775645,Allen,003
ALLEN|CEDARCREEKC,84,0.000147695777,Allen,003
ALLEN|CEDARCREEKC,85,0.999852304223,Allen,003
ALLEN|CEDARCREEKD,81,0.000043875288,Allen,003
ALLEN|CEDARCREEKD,84,0.000001769989,Allen,003
ALLEN|CEDARCREEKD,85,0.999954354723,Allen,003
ALLEN|CEDARCREEKE,84,0.001037505157,Allen,003
ALLEN|CEDARCREEKE,85,0.998962494843,Allen,003
ALLEN|CEDARCREEKF,52,0.000110373273,Allen,003
ALLEN|CEDARCREEKF,85,0.999889626727,Allen,003
ALLEN|CEDARCREEKG,85,1.000000000000,Allen,003
ALLEN|EELRIVERA,18,0.000049154859,Allen,003
ALLEN|EELRIVERA,81,0.999950845141,Allen,003
ALLEN|EELRIVERB,18,0.000159985010,Allen,003
ALLEN|EELRIVERB,81,0.999840014990,Allen,003
ALLEN|GRABILL,85,1.000000000000,Allen,003
ALLEN|HUNTERTOWNA,81,1.000000000000,Allen,003
ALLEN|HUNTERTOWNB,81,1.000000000000,Allen,003
ALLEN|HUNTERTOWNC,81,1.000000000000,Allen,003
ALLEN|HUNTERTOWND,81,1.000000000000,Allen,003
ALLEN|HUNTERTOWNER,81,1.000000000000,Allen,003
ALLEN|JACKSON,85,1.000000000000,Allen,003
ALLEN|JEFFERSON,85,1.000000000000,Allen,003
ALLEN|LAFAYETTEA,50,0.000037927603,Allen,003
ALLEN|LAFAYETTEA,83,0.000028265226,Allen,003
ALLEN|LAFAYETTEA,85,0.999933807171,Allen,003
ALLEN|LAFAYETTEB,50,0.000077881073,Allen,003
ALLEN|LAFAYETTEB,79,0.000115457355,Allen,003
ALLEN|LAFAYETTEB,85,0.999806661571,Allen,003
ALLEN|LAFAYETTEC,83,0.000000490962,Allen,003
ALLEN|LAFAYETTEC,85,0.999999509038,Allen,003
ALLEN|LAKEA,18,0.000056224190,Allen,003
ALLEN|LAKEA,81,0.999943775810,Allen,003
ALLEN|LAKEB,18,0.000027970174,Allen,003
ALLEN|LAKEB,81,0.999945297442,Allen,003
ALLEN|LAKEB,83,0.000026732384,Allen,003
ALLEN|LEOCEDARVILLEA,85,1.000000000000,Allen,003
ALLEN|LEOCEDARVILLEB,85,1.000000000000,Allen,003
ALLEN|MADISON,79,0.000045099015,Allen,003
ALLEN|MADISON,85,0.999954900985,Allen,003
ALLEN|MARIONA,79,0.000083541280,Allen,003
ALLEN|MARIONA,85,0.999916458720,Allen,003
ALLEN|MARIONB,79,0.000088390915,Allen,003
ALLEN|MARIONB,85,0.999911609085,Allen,003
ALLEN|MARIONC,85,1.000000000000,Allen,003
ALLEN|MAUMEE,85,1.000000000000,Allen,003
ALLEN|MILAN,84,0.000010981512,Allen,003
ALLEN|MILAN,85,0.999989018488,Allen,003
ALLEN|MONROE,79,0.000003400483,Allen,003
ALLEN|MONROE,85,0.999996599517,Allen,003
ALLEN|MONROEVILLE,85,1.000000000000,Allen,003
ALLEN|NH1,82,0.000625794518,Allen,003
ALLEN|NH1,85,0.999374205482,Allen,003
ALLEN|NH1J,85,1.000000000000,Allen,003
ALLEN|NH1SJ,85,1.000000000000,Allen,003
ALLEN|NH2A,85,1.000000000000,Allen,003
ALLEN|NH2J1,85,1.000000000000,Allen,003
ALLEN|NH2J2,85,1.000000000000,Allen,003
ALLEN|NH2J3,85,1.000000000000,Allen,003
ALLEN|NH2J4,85,1.000000000000,Allen,003
ALLEN|NH3A,85,1.000000000000,Allen,003
ALLEN|NH3B,85,1.000000000000,Allen,003
ALLEN|NH4A,85,1.000000000000,Allen,003
ALLEN|NH4B,85,1.000000000000,Allen,003
ALLEN|NH5A,82,0.000032817403,Allen,003
ALLEN|NH5A,85,0.999967182597,Allen,003
ALLEN|NH5B,85,1.000000000000,Allen,003
ALLEN|NH5C,80,0.001203872985,Allen,003
ALLEN|NH5C,85,0.998796127015,Allen,003
ALLEN|NH5D,80,0.010794480220,Allen,003
ALLEN|NH5D,85,0.989205519780,Allen,003
ALLEN|NH5E,85,1.000000000000,Allen,003
ALLEN|PERRYB,52,0.000048752386,Allen,003
ALLEN|PERRYB,81,0.999920147022,Allen,003
ALLEN|PERRYB,85,0.000031100592,Allen,003
ALLEN|PERRYD,81,0.002693240367,Allen,003
ALLEN|PERRYD,84,0.997306759633,Allen,003
ALLEN|PERRYH,81,0.000063182066,Allen,003
ALLEN|PERRYH,84,0.999936817934,Allen,003
ALLEN|PERRYJ,81,0.002770409520,Allen,003
ALLEN|PERRYJ,84,0.997229590480,Allen,003
ALLEN|PERRYK,81,1.000000000000,Allen,003
ALLEN|PERRYL,81,0.000003498775,Allen,003
ALLEN|PERRYL,84,0.999995385714,Allen,003
ALLEN|PERRYL,85,0.000001115511,Allen,003
ALLEN|PERRYM,81,1.000000000000,Allen,003
ALLEN|PERRYN,81,0.999945438907,Allen,003
ALLEN|PERRYN,84,0.000026889059,Allen,003
ALLEN|PERRYN,85,0.000027672034,Allen,003
ALLEN|PERRYO,81,0.997717013763,Allen,003
ALLEN|PERRYO,84,0.002282986237,Allen,003
ALLEN|PERRYR,52,0.000061810276,Allen,003
ALLEN|PERRYR,81,0.999938189724,Allen,003
ALLEN|PERRYS,81,0.999985924877,Allen,003
ALLEN|PERRYS,84,0.000014075123,Allen,003
ALLEN|PERRYT,81,0.999996822337,Allen,003
ALLEN|PERRYT,84,0.000000044067,Allen,003
ALLEN|PERRYT,85,0.000003133596,Allen,003
ALLEN|PLEASANTA,79,0.000005400948,Allen,003
ALLEN|PLEASANTA,80,0.000297414759,Allen,003
ALLEN|PLEASANTA,85,0.999697184293,Allen,003
ALLEN|PLEASANTB,80,0.000409554598,Allen,003
ALLEN|PLEASANTB,85,0.999590445402,Allen,003
ALLEN|PLEASANTC,79,0.000113919658,Allen,003
ALLEN|PLEASANTC,85,0.999886080342,Allen,003
ALLEN|SCIPIO,52,0.000044433620,Allen,003
ALLEN|SCIPIO,85,0.999955566380,Allen,003
ALLEN|SPRINGFIELDA,52,0.000069380163,Allen,003
ALLEN|SPRINGFIELDA,85,0.999930619837,Allen,003
ALLEN|SPRINGFIELDB,85,1.000000000000,Allen,003
ALLEN|STJOEA,84,0.999834472536,Allen,003
ALLEN|STJOEA,85,0.000165527464,Allen,003
ALLEN|STJOEB1,84,0.999567745192,Allen,003
ALLEN|STJOEB1,85,0.000432254808,Allen,003
ALLEN|STJOEB2,84,1.000000000000,Allen,003
ALLEN|STJOEC,84,1.000000000000,Allen,003
ALLEN|STJOED,84,0.000007592876,Allen,003
ALLEN|STJOED,85,0.999992407124,Allen,003
ALLEN|STJOEE,84,1.000000000000,Allen,003
ALLEN|STJOEF,84,0.998400192245,Allen,003
ALLEN|STJOEF,85,0.001599807755,Allen,003
ALLEN|STJOEG,84,0.999952688581,Allen,003
ALLEN|STJOEG,85,0.000047311419,Allen,003
ALLEN|STJOEV1,84,0.000209305275,Allen,003
ALLEN|STJOEV1,85,0.999790694725,Allen,003
ALLEN|WASHINGTONE,81,1.000000000000,Allen,003
ALLEN|WASHINGTONF,81,0.999916255698,Allen,003
ALLEN|WASHINGTONF,83,0.000083744302,Allen,003
ALLEN|WAYNEA,80,0.003716803567,Allen,003
ALLEN|WAYNEA,85,0.996283196433,Allen,003
ALLEN|WAYNEC,80,0.000608333932,Allen,003
ALLEN|WAYNEC,83,0.000218664833,Allen,003
ALLEN|WAYNEC,85,0.999173001234,Allen,003
ALLEN|WAYNED,81,0.000046689388,Allen,003
ALLEN|WAYNED,82,0.000184004984,Allen,003
ALLEN|WAYNED,83,0.999769305628,Allen,003
ALLEN|WOODBURN,85,1.000000000000,Allen,003
ALLEN|ZANESVILLE,79,0.000009956783,Allen,003
ALLEN|ZANESVILLE,85,0.999990043217,Allen,003
BARTHOLOMEW|CLAY3500,59,0.000031614500,Bartholomew,005
BARTHOLOMEW|CLAY3500,73,0.999968385500,Bartholomew,005
BARTHOLOMEW|CLAY3550,59,0.000147843767,Bartholomew,005
BARTHOLOMEW|CLAY3550,73,0.999852156233,Bartholomew,005
BARTHOLOMEW|CLAY3600,59,0.000175126282,Bartholomew,005
BARTHOLOMEW|CLAY3600,73,0.999824873718,Bartholomew,005
BARTHOLOMEW|CLIFTY3700,73,1.000000000000,Bartholomew,005
BARTHOLOMEW|COLUMBUS100,59,1.000000000000,Bartholomew,005
BARTHOLOMEW|COLUMBUS1000,59,1.000000000000,Bartholomew,005
BARTHOLOMEW|COLUMBUS1100,59,1.000000000000,Bartholomew,005
BARTHOLOMEW|COLUMBUS1200,59,1.000000000000,Bartholomew,005
BARTHOLOMEW|COLUMBUS1300,59,0.999991017299,Bartholomew,005
BARTHOLOMEW|COLUMBUS1300,73,0.000008982701,Bartholomew,005
BARTHOLOMEW|COLUMBUS1400,59,0.999840627894,Bartholomew,005
BARTHOLOMEW|COLUMBUS1400,73,0.000159372106,Bartholomew,005
BARTHOLOMEW|COLUMBUS1500,59,1.000000000000,Bartholomew,005
BARTHOLOMEW|COLUMBUS1600,59,1.000000000000,Bartholomew,005
BARTHOLOMEW|COLUMBUS1700,59,1.000000000000,Bartholomew,005
BARTHOLOMEW|COLUMBUS1800,59,1.000000000000,Bartholomew,005
BARTHOLOMEW|COLUMBUS1900,59,1.000000000000,Bartholomew,005
BARTHOLOMEW|COLUMBUS200,59,1.000000000000,Bartholomew,005
BARTHOLOMEW|COLUMBUS2000,59,1.000000000000,Bartholomew,005
BARTHOLOMEW|COLUMBUS2100,59,1.000000000000,Bartholomew,005
BARTHOLOMEW|COLUMBUS2200,59,1.000000000000,Bartholomew,005
BARTHOLOMEW|COLUMBUS225,59,1.000000000000,Bartholomew,005
BARTHOLOMEW|COLUMBUS2300,59,1.000000000000,Bartholomew,005
BARTHOLOMEW|COLUMBUS2400,59,1.000000000000,Bartholomew,005
BARTHOLOMEW|COLUMBUS250,59,1.000000000000,Bartholomew,005
BARTHOLOMEW|COLUMBUS2500,59,1.000000000000,Bartholomew,005
BARTHOLOMEW|COLUMBUS2600,59,1.000000000000,Bartholomew,005
BARTHOLOMEW|COLUMBUS2700,59,0.999962183157,Bartholomew,005
BARTHOLOMEW|COLUMBUS2700,73,0.000037816843,Bartholomew,005
BARTHOLOMEW|COLUMBUS2800,59,1.000000000000,Bartholomew,005
BARTHOLOMEW|COLUMBUS2850,59,1.000000000000,Bartholomew,005
BARTHOLOMEW|COLUMBUS2900,59,1.000000000000,Bartholomew,005
BARTHOLOMEW|COLUMBUS300,59,1.000000000000,Bartholomew,005
BARTHOLOMEW|COLUMBUS3000,59,1.000000000000,Bartholomew,005
BARTHOLOMEW|COLUMBUS3100,59,0.999765487298,Bartholomew,005
BARTHOLOMEW|COLUMBUS3100,73,0.000234512702,Bartholomew,005
BARTHOLOMEW|COLUMBUS3200,59,0.999196575683,Bartholomew,005
BARTHOLOMEW|COLUMBUS3200,73,0.000803424317,Bartholomew,005
BARTHOLOMEW|COLUMBUS3300,59,1.000000000000,Bartholomew,005
BARTHOLOMEW|COLUMBUS3350,59,0.999862860246,Bartholomew,005
BARTHOLOMEW|COLUMBUS3350,73,0.000137139754,Bartholomew,005
BARTHOLOMEW|COLUMBUS3400,59,0.999983880140,Bartholomew,005
BARTHOLOMEW|COLUMBUS3400,62,0.000016050659,Bartholomew,005
BARTHOLOMEW|COLUMBUS3400,73,0.000000069200,Bartholomew,005
BARTHOLOMEW|COLUMBUS400,59,1.000000000000,Bartholomew,005
BARTHOLOMEW|COLUMBUS500,59,1.000000000000,Bartholomew,005
BARTHOLOMEW|COLUMBUS600,59,1.000000000000,Bartholomew,005
BARTHOLOMEW|COLUMBUS700,59,1.000000000000,Bartholomew,005
BARTHOLOMEW|COLUMBUS800,59,1.000000000000,Bartholomew,005
BARTHOLOMEW|COLUMBUS900,59,1.000000000000,Bartholomew,005
BARTHOLOMEW|FLATROCK3800,59,0.001045055320,Bartholomew,005
BARTHOLOMEW|FLATROCK3800,73,0.998954944680,Bartholomew,005
BARTHOLOMEW|FLATROCK3850NV,73,1.000000000000,Bartholomew,005
BARTHOLOMEW|GERMAN3900,47,0.000524699000,Bartholomew,005
BARTHOLOMEW|GERMAN3900,59,0.999475301000,Bartholomew,005
BARTHOLOMEW|GERMAN4000,47,0.000115210109,Bartholomew,005
BARTHOLOMEW|GERMAN4000,59,0.999884789891,Bartholomew,005
BARTHOLOMEW|GERMAN4100,47,0.000031831761,Bartholomew,005
BARTHOLOMEW|GERMAN4100,59,0.999491505894,Bartholomew,005
BARTHOLOMEW|GERMAN4100,62,0.000022490664,Bartholomew,005
BARTHOLOMEW|GERMAN4100,73,0.000454171681,Bartholomew,005
BARTHOLOMEW|GERMAN4200,59,0.999270308725,Bartholomew,005
BARTHOLOMEW|GERMAN4200,73,0.000729691275,Bartholomew,005
BARTHOLOMEW|GERMAN4250NV,59,1.000000000000,Bartholomew,005
BARTHOLOMEW|GERMAN4300,59,1.000000000000,Bartholomew,005
BARTHOLOMEW|GERMAN4350,59,1.000000000000,Bartholomew,005
BARTHOLOMEW|HARRISON4400,59,0.999988311441,Bartholomew,005
BARTHOLOMEW|HARRISON4400,62,0.000011688559,Bartholomew,005
BARTHOLOMEW|HARRISON4450,59,1.000000000000,Bartholomew,005
BARTHOLOMEW|HARRISON4500,59,0.999872428670,Bartholomew,005
BARTHOLOMEW|HARRISON4500,62,0.000127571330,Bartholomew,005
BARTHOLOMEW|HARRISON4550,59,1.000000000000,Bartholomew,005
BARTHOLOMEW|HAWCREEK4600,73,1.000000000000,Bartholomew,005
BARTHOLOMEW|HAWCREEK4700,73,1.000000000000,Bartholomew,005
BARTHOLOMEW|HAWCREEK4800,73,1.000000000000,Bartholomew,005
BARTHOLOMEW|HAWCREEK4900,73,1.000000000000,Bartholomew,005
BARTHOLOMEW|JACKSON5000,59,0.999954486017,Bartholomew,005
BARTHOLOMEW|JACKSON5000,62,0.000033679690,Bartholomew,005
BARTHOLOMEW|JACKSON5000,69,0.000011834294,Bartholomew,005
BARTHOLOMEW|OHIO5100,59,0.999991183298,Bartholomew,005
BARTHOLOMEW|OHIO5100,62,0.000008816702,Bartholomew,005
BARTHOLOMEW|ROCKCREEK5200,59,0.000004018588,Bartholomew,005
BARTHOLOMEW|ROCKCREEK5200,73,0.999995981412,Bartholomew,005
BARTHOLOMEW|SANDCREEK5300,59,0.000193834755,Bartholomew,005
BARTHOLOMEW|SANDCREEK5300,69,0.000116002391,Bartholomew,005
BARTHOLOMEW|SANDCREEK5300,73,0.999690162854,Bartholomew,005
BARTHOLOMEW|SANDCREEK5400,59,0.000000662591,Bartholomew,005
BARTHOLOMEW|SANDCREEK5400,69,0.000003349033,Bartholomew,005
BARTHOLOMEW|SANDCREEK5400,73,0.999995988376,Bartholomew,005
BARTHOLOMEW|WAYNE5500,59,0.999505645597,Bartholomew,005
BARTHOLOMEW|WAYNE5500,69,0.000300622102,Bartholomew,005
BARTHOLOMEW|WAYNE5500,73,0.000193732301,Bartholomew,005
BARTHOLOMEW|WAYNE5600,59,0.000248440330,Bartholomew,005
BARTHOLOMEW|WAYNE5600,69,0.999694425317,Bartholomew,005
BARTHOLOMEW|WAYNE5600,73,0.000057134354,Bartholomew,005
BARTHOLOMEW|WAYNE5700,59,0.999907040729,Bartholomew,005
BARTHOLOMEW|WAYNE5700,69,0.000092959271,Bartholomew,005
BARTHOLOMEW|WAYNE5800,59,1.000000000000,Bartholomew,005
BENTON|BOLIVAR,13,1.000000000000,Benton,007
BENTON|CENTEREAST,13,1.000000000000,Benton,007
BENTON|CENTERNORTH,13,1.000000000000,Benton,007
BENTON|CENTERSOUTH,13,1.000000000000,Benton,007
BENTON|CENTERWEST,13,1.000000000000,Benton,007
BENTON|GILBOA,13,0.999916573724,Benton,007
BENTON|GILBOA,16,0.000083426276,Benton,007
BENTON|GRANT,13,1.000000000000,Benton,007
BENTON|HICKORYGROVE,13,1.000000000000,Benton,007
BENTON|OAKGROVENORTH,13,1.000000000000,Benton,007
BENTON|OAKGROVESOUTH,13,1.000000000000,Benton,007
BENTON|PARISHGROVE,13,1.000000000000,Benton,007
BENTON|PINE,13,1.000000000000,Benton,007
BENTON|RICHLAND,13,1.000000000000,Benton,007
BENTON|UNION,13,1.000000000000,Benton,007
BENTON|YORK,13,1.000000000000,Benton,007
BLACKFORD|HARRISON1,33,1.000000000000,Blackford,009
BLACKFORD|HARRISON2,33,0.999974780548,Blackford,009
BLACKFORD|HARRISON2,79,0.000025219452,Blackford,009
BLACKFORD|JACKSON1,33,1.000000000000,Blackford,009
BLACKFORD|JACKSON2,33,1.000000000000,Blackford,009
BLACKFORD|LICKING1,33,1.000000000000,Blackford,009
BLACKFORD|LICKING2,33,1.000000000000,Blackford,009
BLACKFORD|LICKING3,33,1.000000000000,Blackford,009
BLACKFORD|LICKING4,33,1.000000000000,Blackford,009
BLACKFORD|LICKING5,31,0.000066027206,Blackford,009
BLACKFORD|LICKING5,33,0.999917388185,Blackford,009
BLACKFORD|LICKING5,35,0.000016584610,Blackford,009
BLACKFORD|LICKING6,33,1.000000000000,Blackford,009
BLACKFORD|WASHINGTON1,31,0.000114659524,Blackford,009
BLACKFORD|WASHINGTON1,33,0.999847173172,Blackford,009
BLACKFORD|WASHINGTON1,50,0.000038167304,Blackford,009
BLACKFORD|WASHINGTON2,33,0.999997852921,Blackford,009
BLACKFORD|WASHINGTON2,50,0.000002147079,Blackford,009
BOONE|CENTER1,25,0.003294667090,Boone,011
BOONE|CENTER1,41,0.996705332910,Boone,011
BOONE|CENTER10,41,1.000000000000,Boone,011
BOONE|CENTER11,41,1.000000000000,Boone,011
BOONE|CENTER12,25,0.001631149162,Boone,011
BOONE|CENTER12,41,0.998368850838,Boone,011
BOONE|CENTER13,41,1.000000000000,Boone,011
BOONE|CENTER14,25,0.000252070772,Boone,011
BOONE|CENTER14,28,0.000041241232,Boone,011
BOONE|CENTER14,41,0.999706687996,Boone,011
BOONE|CENTER15,41,1.000000000000,Boone,011
BOONE|CENTER16,25,0.999198032965,Boone,011
BOONE|CENTER16,41,0.000801967035,Boone,011
BOONE|CENTER17,25,0.000005143369,Boone,011
BOONE|CENTER17,41,0.999994856631,Boone,011
BOONE|CENTER2,41,1.000000000000,Boone,011
BOONE|CENTER3,41,1.000000000000,Boone,011
BOONE|CENTER4,25,0.000015736795,Boone,011
BOONE|CENTER4,41,0.999984263205,Boone,011
BOONE|CENTER5,24,0.000008448505,Boone,011
BOONE|CENTER5,25,0.999807670887,Boone,011
BOONE|CENTER5,41,0.000183880609,Boone,011
BOONE|CENTER6,41,1.000000000000,Boone,011
BOONE|CENTER7,25,0.000002665915,Boone,011
BOONE|CENTER7,41,0.999997334085,Boone,011
BOONE|CENTER8,25,0.002618415696,Boone,011
BOONE|CENTER8,41,0.997381584304,Boone,011
BOONE|CENTER9,41,1.000000000000,Boone,011
BOONE|CLINTON,24,0.000066672458,Boone,011
BOONE|CLINTON,25,0.000022330165,Boone,011
BOONE|CLINTON,41,0.999910997377,Boone,011
BOONE|EAGLE1,25,1.000000000000,Boone,011
BOONE|EAGLE10,25,1.000000000000,Boone,011
BOONE|EAGLE11,25,1.000000000000,Boone,011
BOONE|EAGLE12,25,1.000000000000,Boone,011
BOONE|EAGLE13,25,1.000000000000,Boone,011
BOONE|EAGLE14,25,1.000000000000,Boone,011
BOONE|EAGLE15,25,1.000000000000,Boone,011
BOONE|EAGLE16,24,0.000006437925,Boone,011
BOONE|EAGLE16,25,0.998180841524,Boone,011
BOONE|EAGLE16,86,0.001812720550,Boone,011
BOONE|EAGLE17,25,1.000000000000,Boone,011
BOONE|EAGLE18,24,0.000000114602,Boone,011
BOONE|EAGLE18,25,0.999999885398,Boone,011
BOONE|EAGLE19,25,0.999933452378,Boone,011
BOONE|EAGLE19,86,0.000066547622,Boone,011
BOONE|EAGLE2,25,1.000000000000,Boone,011
BOONE|EAGLE20,25,1.000000000000,Boone,011
BOONE|EAGLE3,25,1.000000000000,Boone,011
BOONE|EAGLE4,24,0.000035491414,Boone,011
BOONE|EAGLE4,25,0.999964508586,Boone,011
BOONE|EAGLE5,24,0.000498061335,Boone,011
BOONE|EAGLE5,25,0.999501938665,Boone,011
BOONE|EAGLE6,24,0.000532035459,Boone,011
BOONE|EAGLE6,25,0.999467964541,Boone,011
BOONE|EAGLE7,25,0.999767015576,Boone,011
BOONE|EAGLE7,86,0.000232984424,Boone,011
BOONE|EAGLE8,25,1.000000000000,Boone,011
BOONE|EAGLE9,25,1.000000000000,Boone,011
BOONE|HARRISON,25,0.000012402115,Boone,011
BOONE|HARRISON,28,0.999877175672,Boone,011
BOONE|HARRISON,41,0.000110422213,Boone,011
BOONE|JACKSON1,28,0.999848835044,Boone,011
BOONE|JACKSON1,41,0.000151164956,Boone,011
BOONE|JACKSON2,28,1.000000000000,Boone,011
BOONE|JACKSON3,28,1.000000000000,Boone,011
BOONE|JEFFERSON,28,0.000018521992,Boone,011
BOONE|JEFFERSON,41,0.999981478008,Boone,011
BOONE|MARION1,24,0.999834482235,Boone,011
BOONE|MARION1,41,0.000165517765,Boone,011
BOONE|MARION2,24,0.999949501573,Boone,011
BOONE|MARION2,25,0.000047408267,Boone,011
BOONE|MARION2,41,0.000003090160,Boone,011
BOONE|PERRY,25,0.999933534862,Boone,011
BOONE|PERRY,28,0.000039930436,Boone,011
BOONE|PERRY,41,0.000026534702,Boone,011
BOONE|SUGARCREEK1,28,0.000000004600,Boone,011
BOONE|SUGARCREEK1,41,0.999999995400,Boone,011
BOONE|SUGARCREEK2,28,0.000010559902,Boone,011
BOONE|SUGARCREEK2,41,0.999989440098,Boone,011
BOONE|UNION1,24,0.999948442136,Boone,011
BOONE|UNION1,25,0.000051557864,Boone,011
BOONE|UNION2,24,0.999781920772,Boone,011
BOONE|UNION2,25,0.000218079228,Boone,011
BOONE|WASHINGTON,41,1.000000000000,Boone,011
BOONE|WORTH1,25,1.000000000000,Boone,011
BOONE|WORTH2,24,0.000035024809,Boone,011
BOONE|WORTH2,25,0.999964975191,Boone,011
BROWN|HAMBLEN1,59,0.000009553880,Brown,013
BROWN|HAMBLEN1,62,0.999990446120,Brown,013
BROWN|HAMBLEN2,47,0.000111195934,Brown,013
BROWN|HAMBLEN2,62,0.999888804066,Brown,013
BROWN|HAMBLEN3,47,0.000006602242,Brown,013
BROWN|HAMBLEN3,59,0.000112315253,Brown,013
BROWN|HAMBLEN3,62,0.999881082505,Brown,013
BROWN|JACKSON1,47,0.000010871663,Brown,013
BROWN|JACKSON1,60,0.000039687264,Brown,013
BROWN|JACKSON1,62,0.999949441073,Brown,013
BROWN|JACKSON2,62,1.000000000000,Brown,013
BROWN|JACKSON3,60,0.000062920245,Brown,013
BROWN|JACKSON3,62,0.999937079755,Brown,013
BROWN|JACKSON4,60,0.000066923842,Brown,013
BROWN|JACKSON4,62,0.999933076158,Brown,013
BROWN|VANBUREN1,59,0.000014213947,Brown,013
BROWN|VANBUREN1,62,0.999985786053,Brown,013
BROWN|WASHINGTON1,59,0.000006602482,Brown,013
BROWN|WASHINGTON1,62,0.999993397518,Brown,013
BROWN|WASHINGTON2,62,1.000000000000,Brown,013
BROWN|WASHINGTON3,62,1.000000000000,Brown,013
BROWN|WASHINGTON4,62,1.000000000000,Brown,013
CARROLL|ADAMS,16,0.000056319848,Carroll,015
CARROLL|ADAMS,23,0.000023977430,Carroll,015
CARROLL|ADAMS,38,0.999919702722,Carroll,015
CARROLL|BURLINGTON,38,1.000000000000,Carroll,015
CARROLL|CARROLLTON,38,1.000000000000,Carroll,015
CARROLL|CLAY,38,0.999845946684,Carroll,015
CARROLL|CLAY,41,0.000154053316,Carroll,015
CARROLL|DEERCREEKI,38,1.000000000000,Carroll,015
CARROLL|DEERCREEKIII,38,1.000000000000,Carroll,015
CARROLL|DEERCREEKV,38,1.000000000000,Carroll,015
CARROLL|DEMOCRAT,38,0.999991245826,Carroll,015
CARROLL|DEMOCRAT,41,0.000008754174,Carroll,015
CARROLL|JACKSON,38,1.000000000000,Carroll,015
CARROLL|JEFFERSONI,16,0.000467309386,Carroll,015
CARROLL|JEFFERSONI,38,0.999532690614,Carroll,015
CARROLL|JEFFERSONII,16,0.000307423987,Carroll,015
CARROLL|JEFFERSONII,38,0.999692576013,Carroll,015
CARROLL|LIBERTY,23,0.000039931353,Carroll,015
CARROLL|LIBERTY,38,0.999960068647,Carroll,015
CARROLL|MADISON,38,1.000000000000,Carroll,015
CARROLL|MONROEI,38,1.000000000000,Carroll,015
CARROLL|MONROEII,38,1.000000000000,Carroll,015
CARROLL|ROCKCREEK,38,1.000000000000,Carroll,015
CARROLL|TIPPECANOEI,38,1.000000000000,Carroll,015
CARROLL|TIPPECANOEII,16,0.000080960246,Carroll,015
CARROLL|TIPPECANOEII,38,0.999919039754,Carroll,015
CARROLL|WASHINGTON,23,0.000045187238,Carroll,015
CARROLL|WASHINGTON,38,0.999954812762,Carroll,015
CASS|1,23,1.000000000000,Cass,017
CASS|10,23,1.000000000000,Cass,017
CASS|11,23,1.000000000000,Cass,017
CASS|12,23,1.000000000000,Cass,017
CASS|13,23,1.000000000000,Cass,017
CASS|14,23,1.000000000000,Cass,017
CASS|15,23,1.000000000000,Cass,017
CASS|16,23,1.000000000000,Cass,017
CASS|2,23,1.000000000000,Cass,017
CASS|3,23,1.000000000000,Cass,017
CASS|4,23,1.000000000000,Cass,017
CASS|5,23,1.000000000000,Cass,017
CASS|6,23,1.000000000000,Cass,017
CASS|7,23,1.000000000000,Cass,017
CASS|8,23,1.000000000000,Cass,017
CASS|9,23,1.000000000000,Cass,017
CASS|ADAMS,17,0.000009518666,Cass,017
CASS|ADAMS,23,0.999990481334,Cass,017
CASS|BETHLEHEM,17,0.000087938093,Cass,017
CASS|BETHLEHEM,23,0.999912061907,Cass,017
CASS|BOONE,16,0.000037541265,Cass,017
CASS|BOONE,17,0.000035548116,Cass,017
CASS|BOONE,23,0.999926910619,Cass,017
CASS|CLAY1,23,1.000000000000,Cass,017
CASS|CLAY2,23,1.000000000000,Cass,017
CASS|CLAY3,23,1.000000000000,Cass,017
CASS|CLAYCITY,23,1.000000000000,Cass,017
CASS|CLINTON,23,0.999900946812,Cass,017
CASS|CLINTON,38,0.000099053188,Cass,017
CASS|CLINTONCITYNV,23,1.000000000000,Cass,017
CASS|DEERCREEK,23,0.000017594838,Cass,017
CASS|DEERCREEK,38,0.999982405162,Cass,017
CASS|EELEAST,23,1.000000000000,Cass,017
CASS|EELWEST,23,1.000000000000,Cass,017
CASS|GALVESTON,38,1.000000000000,Cass,017
CASS|HARRISON,17,0.000038180933,Cass,017
CASS|HARRISON,23,0.999961819067,Cass,017
CASS|JACKSON,23,0.000136751121,Cass,017
CASS|JACKSON,38,0.999863248879,Cass,017
CASS|JEFFERSON,16,0.000050090944,Cass,017
CASS|JEFFERSON,23,0.999901106527,Cass,017
CASS|JEFFERSON,38,0.000048802529,Cass,017
CASS|MIAMI,23,1.000000000000,Cass,017
CASS|NOBLECITY,23,1.000000000000,Cass,017
CASS|NOBLENORTH,23,1.000000000000,Cass,017
CASS|NOBLESOUTH,23,1.000000000000,Cass,017
CASS|TIPTON1,23,0.999962264978,Cass,017
CASS|TIPTON1,38,0.000037735022,Cass,017
CASS|TIPTON2,23,0.999913496378,Cass,017
CASS|TIPTON2,38,0.000086503622,Cass,017
CASS|WASHINGTON,23,0.999962116689,Cass,017
CASS|WASHINGTON,38,0.000037883311,Cass,017
CASS|WASHINGTONCITY,23,1.000000000000,Cass,017
CLARK|BETHLEHEM,66,1.000000000000,Clark,019
CLARK|CARR,66,0.000158594301,Clark,019
CLARK|CARR,70,0.999841405699,Clark,019
CLARK|CHARLESTOWN1,66,1.000000000000,Clark,019
CLARK|CHARLESTOWN2,66,1.000000000000,Clark,019
CLARK|CHARLESTOWN3,66,1.000000000000,Clark,019
CLARK|CHARLESTOWN4,66,1.000000000000,Clark,019
CLARK|CHARLESTOWN5,66,1.000000000000,Clark,019
CLARK|CHARLESTOWN6,66,1.000000000000,Clark,019
CLARK|CHARLESTOWN7,66,0.999959294282,Clark,019
CLARK|CHARLESTOWN7,71,0.000040705718,Clark,019
CLARK|CHARLESTOWN8,66,1.000000000000,Clark,019
CLARK|JEFFERSONVILLE1,71,1.000000000000,Clark,019
CLARK|JEFFERSONVILLE10,71,1.000000000000,Clark,019
CLARK|JEFFERSONVILLE11,71,1.000000000000,Clark,019
CLARK|JEFFERSONVILLE11A,71,1.000000000000,Clark,019
CLARK|JEFFERSONVILLE12,71,1.000000000000,Clark,019
CLARK|JEFFERSONVILLE13,71,1.000000000000,Clark,019
CLARK|JEFFERSONVILLE14,71,1.000000000000,Clark,019
CLARK|JEFFERSONVILLE15,71,1.000000000000,Clark,019
CLARK|JEFFERSONVILLE16,71,1.000000000000,Clark,019
CLARK|JEFFERSONVILLE17,71,1.000000000000,Clark,019
CLARK|JEFFERSONVILLE18,71,1.000000000000,Clark,019
CLARK|JEFFERSONVILLE2,71,1.000000000000,Clark,019
CLARK|JEFFERSONVILLE20,71,1.000000000000,Clark,019
CLARK|JEFFERSONVILLE21,71,1.000000000000,Clark,019
CLARK|JEFFERSONVILLE22,71,1.000000000000,Clark,019
CLARK|JEFFERSONVILLE23,71,1.000000000000,Clark,019
CLARK|JEFFERSONVILLE24,71,1.000000000000,Clark,019
CLARK|JEFFERSONVILLE25,66,0.000254007073,Clark,019
CLARK|JEFFERSONVILLE25,71,0.999745992927,Clark,019
CLARK|JEFFERSONVILLE27,71,0.998638129392,Clark,019
CLARK|JEFFERSONVILLE27,72,0.001361870608,Clark,019
CLARK|JEFFERSONVILLE3,71,1.000000000000,Clark,019
CLARK|JEFFERSONVILLE30,71,1.000000000000,Clark,019
CLARK|JEFFERSONVILLE31,71,1.000000000000,Clark,019
CLARK|JEFFERSONVILLE32,71,1.000000000000,Clark,019
CLARK|JEFFERSONVILLE33,71,1.000000000000,Clark,019
CLARK|JEFFERSONVILLE34,71,1.000000000000,Clark,019
CLARK|JEFFERSONVILLE35,71,1.000000000000,Clark,019
CLARK|JEFFERSONVILLE36,71,1.000000000000,Clark,019
CLARK|JEFFERSONVILLE37,71,0.999652769326,Clark,019
CLARK|JEFFERSONVILLE37,72,0.000347230674,Clark,019
CLARK|JEFFERSONVILLE38,71,1.000000000000,Clark,019
CLARK|JEFFERSONVILLE39,71,1.000000000000,Clark,019
CLARK|JEFFERSONVILLE4,71,1.000000000000,Clark,019
CLARK|JEFFERSONVILLE40,71,0.999668893463,Clark,019
CLARK|JEFFERSONVILLE40,72,0.000331106537,Clark,019
CLARK|JEFFERSONVILLE41,71,1.000000000000,Clark,019
CLARK|JEFFERSONVILLE42,66,0.000055569838,Clark,019
CLARK|JEFFERSONVILLE42,71,0.999073332327,Clark,019
CLARK|JEFFERSONVILLE42,72,0.000871097835,Clark,019
CLARK|JEFFERSONVILLE5,71,1.000000000000,Clark,019
CLARK|JEFFERSONVILLE6,71,1.000000000000,Clark,019
CLARK|JEFFERSONVILLE7,71,1.000000000000,Clark,019
CLARK|JEFFERSONVILLE8,71,1.000000000000,Clark,019
CLARK|JEFFERSONVILLE9,71,1.000000000000,Clark,019
CLARK|MONROE1,66,1.000000000000,Clark,019
CLARK|MONROE2,66,0.999914302110,Clark,019
CLARK|MONROE2,70,0.000085697890,Clark,019
CLARK|MONROE3,66,0.999969065110,Clark,019
CLARK|MONROE3,69,0.000030934890,Clark,019
CLARK|OREGON1,66,1.000000000000,Clark,019
CLARK|OWEN,66,1.000000000000,Clark,019
CLARK|SILVERCREEK1,66,1.000000000000,Clark,019
CLARK|SILVERCREEK2,66,1.000000000000,Clark,019
CLARK|SILVERCREEK3,66,1.000000000000,Clark,019
CLARK|SILVERCREEK4,66,1.000000000000,Clark,019
CLARK|SILVERCREEK5,66,1.000000000000,Clark,019
CLARK|SILVERCREEK6,66,0.999679829089,Clark,019
CLARK|SILVERCREEK6,70,0.000191628861,Clark,019
CLARK|SILVERCREEK6,72,0.000128542050,Clark,019
CLARK|SILVERCREEK7,66,0.999756513041,Clark,019
CLARK|SILVERCREEK7,71,0.000243486959,Clark,019
CLARK|SILVERCREEKCLARKVILLE43,66,0.999340435188,Clark,019
CLARK|SILVERCREEKCLARKVILLE43,71,0.000116563027,Clark,019
CLARK|SILVERCREEKCLARKVILLE43,72,0.000543001784,Clark,019
CLARK|UNION1,66,0.999898390608,Clark,019
CLARK|UNION1,70,0.000101609392,Clark,019
CLARK|UTICA1,66,0.999747306092,Clark,019
CLARK|UTICA1,71,0.000252693908,Clark,019
CLARK|UTICA2,66,0.005764945190,Clark,019
CLARK|UTICA2,71,0.994235054810,Clark,019
CLARK|UTICA3,66,0.000626097684,Clark,019
CLARK|UTICA3,71,0.999373902316,Clark,019
CLARK|UTICA4,66,0.999106412477,Clark,019
CLARK|UTICA4,71,0.000893587523,Clark,019
CLARK|UTICAJEFFCITY19,66,0.000223753866,Clark,019
CLARK|UTICAJEFFCITY19,71,0.999776246134,Clark,019
CLARK|WASHINGTON1,66,1.000000000000,Clark,019
CLARK|WOODTWP1,70,1.000000000000,Clark,019
CLARK|WOODTWP2,66,0.000043680430,Clark,019
CLARK|WOODTWP2,70,0.999956319570,Clark,019
CLARK|WOODTWP3,70,1.000000000000,Clark,019
CLAY|BRAZIL1,42,1.000000000000,Clay,021
CLAY|BRAZIL2,42,1.000000000000,Clay,021
CLAY|BRAZIL3,42,1.000000000000,Clay,021
CLAY|BRAZIL4,42,1.000000000000,Clay,021
CLAY|BRAZIL5,42,1.000000000000,Clay,021
CLAY|BRAZIL6,42,1.000000000000,Clay,021
CLAY|CASS,42,0.999758388320,Clay,021
CLAY|CASS,44,0.000007689889,Clay,021
CLAY|CASS,46,0.000233921791,Clay,021
CLAY|DICKJOHNSON,42,1.000000000000,Clay,021
CLAY|DICKJOHNSONNV,42,1.000000000000,Clay,021
CLAY|HARRISON1,46,1.000000000000,Clay,021
CLAY|HARRISON2,45,0.000005610315,Clay,021
CLAY|HARRISON2,46,0.999994389685,Clay,021
CLAY|JACKSON1,42,0.999876710294,Clay,021
CLAY|JACKSON1,44,0.000033741556,Clay,021
CLAY|JACKSON1,46,0.000089548150,Clay,021
CLAY|JACKSON2,42,0.999980187219,Clay,021
CLAY|JACKSON2,46,0.000019812781,Clay,021
CLAY|JACKSON3,42,1.000000000000,Clay,021
CLAY|LEWIS,45,0.000068841539,Clay,021
CLAY|LEWIS,46,0.999931158461,Clay,021
CLAY|PERRY,42,0.000023039726,Clay,021
CLAY|PERRY,46,0.999976960274,Clay,021
CLAY|POSEY1,42,1.000000000000,Clay,021
CLAY|POSEY2,42,0.999881276935,Clay,021
CLAY|POSEY2,46,0.000118723065,Clay,021
CLAY|POSEY3,42,0.999901636332,Clay,021
CLAY|POSEY3,46,0.000098363668,Clay,021
CLAY|SUGARRIDGE,42,0.000057528969,Clay,021
CLAY|SUGARRIDGE,46,0.999942471031,Clay,021
CLAY|VANBUREN1,42,0.999963879847,Clay,021
CLAY|VANBUREN1,44,0.000036120153,Clay,021
CLAY|VANBUREN2,42,1.000000000000,Clay,021
CLAY|VANBUREN3,42,0.999978530690,Clay,021
CLAY|VANBUREN3,44,0.000021469310,Clay,021
CLAY|WASHINGTON,42,0.000030480640,Clay,021
CLAY|WASHINGTON,46,0.999969519360,Clay,021
CLINTON|PRECINCT1,41,1.000000000000,Clinton,023
CLINTON|PRECINCT10,41,1.000000000000,Clinton,023
CLINTON|PRECINCT11,41,1.000000000000,Clinton,023
CLINTON|PRECINCT12,41,1.000000000000,Clinton,023
CLINTON|PRECINCT13,41,1.000000000000,Clinton,023
CLINTON|PRECINCT14,41,1.000000000000,Clinton,023
CLINTON|PRECINCT15,41,1.000000000000,Clinton,023
CLINTON|PRECINCT16,41,1.000000000000,Clinton,023
CLINTON|PRECINCT17,41,1.000000000000,Clinton,023
CLINTON|PRECINCT18,41,1.000000000000,Clinton,023
CLINTON|PRECINCT19,41,1.000000000000,Clinton,023
CLINTON|PRECINCT2,41,1.000000000000,Clinton,023
CLINTON|PRECINCT20,38,0.000040471307,Clinton,023
CLINTON|PRECINCT20,41,0.999959528693,Clinton,023
CLINTON|PRECINCT21,38,1.000000000000,Clinton,023
CLINTON|PRECINCT22,41,1.000000000000,Clinton,023
CLINTON|PRECINCT23,41,1.000000000000,Clinton,023
CLINTON|PRECINCT24,38,0.999988740618,Clinton,023
CLINTON|PRECINCT24,41,0.000011259382,Clinton,023
CLINTON|PRECINCT25,41,1.000000000000,Clinton,023
CLINTON|PRECINCT26,24,0.000020979261,Clinton,023
CLINTON|PRECINCT26,38,0.000025536242,Clinton,023
CLINTON|PRECINCT26,41,0.999953484497,Clinton,023
CLINTON|PRECINCT27,41,1.000000000000,Clinton,023
CLINTON|PRECINCT28,41,1.000000000000,Clinton,023
CLINTON|PRECINCT29,38,1.000000000000,Clinton,023
CLINTON|PRECINCT3,41,1.000000000000,Clinton,023
CLINTON|PRECINCT30,38,0.999982297477,Clinton,023
CLINTON|PRECINCT30,41,0.000017702523,Clinton,023
CLINTON|PRECINCT31,38,0.999957434750,Clinton,023
CLINTON|PRECINCT31,41,0.000042565250,Clinton,023
CLINTON|PRECINCT32,41,1.000000000000,Clinton,023
CLINTON|PRECINCT33,41,1.000000000000,Clinton,023
CLINTON|PRECINCT34,41,1.000000000000,Clinton,023
CLINTON|PRECINCT35,38,0.000120577782,Clinton,023
CLINTON|PRECINCT35,41,0.999879422218,Clinton,023
CLINTON|PRECINCT36,24,0.000013288889,Clinton,023
CLINTON|PRECINCT36,38,0.000033024247,Clinton,023
CLINTON|PRECINCT36,41,0.999953686864,Clinton,023
CLINTON|PRECINCT37,38,0.000081571250,Clinton,023
CLINTON|PRECINCT37,41,0.999918428750,Clinton,023
CLINTON|PRECINCT38,38,1.000000000000,Clinton,023
CLINTON|PRECINCT39,41,1.000000000000,Clinton,023
CLINTON|PRECINCT4,41,1.000000000000,Clinton,023
CLINTON|PRECINCT5,41,1.000000000000,Clinton,023
CLINTON|PRECINCT6,41,1.000000000000,Clinton,023
CLINTON|PRECINCT7,41,1.000000000000,Clinton,023
CLINTON|PRECINCT8,41,1.000000000000,Clinton,023
CLINTON|PRECINCT9,41,1.000000000000,Clinton,023
CRAWFORD|BOONE,74,1.000000000000,Crawford,025
CRAWFORD|JENNINGS1,70,0.000572892988,Crawford,025
CRAWFORD|JENNINGS1,74,0.999427107012,Crawford,025
CRAWFORD|JENNINGS2,74,1.000000000000,Crawford,025
CRAWFORD|JOHNSON1,74,1.000000000000,Crawford,025
CRAWFORD|JOHNSON2,74,1.000000000000,Crawford,025
CRAWFORD|LIBERTY1,65,0.000031381384,Crawford,025
CRAWFORD|LIBERTY1,74,0.999968618616,Crawford,025
CRAWFORD|LIBERTY2,74,1.000000000000,Crawford,025
CRAWFORD|OHIO1,74,1.000000000000,Crawford,025
CRAWFORD|OHIO2,74,1.000000000000,Crawford,025
CRAWFORD|PATOKA1,74,1.000000000000,Crawford,025
CRAWFORD|PATOKA2,74,1.000000000000,Crawford,025
CRAWFORD|STERLING1,74,1.000000000000,Crawford,025
CRAWFORD|STERLING2,65,0.000000180192,Crawford,025
CRAWFORD|STERLING2,74,0.999999819808,Crawford,025
CRAWFORD|STERLING3,74,1.000000000000,Crawford,025
CRAWFORD|UNION1,74,1.000000000000,Crawford,025
CRAWFORD|UNION2,74,1.000000000000,Crawford,025
CRAWFORD|WHISKEYRUN1,65,0.000001433489,Crawford,025
CRAWFORD|WHISKEYRUN1,70,0.001510912502,Crawford,025
CRAWFORD|WHISKEYRUN1,74,0.998487654008,Crawford,025
CRAWFORD|WHISKEYRUN2,70,0.001348715330,Crawford,025
CRAWFORD|WHISKEYRUN2,74,0.998651284670,Crawford,025
DAVIESS|BARR1,63,1.000000000000,Daviess,027
DAVIESS|BARR2,63,1.000000000000,Daviess,027
DAVIESS|BOGARD1,45,0.000021239097,Daviess,027
DAVIESS|BOGARD1,63,0.999978760903,Daviess,027
DAVIESS|ELMORE1,45,0.999882832303,Daviess,027
DAVIESS|ELMORE1,63,0.000117167697,Daviess,027
DAVIESS|ELMORE2,45,0.999991432205,Daviess,027
DAVIESS|ELMORE2,63,0.000008567795,Daviess,027
DAVIESS|HARRISON1,63,1.000000000000,Daviess,027
DAVIESS|MADISON1,45,0.999879308399,Daviess,027
DAVIESS|MADISON1,63,0.000120691601,Daviess,027
DAVIESS|MADISON2,45,0.999995848602,Daviess,027
DAVIESS|MADISON2,63,0.000004151398,Daviess,027
DAVIESS|MADISON3,45,1.000000000000,Daviess,027
DAVIESS|REEVE1,63,1.000000000000,Daviess,027
DAVIESS|STEELE1,45,0.000879292080,Daviess,027
DAVIESS|STEELE1,63,0.999120707920,Daviess,027
DAVIESS|VANBUREN1,45,0.000090285117,Daviess,027
DAVIESS|VANBUREN1,63,0.999909714883,Daviess,027
DAVIESS|VEALE1,63,0.999647751024,Daviess,027
DAVIESS|VEALE1,64,0.000283335566,Daviess,027
DAVIESS|VEALE1,75,0.000068913410,Daviess,027
DAVIESS|WASHINGTON1,63,1.000000000000,Daviess,027
DAVIESS|WASHINGTON10,63,1.000000000000,Daviess,027
DAVIESS|WASHINGTON11,63,1.000000000000,Daviess,027
DAVIESS|WASHINGTON12,63,1.000000000000,Daviess,027
DAVIESS|WASHINGTON13,63,1.000000000000,Daviess,027
DAVIESS|WASHINGTON14,63,1.000000000000,Daviess,027
DAVIESS|WASHINGTON15,63,1.000000000000,Daviess,027
DAVIESS|WASHINGTON2,45,0.000236010957,Daviess,027
DAVIESS|WASHINGTON2,63,0.999387285224,Daviess,027
DAVIESS|WASHINGTON2,64,0.000376703819,Daviess,027
DAVIESS|WASHINGTON3,63,0.998360215209,Daviess,027
DAVIESS|WASHINGTON3,64,0.001639784791,Daviess,027
DAVIESS|WASHINGTON4,63,1.000000000000,Daviess,027
DAVIESS|WASHINGTON5,63,1.000000000000,Daviess,027
DAVIESS|WASHINGTON6,63,1.000000000000,Daviess,027
DAVIESS|WASHINGTON7,63,1.000000000000,Daviess,027
DAVIESS|WASHINGTON8,63,1.000000000000,Daviess,027
DAVIESS|WASHINGTON9,63,1.000000000000,Daviess,027
DEARBORN|CAESARCREEK1,67,0.000033612559,Dearborn,029
DEARBORN|CAESARCREEK1,68,0.999966387441,Dearborn,029
DEARBORN|CENTER1,68,1.000000000000,Dearborn,029
DEARBORN|CENTER2,68,1.000000000000,Dearborn,029
DEARBORN|CENTER3,68,1.000000000000,Dearborn,029
DEARBORN|CENTER4,68,1.000000000000,Dearborn,029
DEARBORN|CENTER5,68,1.000000000000,Dearborn,029
DEARBORN|CENTER6,68,1.000000000000,Dearborn,029
DEARBORN|CLAY1,68,1.000000000000,Dearborn,029
DEARBORN|CLAY2,68,1.000000000000,Dearborn,029
DEARBORN|CLAY3,67,0.000006822202,Dearborn,029
DEARBORN|CLAY3,68,0.999993177798,Dearborn,029
DEARBORN|GREENDALE1,68,1.000000000000,Dearborn,029
DEARBORN|GREENDALE2,68,1.000000000000,Dearborn,029
DEARBORN|GREENDALE3,68,1.000000000000,Dearborn,029
DEARBORN|GREENDALE4,68,1.000000000000,Dearborn,029
DEARBORN|GREENDALE5,68,1.000000000000,Dearborn,029
DEARBORN|HARRISON1,68,1.000000000000,Dearborn,029
DEARBORN|HARRISON2,68,1.000000000000,Dearborn,029
DEARBORN|HARRISON3,55,0.000007432114,Dearborn,029
DEARBORN|HARRISON3,68,0.999992567886,Dearborn,029
DEARBORN|HOGAN1,68,1.000000000000,Dearborn,029
DEARBORN|JACKSON1,55,0.000075563382,Dearborn,029
DEARBORN|JACKSON1,68,0.999924436618,Dearborn,029
DEARBORN|KELSO1,55,0.000049285514,Dearborn,029
DEARBORN|KELSO1,68,0.999950714486,Dearborn,029
DEARBORN|KELSO2,68,1.000000000000,Dearborn,029
DEARBORN|KELSO3,68,1.000000000000,Dearborn,029
DEARBORN|LAWRENCEBURG1,68,1.000000000000,Dearborn,029
DEARBORN|LAWRENCEBURG2,68,1.000000000000,Dearborn,029
DEARBORN|LAWRENCEBURG3,68,1.000000000000,Dearborn,029
DEARBORN|LAWRENCEBURG4,68,1.000000000000,Dearborn,029
DEARBORN|LAWRENCEBURG8,68,1.000000000000,Dearborn,029
DEARBORN|LAWRENCEBURG9,68,1.000000000000,Dearborn,029
DEARBORN|LOGAN1,68,1.000000000000,Dearborn,029
DEARBORN|LOGAN2,55,0.000019594171,Dearborn,029
DEARBORN|LOGAN2,68,0.999980405829,Dearborn,029
DEARBORN|MANCHESTER1,68,1.000000000000,Dearborn,029
DEARBORN|MANCHESTER2,67,0.000067585302,Dearborn,029
DEARBORN|MANCHESTER2,68,0.999932414698,Dearborn,029
DEARBORN|MILLER1,68,1.000000000000,Dearborn,029
DEARBORN|MILLER2,68,1.000000000000,Dearborn,029
DEARBORN|MILLER3,68,1.000000000000,Dearborn,029
DEARBORN|MILLER4,68,1.000000000000,Dearborn,029
DEARBORN|MILLER5,68,1.000000000000,Dearborn,029
DEARBORN|MILLER6,68,1.000000000000,Dearborn,029
DEARBORN|MILLER7,68,1.000000000000,Dearborn,029
DEARBORN|SPARTA1,68,1.000000000000,Dearborn,029
DEARBORN|SPARTA2,67,0.000033616688,Dearborn,029
DEARBORN|SPARTA2,68,0.999966383312,Dearborn,029
DEARBORN|SPARTA3,67,0.000014486461,Dearborn,029
DEARBORN|SPARTA3,68,0.999985513539,Dearborn,029
DEARBORN|WASHINGTON1,68,1.000000000000,Dearborn,029
DEARBORN|YORK1,68,1.000000000000,Dearborn,029
DECATUR|ADAMSTOWNSHIP,54,0.000063563278,Decatur,031
DECATUR|ADAMSTOWNSHIP,55,0.000010951836,Decatur,031
DECATUR|ADAMSTOWNSHIP,73,0.999925484887,Decatur,031
DECATUR|CLAYTOWNSHIP,73,1.000000000000,Decatur,031
DECATUR|CLINTONTOWNSHIP,54,0.000094486250,Decatur,031
DECATUR|CLINTONTOWNSHIP,55,0.999831398265,Decatur,031
DECATUR|CLINTONTOWNSHIP,73,0.000074115485,Decatur,031
DECATUR|FUGITTOWNSHIP,55,0.999953111894,Decatur,031
DECATUR|FUGITTOWNSHIP,73,0.000046888106,Decatur,031
DECATUR|GREENSBURG1,73,1.000000000000,Decatur,031
DECATUR|GREENSBURG2,73,1.000000000000,Decatur,031
DECATUR|GREENSBURG3,73,1.000000000000,Decatur,031
DECATUR|GREENSBURG4,73,1.000000000000,Decatur,031
DECATUR|GREENSBURG5,73,1.000000000000,Decatur,031
DECATUR|GREENSBURG6,73,1.000000000000,Decatur,031
DECATUR|GREENSBURG7,73,1.000000000000,Decatur,031
DECATUR|GREENSBURG7ADAMSNV,73,1.000000000000,Decatur,031
DECATUR|GREENSBURG7CLAYNV,73,1.000000000000,Decatur,031
DECATUR|GREENSBURG8,73,1.000000000000,Decatur,031
DECATUR|JACKSONTOWNSHIP,67,0.000021727667,Decatur,031
DECATUR|JACKSONTOWNSHIP,73,0.999978272333,Decatur,031
DECATUR|MARIONTOWNSHIP,55,0.000004106160,Decatur,031
DECATUR|MARIONTOWNSHIP,67,0.999950058103,Decatur,031
DECATUR|MARIONTOWNSHIP,73,0.000045835736,Decatur,031
DECATUR|SALTCREEKTOWNSHIP,55,0.999868746532,Decatur,031
DECATUR|SALTCREEKTOWNSHIP,67,0.000110318489,Decatur,031
DECATUR|SALTCREEKTOWNSHIP,73,0.000020934979,Decatur,031
DECATUR|SANDCREEKNORTH,67,0.000116551386,Decatur,031
DECATUR|SANDCREEKNORTH,73,0.999883448614,Decatur,031
DECATUR|SANDCREEKSOUTH,67,0.999863375493,Decatur,031
DECATUR|SANDCREEKSOUTH,73,0.000136624507,Decatur,031
DECATUR|STPAUL,73,1.000000000000,Decatur,031
DECATUR|WASHINGTONTOWNSHIP,55,0.000081104212,Decatur,031
DECATUR|WASHINGTONTOWNSHIP,67,0.000075643684,Decatur,031
DECATUR|WASHINGTONTOWNSHIP,73,0.999843252104,Decatur,031
DECATUR|WESTPORT,67,1.000000000000,Decatur,031
DEKALB|BUTLER1,18,0.000087908002,DeKalb,033
DEKALB|BUTLER1,52,0.999910308376,DeKalb,033
DEKALB|BUTLER1,81,0.000001783622,DeKalb,033
DEKALB|BUTLER2,52,0.999914645127,DeKalb,033
DEKALB|BUTLER2,81,0.000085354873,DeKalb,033
DEKALB|CONCORD,52,1.000000000000,DeKalb,033
DEKALB|FAIRFIELD,51,0.000009995903,DeKalb,033
DEKALB|FAIRFIELD,52,0.999990004097,DeKalb,033
DEKALB|FRANKLIN,52,1.000000000000,DeKalb,033
DEKALB|GRANT1,52,1.000000000000,DeKalb,033
DEKALB|GRANT2,52,1.000000000000,DeKalb,033
DEKALB|GRANT3,52,1.000000000000,DeKalb,033
DEKALB|JACKSONNORTH,52,1.000000000000,DeKalb,033
DEKALB|JACKSONSOUTH,52,0.999991317404,DeKalb,033
DEKALB|JACKSONSOUTH,85,0.000008682596,DeKalb,033
DEKALB|KEYSER1,52,1.000000000000,DeKalb,033
DEKALB|KEYSER2,52,1.000000000000,DeKalb,033
DEKALB|KEYSER3,52,1.000000000000,DeKalb,033
DEKALB|KEYSER4,52,1.000000000000,DeKalb,033
DEKALB|KEYSER5,18,0.000001403589,DeKalb,033
DEKALB|KEYSER5,52,0.999998596411,DeKalb,033
DEKALB|KEYSER6,52,1.000000000000,DeKalb,033
DEKALB|NEWVILLE,52,0.999983552794,DeKalb,033
DEKALB|NEWVILLE,85,0.000016447206,DeKalb,033
DEKALB|RICHLAND,52,1.000000000000,DeKalb,033
DEKALB|SMITHFIELDEAST,52,1.000000000000,DeKalb,033
DEKALB|SMITHFIELDSOUTH,52,1.000000000000,DeKalb,033
DEKALB|SMITHFIELDWEST,52,1.000000000000,DeKalb,033
DEKALB|SPENCER,52,0.999898247578,DeKalb,033
DEKALB|SPENCER,85,0.000101752422,DeKalb,033
DEKALB|STAFFORD,52,1.000000000000,DeKalb,033
DEKALB|TROY,52,1.000000000000,DeKalb,033
DEKALB|UNION1,52,1.000000000000,DeKalb,033
DEKALB|UNION10,52,1.000000000000,DeKalb,033
DEKALB|UNION11,52,1.000000000000,DeKalb,033
DEKALB|UNION2,52,1.000000000000,DeKalb,033
DEKALB|UNION3,52,1.000000000000,DeKalb,033
DEKALB|UNION4,52,1.000000000000,DeKalb,033
DEKALB|UNION5,52,1.000000000000,DeKalb,033
DEKALB|UNION6,52,1.000000000000,DeKalb,033
DEKALB|UNION7,52,1.000000000000,DeKalb,033
DEKALB|UNION8,52,1.000000000000,DeKalb,033
DEKALB|UNION9,52,1.000000000000,DeKalb,033
DEKALB|WILMINGTON1,52,1.000000000000,DeKalb,033
DEKALB|WILMINGTON2,52,1.000000000000,DeKalb,033
DEKALB|WILMINGTON3,52,1.000000000000,DeKalb,033
DEKALB|WILMINGTON4,52,1.000000000000,DeKalb,033
DELAWARE|PRECINCT1,34,1.000000000000,Delaware,035
DELAWARE|PRECINCT10,34,1.000000000000,Delaware,035
DELAWARE|PRECINCT11,34,1.000000000000,Delaware,035
DELAWARE|PRECINCT12,34,1.000000000000,Delaware,035
DELAWARE|PRECINCT13,34,1.000000000000,Delaware,035
DELAWARE|PRECINCT14,34,1.000000000000,Delaware,035
DELAWARE|PRECINCT15,34,1.000000000000,Delaware,035
DELAWARE|PRECINCT18,34,1.000000000000,Delaware,035
DELAWARE|PRECINCT19,34,1.000000000000,Delaware,035
DELAWARE|PRECINCT2,34,1.000000000000,Delaware,035
DELAWARE|PRECINCT20,34,1.000000000000,Delaware,035
DELAWARE|PRECINCT22,34,1.000000000000,Delaware,035
DELAWARE|PRECINCT23,34,1.000000000000,Delaware,035
DELAWARE|PRECINCT25,34,1.000000000000,Delaware,035
DELAWARE|PRECINCT26,34,1.000000000000,Delaware,035
DELAWARE|PRECINCT27,34,1.000000000000,Delaware,035
DELAWARE|PRECINCT28,34,1.000000000000,Delaware,035
DELAWARE|PRECINCT29,34,1.000000000000,Delaware,035
DELAWARE|PRECINCT3,34,1.000000000000,Delaware,035
DELAWARE|PRECINCT33,34,0.999713606904,Delaware,035
DELAWARE|PRECINCT33,35,0.000286393096,Delaware,035
DELAWARE|PRECINCT34,34,1.000000000000,Delaware,035
DELAWARE|PRECINCT35,34,1.000000000000,Delaware,035
DELAWARE|PRECINCT36,34,1.000000000000,Delaware,035
DELAWARE|PRECINCT38,34,0.999964734417,Delaware,035
DELAWARE|PRECINCT38,35,0.000035265583,Delaware,035
DELAWARE|PRECINCT39,34,0.999484881638,Delaware,035
DELAWARE|PRECINCT39,35,0.000515118362,Delaware,035
DELAWARE|PRECINCT4,34,0.999958462174,Delaware,035
DELAWARE|PRECINCT4,35,0.000041537826,Delaware,035
DELAWARE|PRECINCT40,34,1.000000000000,Delaware,035
DELAWARE|PRECINCT41,33,0.000078927938,Delaware,035
DELAWARE|PRECINCT41,34,0.999921072062,Delaware,035
DELAWARE|PRECINCT42,34,1.000000000000,Delaware,035
DELAWARE|PRECINCT43,33,0.000082720837,Delaware,035
DELAWARE|PRECINCT43,34,0.999867661169,Delaware,035
DELAWARE|PRECINCT43,35,0.000049617993,Delaware,035
DELAWARE|PRECINCT44,33,0.000249119046,Delaware,035
DELAWARE|PRECINCT44,34,0.999425916372,Delaware,035
DELAWARE|PRECINCT44,35,0.000324964582,Delaware,035
DELAWARE|PRECINCT45,34,1.000000000000,Delaware,035
DELAWARE|PRECINCT46,33,0.000705119280,Delaware,035
DELAWARE|PRECINCT46,34,0.999294880720,Delaware,035
DELAWARE|PRECINCT47,34,1.000000000000,Delaware,035
DELAWARE|PRECINCT48,34,0.999989151472,Delaware,035
DELAWARE|PRECINCT48,35,0.000010848528,Delaware,035
DELAWARE|PRECINCT49,34,1.000000000000,Delaware,035
DELAWARE|PRECINCT5,34,1.000000000000,Delaware,035
DELAWARE|PRECINCT50,34,0.999010052523,Delaware,035
DELAWARE|PRECINCT50,35,0.000989947477,Delaware,035
DELAWARE|PRECINCT51,33,0.000008676286,Delaware,035
DELAWARE|PRECINCT51,35,0.999988333564,Delaware,035
DELAWARE|PRECINCT51,54,0.000002990150,Delaware,035
DELAWARE|PRECINCT52,35,0.999955443647,Delaware,035
DELAWARE|PRECINCT52,36,0.000007434407,Delaware,035
DELAWARE|PRECINCT52,54,0.000037121946,Delaware,035
DELAWARE|PRECINCT53,35,1.000000000000,Delaware,035
DELAWARE|PRECINCT54,35,1.000000000000,Delaware,035
DELAWARE|PRECINCT55,35,1.000000000000,Delaware,035
DELAWARE|PRECINCT56,34,0.000001193382,Delaware,035
DELAWARE|PRECINCT56,35,0.999998806618,Delaware,035
DELAWARE|PRECINCT57,31,0.000042225435,Delaware,035
DELAWARE|PRECINCT57,35,0.999957774565,Delaware,035
DELAWARE|PRECINCT58,34,0.000272060245,Delaware,035
DELAWARE|PRECINCT58,35,0.999727939755,Delaware,035
DELAWARE|PRECINCT59,33,0.999705788388,Delaware,035
DELAWARE|PRECINCT59,34,0.000221506081,Delaware,035
DELAWARE|PRECINCT59,35,0.000072705531,Delaware,035
DELAWARE|PRECINCT6,34,1.000000000000,Delaware,035
DELAWARE|PRECINCT60,33,0.000005854806,Delaware,035
DELAWARE|PRECINCT60,34,0.000154373586,Delaware,035
DELAWARE|PRECINCT60,35,0.999839771608,Delaware,035
DELAWARE|PRECINCT61,33,0.000131965388,Delaware,035
DELAWARE|PRECINCT61,35,0.999868034612,Delaware,035
DELAWARE|PRECINCT62,33,0.999998064576,Delaware,035
DELAWARE|PRECINCT62,54,0.000001935424,Delaware,035
DELAWARE|PRECINCT63,33,1.000000000000,Delaware,035
DELAWARE|PRECINCT64,33,0.999985258950,Delaware,035
DELAWARE|PRECINCT64,34,0.000014741050,Delaware,035
DELAWARE|PRECINCT65,33,0.999980257301,Delaware,035
DELAWARE|PRECINCT65,35,0.000019742699,Delaware,035
DELAWARE|PRECINCT66,33,1.000000000000,Delaware,035
DELAWARE|PRECINCT67,33,0.999983566530,Delaware,035
DELAWARE|PRECINCT67,35,0.000016433470,Delaware,035
DELAWARE|PRECINCT68,33,1.000000000000,Delaware,035
DELAWARE|PRECINCT69,34,0.000300265559,Delaware,035
DELAWARE|PRECINCT69,35,0.999699734441,Delaware,035
DELAWARE|PRECINCT7,34,1.000000000000,Delaware,035
DELAWARE|PRECINCT70,34,0.999989955881,Delaware,035
DELAWARE|PRECINCT70,35,0.000010044119,Delaware,035
DELAWARE|PRECINCT71,35,1.000000000000,Delaware,035
DELAWARE|PRECINCT73,33,0.999928633743,Delaware,035
DELAWARE|PRECINCT73,34,0.000003045789,Delaware,035
DELAWARE|PRECINCT73,35,0.000032351772,Delaware,035
DELAWARE|PRECINCT73,54,0.000035968697,Delaware,035
DELAWARE|PRECINCT74,34,0.000000749668,Delaware,035
DELAWARE|PRECINCT74,35,0.999999250332,Delaware,035
DELAWARE|PRECINCT75,33,0.999972555872,Delaware,035
DELAWARE|PRECINCT75,34,0.000027444128,Delaware,035
DELAWARE|PRECINCT77,33,0.000010479119,Delaware,035
DELAWARE|PRECINCT77,35,0.999989520881,Delaware,035
DELAWARE|PRECINCT78,34,0.000013680532,Delaware,035
DELAWARE|PRECINCT78,35,0.999986319468,Delaware,035
DELAWARE|PRECINCT8,34,1.000000000000,Delaware,035
DELAWARE|PRECINCT81,34,0.000051423456,Delaware,035
DELAWARE|PRECINCT81,35,0.999948576544,Delaware,035
DELAWARE|PRECINCT87,35,1.000000000000,Delaware,035
DELAWARE|PRECINCT88,35,1.000000000000,Delaware,035
DELAWARE|PRECINCT9,33,0.000053559965,Delaware,035
DELAWARE|PRECINCT9,34,0.999946440035,Delaware,035
DELAWARE|PRECINCT90,33,0.000063185180,Delaware,035
DELAWARE|PRECINCT90,35,0.999936814820,Delaware,035
DELAWARE|PRECINCT91,35,1.000000000000,Delaware,035
DELAWARE|PRECINCT92,34,1.000000000000,Delaware,035
DELAWARE|PRECINCT93,34,0.999761800307,Delaware,035
DELAWARE|PRECINCT93,35,0.000238199693,Delaware,035
DELAWARE|PRECINCT94,35,0.999968318166,Delaware,035
DELAWARE|PRECINCT94,36,0.000031681834,Delaware,035
DELAWARE|PRECINCT95,35,1.000000000000,Delaware,035
DELAWARE|PRECINCT98,34,0.000004512603,Delaware,035
DELAWARE|PRECINCT98,35,0.999995487397,Delaware,035
DUBOIS|BAINBRIDGE02E,63,1.000000000000,Dubois,037
DUBOIS|BAINBRIDGE02W,63,1.000000000000,Dubois,037
DUBOIS|BAINBRIDGE03E,63,1.000000000000,Dubois,037
DUBOIS|BAINBRIDGE03W,63,1.000000000000,Dubois,037
DUBOIS|BAINBRIDGE04N,63,1.000000000000,Dubois,037
DUBOIS|BAINBRIDGE04S,63,1.000000000000,Dubois,037
DUBOIS|BAINBRIDGE05N,63,1.000000000000,Dubois,037
DUBOIS|BAINBRIDGE05S,63,1.000000000000,Dubois,037
DUBOIS|BAINBRIDGE06N,63,1.000000000000,Dubois,037
DUBOIS|BAINBRIDGE06S,63,1.000000000000,Dubois,037
DUBOIS|BAINBRIDGE1,63,0.999923408966,Dubois,037
DUBOIS|BAINBRIDGE1,74,0.000076591034,Dubois,037
DUBOIS|BAINBRIDGE7,63,1.000000000000,Dubois,037
DUBOIS|BOONE1,63,1.000000000000,Dubois,037
DUBOIS|BOONEJASPER,63,1.000000000000,Dubois,037
DUBOIS|CASS1,63,1.000000000000,Dubois,037
DUBOIS|CASS2,63,0.000240696504,Dubois,037
DUBOIS|CASS2,74,0.999759303496,Dubois,037
DUBOIS|CASS3,63,0.999834308941,Dubois,037
DUBOIS|CASS3,74,0.000095381878,Dubois,037
DUBOIS|CASS3,75,0.000070309182,Dubois,037
DUBOIS|COLUMBIA1,63,0.000038258151,Dubois,037
DUBOIS|COLUMBIA1,74,0.999961741849,Dubois,037
DUBOIS|FERDINAND1,74,1.000000000000,Dubois,037
DUBOIS|FERDINAND2,74,1.000000000000,Dubois,037
DUBOIS|FERDINAND3,74,1.000000000000,Dubois,037
DUBOIS|HALL1,63,0.000043905699,Dubois,037
DUBOIS|HALL1,74,0.999956094301,Dubois,037
DUBOIS|HARBISON1,63,1.000000000000,Dubois,037
DUBOIS|HARBISON2,63,0.999934488646,Dubois,037
DUBOIS|HARBISON2,74,0.000065511354,Dubois,037
DUBOIS|JACKSON1,63,0.000018073212,Dubois,037
DUBOIS|JACKSON1,74,0.999981926788,Dubois,037
DUBOIS|JACKSON2,63,0.000073559415,Dubois,037
DUBOIS|JACKSON2,74,0.999926440585,Dubois,037
DUBOIS|JEFFERSON1,74,1.000000000000,Dubois,037
DUBOIS|JEFFERSON2,74,1.000000000000,Dubois,037
DUBOIS|MADISON1,63,0.999950683008,Dubois,037
DUBOIS|MADISON1,75,0.000049316992,Dubois,037
DUBOIS|MADISON2,63,1.000000000000,Dubois,037
DUBOIS|MADISONJASPERN,63,1.000000000000,Dubois,037
DUBOIS|MADISONJASPERS,63,1.000000000000,Dubois,037
DUBOIS|MARION1,63,0.999995927495,Dubois,037
DUBOIS|MARION1,74,0.000004072505,Dubois,037
DUBOIS|MARION2,63,0.999889701803,Dubois,037
DUBOIS|MARION2,74,0.000110298197,Dubois,037
DUBOIS|PATOKA1,63,0.002051080686,Dubois,037
DUBOIS|PATOKA1,74,0.997948919314,Dubois,037
DUBOIS|PATOKA2,63,0.000769365970,Dubois,037
DUBOIS|PATOKA2,74,0.999230634030,Dubois,037
DUBOIS|PATOKA3,74,1.000000000000,Dubois,037
DUBOIS|PATOKA4,74,1.000000000000,Dubois,037
DUBOIS|PATOKA5,63,0.000079166341,Dubois,037
DUBOIS|PATOKA5,74,0.999920833659,Dubois,037
DUBOIS|PATOKA6,63,0.999721162520,Dubois,037
DUBOIS|PATOKA6,74,0.000223697676,Dubois,037
DUBOIS|PATOKA6,75,0.000055139804,Dubois,037
ELKHART|BAUGO1,5,0.000000327513,Elkhart,039
ELKHART|BAUGO1,21,0.002524643244,Elkhart,039
ELKHART|BAUGO1,48,0.997475029243,Elkhart,039
ELKHART|BAUGO2,5,0.000062458548,Elkhart,039
ELKHART|BAUGO2,21,0.999867009854,Elkhart,039
ELKHART|BAUGO2,48,0.000070531597,Elkhart,039
ELKHART|BAUGO3,21,0.999370144549,Elkhart,039
ELKHART|BAUGO3,48,0.000629855451,Elkhart,039
ELKHART|BAUGO4,5,0.000069351922,Elkhart,039
ELKHART|BAUGO4,21,0.999930648078,Elkhart,039
ELKHART|BAUGO5,21,1.000000000000,Elkhart,039
ELKHART|BAUGO6,21,1.000000000000,Elkhart,039
ELKHART|BAUGO7,21,1.000000000000,Elkhart,039
ELKHART|BENTON1,18,0.999868043446,Elkhart,039
ELKHART|BENTON1,49,0.000131956554,Elkhart,039
ELKHART|BENTON2,18,1.000000000000,Elkhart,039
ELKHART|CLEVELAND1,5,0.000002420723,Elkhart,039
ELKHART|CLEVELAND1,48,0.999997579277,Elkhart,039
ELKHART|CLEVELAND2,5,0.000025910222,Elkhart,039
ELKHART|CLEVELAND2,48,0.999974089778,Elkhart,039
ELKHART|CLEVELAND3,5,0.000048012008,Elkhart,039
ELKHART|CLEVELAND3,48,0.999951987992,Elkhart,039
ELKHART|CLEVELAND4,48,1.000000000000,Elkhart,039
ELKHART|CLEVELAND5,48,1.000000000000,Elkhart,039
ELKHART|CLEVELAND6,5,0.000402827521,Elkhart,039
ELKHART|CLEVELAND6,48,0.999597172479,Elkhart,039
ELKHART|CLEVELAND7,21,0.000022290328,Elkhart,039
ELKHART|CLEVELAND7,48,0.999977709672,Elkhart,039
ELKHART|CLINTON1,18,0.000016387114,Elkhart,039
ELKHART|CLINTON1,49,0.999963667242,Elkhart,039
ELKHART|CLINTON1,51,0.000019945644,Elkhart,039
ELKHART|CONCORD1,21,0.000111745887,Elkhart,039
ELKHART|CONCORD1,48,0.999888254113,Elkhart,039
ELKHART|CONCORD10,21,0.999749165841,Elkhart,039
ELKHART|CONCORD10,48,0.000250834159,Elkhart,039
ELKHART|CONCORD11,21,0.999999334621,Elkhart,039
ELKHART|CONCORD11,48,0.000000665379,Elkhart,039
ELKHART|CONCORD12,21,0.005272744685,Elkhart,039
ELKHART|CONCORD12,48,0.994727255315,Elkhart,039
ELKHART|CONCORD13,21,0.995445976279,Elkhart,039
ELKHART|CONCORD13,48,0.004554023721,Elkhart,039
ELKHART|CONCORD14,21,1.000000000000,Elkhart,039
ELKHART|CONCORD15,21,1.000000000000,Elkhart,039
ELKHART|CONCORD16,21,1.000000000000,Elkhart,039
ELKHART|CONCORD17,21,0.008983613208,Elkhart,039
ELKHART|CONCORD17,48,0.991014285675,Elkhart,039
ELKHART|CONCORD17,49,0.000002101117,Elkhart,039
ELKHART|CONCORD18,48,1.000000000000,Elkhart,039
ELKHART|CONCORD19,48,0.999510181263,Elkhart,039
ELKHART|CONCORD19,49,0.000489818737,Elkhart,039
ELKHART|CONCORD2,48,1.000000000000,Elkhart,039
ELKHART|CONCORD20,48,0.999985204804,Elkhart,039
ELKHART|CONCORD20,49,0.000014795196,Elkhart,039
ELKHART|CONCORD21,21,1.000000000000,Elkhart,039
ELKHART|CONCORD22,21,1.000000000000,Elkhart,039
ELKHART|CONCORD23,21,1.000000000000,Elkhart,039
ELKHART|CONCORD24,21,1.000000000000,Elkhart,039
ELKHART|CONCORD25,21,0.999425731930,Elkhart,039
ELKHART|CONCORD25,48,0.000574268070,Elkhart,039
ELKHART|CONCORD26,21,0.995289806995,Elkhart,039
ELKHART|CONCORD26,48,0.004710193005,Elkhart,039
ELKHART|CONCORD27,21,0.990799727976,Elkhart,039
ELKHART|CONCORD27,49,0.009200272024,Elkhart,039
ELKHART|CONCORD28,21,0.004722904531,Elkhart,039
ELKHART|CONCORD28,48,0.000231310526,Elkhart,039
ELKHART|CONCORD28,49,0.995045784943,Elkhart,039
ELKHART|CONCORD29,21,1.000000000000,Elkhart,039
ELKHART|CONCORD3,48,1.000000000000,Elkhart,039
ELKHART|CONCORD30,21,1.000000000000,Elkhart,039
ELKHART|CONCORD31,21,1.000000000000,Elkhart,039
ELKHART|CONCORD32,21,0.999948731516,Elkhart,039
ELKHART|CONCORD32,49,0.000051268484,Elkhart,039
ELKHART|CONCORD33,21,0.984876785734,Elkhart,039
ELKHART|CONCORD33,49,0.015123214266,Elkhart,039
ELKHART|CONCORD4,21,0.999193770903,Elkhart,039
ELKHART|CONCORD4,48,0.000806229097,Elkhart,039
ELKHART|CONCORD5,21,0.000247808891,Elkhart,039
ELKHART|CONCORD5,48,0.999752191109,Elkhart,039
ELKHART|CONCORD6,21,0.002345856243,Elkhart,039
ELKHART|CONCORD6,48,0.997654143757,Elkhart,039
ELKHART|CONCORD7,21,0.001070912436,Elkhart,039
ELKHART|CONCORD7,48,0.998929087564,Elkhart,039
ELKHART|CONCORD8,48,0.999982818268,Elkhart,039
ELKHART|CONCORD8,49,0.000017181732,Elkhart,039
ELKHART|CONCORD9,21,0.999283847798,Elkhart,039
ELKHART|CONCORD9,48,0.000716152202,Elkhart,039
ELKHART|ELKHART1,21,0.000531292062,Elkhart,039
ELKHART|ELKHART1,49,0.999468707938,Elkhart,039
ELKHART|ELKHART10,49,1.000000000000,Elkhart,039
ELKHART|ELKHART11,49,1.000000000000,Elkhart,039
ELKHART|ELKHART12,49,1.000000000000,Elkhart,039
ELKHART|ELKHART13,49,1.000000000000,Elkhart,039
ELKHART|ELKHART14,49,1.000000000000,Elkhart,039
ELKHART|ELKHART15,49,1.000000000000,Elkhart,039
ELKHART|ELKHART16,18,0.000299647147,Elkhart,039
ELKHART|ELKHART16,21,0.000160731535,Elkhart,039
ELKHART|ELKHART16,49,0.999539621318,Elkhart,039
ELKHART|ELKHART17,49,1.000000000000,Elkhart,039
ELKHART|ELKHART18,18,0.000055191416,Elkhart,039
ELKHART|ELKHART18,49,0.999944808584,Elkhart,039
ELKHART|ELKHART19,49,1.000000000000,Elkhart,039
ELKHART|ELKHART2,49,1.000000000000,Elkhart,039
ELKHART|ELKHART20,18,0.000009256326,Elkhart,039
ELKHART|ELKHART20,49,0.999990743674,Elkhart,039
ELKHART|ELKHART21,18,0.998782938142,Elkhart,039
ELKHART|ELKHART21,49,0.001217061858,Elkhart,039
ELKHART|ELKHART3,49,1.000000000000,Elkhart,039
ELKHART|ELKHART4,49,1.000000000000,Elkhart,039
ELKHART|ELKHART5,21,0.000011263739,Elkhart,039
ELKHART|ELKHART5,49,0.999988736261,Elkhart,039
ELKHART|ELKHART6,49,1.000000000000,Elkhart,039
ELKHART|ELKHART7,21,0.000210826827,Elkhart,039
ELKHART|ELKHART7,49,0.999789173173,Elkhart,039
ELKHART|ELKHART8,49,1.000000000000,Elkhart,039
ELKHART|ELKHART9,21,0.000464909115,Elkhart,039
ELKHART|ELKHART9,49,0.999535090885,Elkhart,039
ELKHART|HARRISON1,21,0.999979166904,Elkhart,039
ELKHART|HARRISON1,49,0.000020833096,Elkhart,039
ELKHART|HARRISON2,21,0.999962254415,Elkhart,039
ELKHART|HARRISON2,49,0.000037745585,Elkhart,039
ELKHART|JACKSON1,18,0.999722017985,Elkhart,039
ELKHART|JACKSON1,21,0.000262952008,Elkhart,039
ELKHART|JACKSON1,49,0.000015030008,Elkhart,039
ELKHART|JACKSON2,18,0.999821803101,Elkhart,039
ELKHART|JACKSON2,21,0.000064110160,Elkhart,039
ELKHART|JACKSON2,22,0.000114086738,Elkhart,039
ELKHART|JACKSON3,18,0.999992457193,Elkhart,039
ELKHART|JACKSON3,22,0.000007542807,Elkhart,039
ELKHART|JEFFERSON1,48,0.000076226469,Elkhart,039
ELKHART|JEFFERSON1,49,0.999923773531,Elkhart,039
ELKHART|JEFFERSON2,21,0.000810247194,Elkhart,039
ELKHART|JEFFERSON2,48,0.000006488524,Elkhart,039
ELKHART|JEFFERSON2,49,0.999183264282,Elkhart,039
ELKHART|JEFFERSON3,49,1.000000000000,Elkhart,039
ELKHART|JEFFERSON4,49,1.000000000000,Elkhart,039
ELKHART|JEFFERSON5,49,1.000000000000,Elkhart,039
ELKHART|JEFFERSON6,49,1.000000000000,Elkhart,039
ELKHART|LOCKE1,7,0.000036542487,Elkhart,039
ELKHART|LOCKE1,17,0.000012960777,Elkhart,039
ELKHART|LOCKE1,21,0.999943908389,Elkhart,039
ELKHART|LOCKE1,22,0.000006588347,Elkhart,039
ELKHART|LOCKE2,21,0.999998150216,Elkhart,039
ELKHART|LOCKE2,22,0.000001849784,Elkhart,039
ELKHART|MIDDLEBURY1,49,1.000000000000,Elkhart,039
ELKHART|MIDDLEBURY2,49,1.000000000000,Elkhart,039
ELKHART|MIDDLEBURY3,49,1.000000000000,Elkhart,039
ELKHART|MIDDLEBURY4,49,1.000000000000,Elkhart,039
ELKHART|MIDDLEBURY5,49,0.999969493534,Elkhart,039
ELKHART|MIDDLEBURY5,51,0.000030506466,Elkhart,039
ELKHART|OLIVE1,7,0.000057465508,Elkhart,039
ELKHART|OLIVE1,21,0.999942534492,Elkhart,039
ELKHART|OLIVE2,21,1.000000000000,Elkhart,039
ELKHART|OSOLO1,48,1.000000000000,Elkhart,039
ELKHART|OSOLO10,48,1.000000000000,Elkhart,039
ELKHART|OSOLO11,48,1.000000000000,Elkhart,039
ELKHART|OSOLO12,48,1.000000000000,Elkhart,039
ELKHART|OSOLO13,48,1.000000000000,Elkhart,039
ELKHART|OSOLO14,48,1.000000000000,Elkhart,039
ELKHART|OSOLO15,48,1.000000000000,Elkhart,039
ELKHART|OSOLO16,48,1.000000000000,Elkhart,039
ELKHART|OSOLO2,48,1.000000000000,Elkhart,039
ELKHART|OSOLO3,48,1.000000000000,Elkhart,039
ELKHART|OSOLO4,48,1.000000000000,Elkhart,039
ELKHART|OSOLO5,48,1.000000000000,Elkhart,039
ELKHART|OSOLO6,48,1.000000000000,Elkhart,039
ELKHART|OSOLO7,48,1.000000000000,Elkhart,039
ELKHART|OSOLO8,48,1.000000000000,Elkhart,039
ELKHART|OSOLO9,48,1.000000000000,Elkhart,039
ELKHART|UNION1,18,0.000038754838,Elkhart,039
ELKHART|UNION1,21,0.999910374226,Elkhart,039
ELKHART|UNION1,22,0.000050870936,Elkhart,039
ELKHART|UNION2,21,1.000000000000,Elkhart,039
ELKHART|UNION3,21,1.000000000000,Elkhart,039
ELKHART|UNION4,21,0.999145382271,Elkhart,039
ELKHART|UNION4,22,0.000854617729,Elkhart,039
ELKHART|WASHINGTON1,48,0.999954159831,Elkhart,039
ELKHART|WASHINGTON1,49,0.000045840169,Elkhart,039
ELKHART|WASHINGTON2,48,1.000000000000,Elkhart,039
ELKHART|WASHINGTON3,48,1.000000000000,Elkhart,039
ELKHART|WASHINGTON4,48,0.999768451494,Elkhart,039
ELKHART|WASHINGTON4,49,0.000231548506,Elkhart,039
ELKHART|YORK1,48,0.000002579765,Elkhart,039
ELKHART|YORK1,49,0.999953047145,Elkhart,039
ELKHART|YORK1,51,0.000044373089,Elkhart,039
ELKHART|YORK2,48,0.000011686202,Elkhart,039
ELKHART|YORK2,49,0.999944839055,Elkhart,039
ELKHART|YORK2,51,0.000043474743,Elkhart,039
FAYETTE|COLUMBIA1,55,1.000000000000,Fayette,041
FAYETTE|CONNERSVILLE1,55,1.000000000000,Fayette,041
FAYETTE|CONNERSVILLE10,55,1.000000000000,Fayette,041
FAYETTE|CONNERSVILLE11,55,1.000000000000,Fayette,041
FAYETTE|CONNERSVILLE12,55,1.000000000000,Fayette,041
FAYETTE|CONNERSVILLE13,55,1.000000000000,Fayette,041
FAYETTE|CONNERSVILLE2,55,1.000000000000,Fayette,041
FAYETTE|CONNERSVILLE3,55,1.000000000000,Fayette,041
FAYETTE|CONNERSVILLE4,55,1.000000000000,Fayette,041
FAYETTE|CONNERSVILLE5,55,1.000000000000,Fayette,041
FAYETTE|CONNERSVILLE6,55,1.000000000000,Fayette,041
FAYETTE|CONNERSVILLE7,55,1.000000000000,Fayette,041
FAYETTE|CONNERSVILLE8,55,1.000000000000,Fayette,041
FAYETTE|CONNERSVILLE9,55,1.000000000000,Fayette,041
FAYETTE|FAIRVIEW1,54,0.000079118055,Fayette,041
FAYETTE|FAIRVIEW1,55,0.999920881945,Fayette,041
FAYETTE|HARRISON1,55,1.000000000000,Fayette,041
FAYETTE|HARRISON2,55,1.000000000000,Fayette,041
FAYETTE|HARRISON3,55,1.000000000000,Fayette,041
FAYETTE|HARRISON4,55,1.000000000000,Fayette,041
FAYETTE|HARRISON5,55,0.999994290303,Fayette,041
FAYETTE|HARRISON5,56,0.000005709697,Fayette,041
FAYETTE|HARRISON6,55,1.000000000000,Fayette,041
FAYETTE|HARRISON7,55,0.999873567243,Fayette,041
FAYETTE|HARRISON7,56,0.000126432757,Fayette,041
FAYETTE|HARRISON8,55,0.999997899696,Fayette,041
FAYETTE|HARRISON8,56,0.000002100304,Fayette,041
FAYETTE|JACKSON1,55,1.000000000000,Fayette,041
FAYETTE|JENNINGS1,55,1.000000000000,Fayette,041
FAYETTE|ORANGE1,54,0.000099852381,Fayette,041
FAYETTE|ORANGE1,55,0.999900147619,Fayette,041
FAYETTE|POSEY1,54,0.000023196926,Fayette,041
FAYETTE|POSEY1,55,0.999946548175,Fayette,041
FAYETTE|POSEY1,56,0.000030254898,Fayette,041
FAYETTE|WATERLOO1,55,0.999988842274,Fayette,041
FAYETTE|WATERLOO1,56,0.000011157726,Fayette,041
FLOYD|FRANKLIN1,70,0.000132685483,Floyd,043
FLOYD|FRANKLIN1,72,0.999867314517,Floyd,043
FLOYD|GEORGETOWN1,70,0.000001292326,Floyd,043
FLOYD|GEORGETOWN1,72,0.999998707674,Floyd,043
FLOYD|GEORGETOWN2,72,1.000000000000,Floyd,043
FLOYD|GEORGETOWN3,72,1.000000000000,Floyd,043
FLOYD|GEORGETOWN4,70,0.000159241541,Floyd,043
FLOYD|GEORGETOWN4,72,0.999840758459,Floyd,043
FLOYD|GEORGETOWN5,72,1.000000000000,Floyd,043
FLOYD|GEORGETOWN6,70,0.000039457874,Floyd,043
FLOYD|GEORGETOWN6,72,0.999960542126,Floyd,043
FLOYD|GEORGETOWN7,70,0.000757543573,Floyd,043
FLOYD|GEORGETOWN7,72,0.999242456427,Floyd,043
FLOYD|GREENVILLE1,70,1.000000000000,Floyd,043
FLOYD|GREENVILLE2,70,1.000000000000,Floyd,043
FLOYD|GREENVILLE3,70,1.000000000000,Floyd,043
FLOYD|GREENVILLE4,70,0.999791598363,Floyd,043
FLOYD|GREENVILLE4,72,0.000208401637,Floyd,043
FLOYD|GREENVILLE5,70,1.000000000000,Floyd,043
FLOYD|GREENVILLE6,70,1.000000000000,Floyd,043
FLOYD|LAFAYETTE1,70,0.000740082562,Floyd,043
FLOYD|LAFAYETTE1,72,0.999259917438,Floyd,043
FLOYD|LAFAYETTE2,70,0.999538441018,Floyd,043
FLOYD|LAFAYETTE2,72,0.000461558982,Floyd,043
FLOYD|LAFAYETTE3,72,1.000000000000,Floyd,043
FLOYD|LAFAYETTE4,70,0.999050873210,Floyd,043
FLOYD|LAFAYETTE4,72,0.000949126790,Floyd,043
FLOYD|LAFAYETTE5,70,0.003659800817,Floyd,043
FLOYD|LAFAYETTE5,72,0.996340199183,Floyd,043
FLOYD|LAFAYETTE6,70,0.002658702540,Floyd,043
FLOYD|LAFAYETTE6,72,0.997341297460,Floyd,043
FLOYD|LAFAYETTE7,70,0.998752646284,Floyd,043
FLOYD|LAFAYETTE7,72,0.001247353716,Floyd,043
FLOYD|NEWALBANY1,72,1.000000000000,Floyd,043
FLOYD|NEWALBANY10,71,0.000296160246,Floyd,043
FLOYD|NEWALBANY10,72,0.999703839754,Floyd,043
FLOYD|NEWALBANY11,72,1.000000000000,Floyd,043
FLOYD|NEWALBANY13,72,1.000000000000,Floyd,043
FLOYD|NEWALBANY14,72,1.000000000000,Floyd,043
FLOYD|NEWALBANY16,72,1.000000000000,Floyd,043
FLOYD|NEWALBANY18,72,1.000000000000,Floyd,043
FLOYD|NEWALBANY19,72,1.000000000000,Floyd,043
FLOYD|NEWALBANY20,72,1.000000000000,Floyd,043
FLOYD|NEWALBANY21,72,1.000000000000,Floyd,043
FLOYD|NEWALBANY22,72,1.000000000000,Floyd,043
FLOYD|NEWALBANY23,72,1.000000000000,Floyd,043
FLOYD|NEWALBANY24,72,1.000000000000,Floyd,043
FLOYD|NEWALBANY25,72,1.000000000000,Floyd,043
FLOYD|NEWALBANY26,72,1.000000000000,Floyd,043
FLOYD|NEWALBANY27,72,1.000000000000,Floyd,043
FLOYD|NEWALBANY28,72,1.000000000000,Floyd,043
FLOYD|NEWALBANY29,72,1.000000000000,Floyd,043
FLOYD|NEWALBANY3,72,1.000000000000,Floyd,043
FLOYD|NEWALBANY30,72,1.000000000000,Floyd,043
FLOYD|NEWALBANY31,66,0.000004580510,Floyd,043
FLOYD|NEWALBANY31,70,0.000877918158,Floyd,043
FLOYD|NEWALBANY31,72,0.999117501333,Floyd,043
FLOYD|NEWALBANY32,72,1.000000000000,Floyd,043
FLOYD|NEWALBANY33,72,1.000000000000,Floyd,043
FLOYD|NEWALBANY34,66,0.000334947629,Floyd,043
FLOYD|NEWALBANY34,72,0.999665052371,Floyd,043
FLOYD|NEWALBANY35,72,1.000000000000,Floyd,043
FLOYD|NEWALBANY36,72,1.000000000000,Floyd,043
FLOYD|NEWALBANY37,66,0.001402513346,Floyd,043
FLOYD|NEWALBANY37,72,0.998597486654,Floyd,043
FLOYD|NEWALBANY38,66,0.001985556044,Floyd,043
FLOYD|NEWALBANY38,72,0.998014443956,Floyd,043
FLOYD|NEWALBANY39,66,0.000152664180,Floyd,043
FLOYD|NEWALBANY39,72,0.999847335820,Floyd,043
FLOYD|NEWALBANY40,71,0.000704358620,Floyd,043
FLOYD|NEWALBANY40,72,0.999295641380,Floyd,043
FLOYD|NEWALBANY41,72,1.000000000000,Floyd,043
FLOYD|NEWALBANY42,72,1.000000000000,Floyd,043
FLOYD|NEWALBANY43,72,1.000000000000,Floyd,043
FLOYD|NEWALBANY44,72,1.000000000000,Floyd,043
FLOYD|NEWALBANY45,71,0.000826603260,Floyd,043
FLOYD|NEWALBANY45,72,0.999173396740,Floyd,043
FLOYD|NEWALBANY46,66,0.002672946237,Floyd,043
FLOYD|NEWALBANY46,72,0.997327053763,Floyd,043
FLOYD|NEWALBANY5,71,0.000068237361,Floyd,043
FLOYD|NEWALBANY5,72,0.999931762639,Floyd,043
FLOYD|NEWALBANY7,71,0.998453892188,Floyd,043
FLOYD|NEWALBANY7,72,0.001546107812,Floyd,043
FLOYD|NEWALBANY9,71,0.001975163687,Floyd,043
FLOYD|NEWALBANY9,72,0.998024836313,Floyd,043
FOUNTAIN|CAIN,13,0.999954849840,Fountain,045
FOUNTAIN|CAIN,42,0.000020800362,Fountain,045
FOUNTAIN|CAIN,44,0.000024349798,Fountain,045
FOUNTAIN|DAVIS,13,1.000000000000,Fountain,045
FOUNTAIN|FULTON,13,0.000145003722,Fountain,045
FOUNTAIN|FULTON,42,0.999854996278,Fountain,045
FOUNTAIN|JACKSON,13,0.999950938805,Fountain,045
FOUNTAIN|JACKSON,42,0.000043018227,Fountain,045
FOUNTAIN|JACKSON,44,0.000006042968,Fountain,045
FOUNTAIN|LOGAN1,13,1.000000000000,Fountain,045
FOUNTAIN|LOGAN2,13,1.000000000000,Fountain,045
FOUNTAIN|LOGAN3,13,1.000000000000,Fountain,045
FOUNTAIN|MILLCREEK,13,0.000054967613,Fountain,045
FOUNTAIN|MILLCREEK,42,0.999945032387,Fountain,045
FOUNTAIN|RICHLAND1,13,1.000000000000,Fountain,045
FOUNTAIN|RICHLAND2,13,1.000000000000,Fountain,045
FOUNTAIN|SHAWNEE,13,1.000000000000,Fountain,045
FOUNTAIN|TROY1,13,0.999921179414,Fountain,045
FOUNTAIN|TROY1,42,0.000078820586,Fountain,045
FOUNTAIN|TROY2,13,1.000000000000,Fountain,045
FOUNTAIN|TROY3,13,1.000000000000,Fountain,045
FOUNTAIN|VANBUREN1,13,0.999999462391,Fountain,045
FOUNTAIN|VANBUREN1,42,0.000000537609,Fountain,045
FOUNTAIN|VANBUREN2,13,1.000000000000,Fountain,045
FOUNTAIN|VANBUREN3,13,1.000000000000,Fountain,045
FOUNTAIN|WABASH,13,0.999832731948,Fountain,045
FOUNTAIN|WABASH,42,0.000167268052,Fountain,045
FRANKLIN|BATESVILLE1,55,1.000000000000,Franklin,047
FRANKLIN|BATH,55,1.000000000000,Franklin,047
FRANKLIN|BLOOMINGGROVE,55,1.000000000000,Franklin,047
FRANKLIN|BROOKVILLE1,55,1.000000000000,Franklin,047
FRANKLIN|BROOKVILLE2,55,1.000000000000,Franklin,047
FRANKLIN|BROOKVILLE3,55,1.000000000000,Franklin,047
FRANKLIN|BROOKVILLE4,55,1.000000000000,Franklin,047
FRANKLIN|BROOKVILLE5,55,1.000000000000,Franklin,047
FRANKLIN|BUTLER,55,1.000000000000,Franklin,047
FRANKLIN|FAIRFIELD,55,1.000000000000,Franklin,047
FRANKLIN|HIGHLAND1,55,0.999867891244,Franklin,047
FRANKLIN|HIGHLAND1,68,0.000132108756,Franklin,047
FRANKLIN|HIGHLAND2,55,0.999901366323,Franklin,047
FRANKLIN|HIGHLAND2,68,0.000098633677,Franklin,047
FRANKLIN|LAUREL,55,1.000000000000,Franklin,047
FRANKLIN|METAMORA,55,1.000000000000,Franklin,047
FRANKLIN|OLDENBURG,55,1.000000000000,Franklin,047
FRANKLIN|POSEY,55,1.000000000000,Franklin,047
FRANKLIN|RAY1,55,1.000000000000,Franklin,047
FRANKLIN|RAY2,55,1.000000000000,Franklin,047
FRANKLIN|SALTCREEK1,55,1.000000000000,Franklin,047
FRANKLIN|SALTCREEK2,55,1.000000000000,Franklin,047
FRANKLIN|SPRINGFIELD,55,1.000000000000,Franklin,047
FRANKLIN|WHITEWATER1,55,0.999982239848,Franklin,047
FRANKLIN|WHITEWATER1,68,0.000017760152,Franklin,047
FRANKLIN|WHITEWATER2,55,0.999969469138,Franklin,047
FRANKLIN|WHITEWATER2,68,0.000030530862,Franklin,047
FULTON|AUBBEENAUBBEE9,17,1.000000000000,Fulton,049
FULTON|HENRY1,17,0.999920272469,Fulton,049
FULTON|HENRY1,22,0.000079727531,Fulton,049
FULTON|HENRY2,17,0.999824201971,Fulton,049
FULTON|HENRY2,22,0.000101120384,Fulton,049
FULTON|HENRY2,23,0.000074677645,Fulton,049
FULTON|HENRY3,17,0.999957034629,Fulton,049
FULTON|HENRY3,22,0.000042965371,Fulton,049
FULTON|LIBERTY13,17,0.999940713399,Fulton,049
FULTON|LIBERTY13,23,0.000059286601,Fulton,049
FULTON|NEWCASTLE14,17,0.999959393467,Fulton,049
FULTON|NEWCASTLE14,22,0.000040606533,Fulton,049
FULTON|RICHLAND15,17,1.000000000000,Fulton,049
FULTON|ROCHESTER1,17,1.000000000000,Fulton,049
FULTON|ROCHESTER2,17,1.000000000000,Fulton,049
FULTON|ROCHESTER3,17,1.000000000000,Fulton,049
FULTON|ROCHESTER4,17,1.000000000000,Fulton,049
FULTON|ROCHESTER5,17,1.000000000000,Fulton,049
FULTON|ROCHESTER6,17,1.000000000000,Fulton,049
FULTON|ROCHESTER7,17,0.999994697209,Fulton,049
FULTON|ROCHESTER7,23,0.000005302791,Fulton,049
FULTON|ROCHESTER8,17,1.000000000000,Fulton,049
FULTON|UNION16,17,1.000000000000,Fulton,049
FULTON|WAYNE17,17,0.999960033551,Fulton,049
FULTON|WAYNE17,23,0.000039966449,Fulton,049
GIBSON|BARTON1,64,0.000031508749,Gibson,051
GIBSON|BARTON1,75,0.999968491251,Gibson,051
GIBSON|BARTON2,64,0.000019265389,Gibson,051
GIBSON|BARTON2,75,0.999980734611,Gibson,051
GIBSON|CENTER1,64,0.999923594562,Gibson,051
GIBSON|CENTER1,75,0.000076405438,Gibson,051
GIBSON|COLUMBIA1,75,1.000000000000,Gibson,051
GIBSON|COLUMBIA2,75,1.000000000000,Gibson,051
GIBSON|COLUMBIA5,64,0.000063117253,Gibson,051
GIBSON|COLUMBIA5,75,0.999936882747,Gibson,051
GIBSON|JOHNSON1,64,1.000000000000,Gibson,051
GIBSON|JOHNSON2,64,0.999949386897,Gibson,051
GIBSON|JOHNSON2,76,0.000050613103,Gibson,051
GIBSON|JOHNSON3,64,0.999991973151,Gibson,051
GIBSON|JOHNSON3,75,0.000008026849,Gibson,051
GIBSON|MONTGOMERY1,64,1.000000000000,Gibson,051
GIBSON|MONTGOMERY2,64,0.999949713137,Gibson,051
GIBSON|MONTGOMERY2,76,0.000050286863,Gibson,051
GIBSON|MONTGOMERY3,64,1.000000000000,Gibson,051
GIBSON|PATOKA1,64,1.000000000000,Gibson,051
GIBSON|PATOKA11,64,1.000000000000,Gibson,051
GIBSON|PATOKA12,64,1.000000000000,Gibson,051
GIBSON|PATOKA13,64,1.000000000000,Gibson,051
GIBSON|PATOKA14,64,1.000000000000,Gibson,051
GIBSON|PATOKA15,64,1.000000000000,Gibson,051
GIBSON|PATOKA2,64,1.000000000000,Gibson,051
GIBSON|PATOKA3,64,1.000000000000,Gibson,051
GIBSON|PATOKA4,64,1.000000000000,Gibson,051
GIBSON|PATOKA5,64,1.000000000000,Gibson,051
GIBSON|PATOKA6,64,1.000000000000,Gibson,051
GIBSON|PATOKA7,64,1.000000000000,Gibson,051
GIBSON|PATOKA8,64,1.000000000000,Gibson,051
GIBSON|PATOKA9,64,1.000000000000,Gibson,051
GIBSON|UNION1,64,0.999965326340,Gibson,051
GIBSON|UNION1,75,0.000034673660,Gibson,051
GIBSON|UNION2,64,1.000000000000,Gibson,051
GIBSON|UNION3,64,0.999986868531,Gibson,051
GIBSON|UNION3,75,0.000013131469,Gibson,051
GIBSON|UNION4,64,1.000000000000,Gibson,051
GIBSON|WABASH1,64,0.999977802934,Gibson,051
GIBSON|WABASH1,76,0.000022197066,Gibson,051
GIBSON|WASHINGTON1,64,0.999862961093,Gibson,051
GIBSON|WASHINGTON1,75,0.000137038907,Gibson,051
GIBSON|WHITERIVER1,64,1.000000000000,Gibson,051
GIBSON|WHITERIVER2,64,1.000000000000,Gibson,051
GRANT|AIRPORT1MILLTWPNV,31,1.000000000000,Grant,053
GRANT|CENTER1,31,1.000000000000,Grant,053
GRANT|CENTER10,31,1.000000000000,Grant,053
GRANT|CENTER11,31,1.000000000000,Grant,053
GRANT|CENTER12,31,1.000000000000,Grant,053
GRANT|CENTER13,31,1.000000000000,Grant,053
GRANT|CENTER14,31,1.000000000000,Grant,053
GRANT|CENTER15,31,1.000000000000,Grant,053
GRANT|CENTER16,31,1.000000000000,Grant,053
GRANT|CENTER17,31,1.000000000000,Grant,053
GRANT|CENTER18,31,1.000000000000,Grant,053
GRANT|CENTER19,31,1.000000000000,Grant,053
GRANT|CENTER2,31,1.000000000000,Grant,053
GRANT|CENTER20,31,1.000000000000,Grant,053
GRANT|CENTER24,31,1.000000000000,Grant,053
GRANT|CENTER3,31,1.000000000000,Grant,053
GRANT|CENTER4,31,1.000000000000,Grant,053
GRANT|CENTER5,31,1.000000000000,Grant,053
GRANT|CENTER6,31,1.000000000000,Grant,053
GRANT|CENTER7,31,1.000000000000,Grant,053
GRANT|CENTER8,31,1.000000000000,Grant,053
GRANT|CENTER9,31,1.000000000000,Grant,053
GRANT|FAIRMOUNT1,31,1.000000000000,Grant,053
GRANT|FAIRMOUNT2,31,1.000000000000,Grant,053
GRANT|FAIRMOUNT3,31,0.999990183134,Grant,053
GRANT|FAIRMOUNT3,35,0.000009816866,Grant,053
GRANT|FAIRMOUNT4,31,1.000000000000,Grant,053
GRANT|FRANKLIN1,31,1.000000000000,Grant,053
GRANT|FRANKLIN2,31,1.000000000000,Grant,053
GRANT|FRANKLIN3,31,1.000000000000,Grant,053
GRANT|FRANKLIN4,30,0.000035732826,Grant,053
GRANT|FRANKLIN4,31,0.999964267174,Grant,053
GRANT|FRANKLIN5,31,1.000000000000,Grant,053
GRANT|FRANKLIN6,31,1.000000000000,Grant,053
GRANT|FRANKLIN7,31,1.000000000000,Grant,053
GRANT|GREEN,30,0.000071247053,Grant,053
GRANT|GREEN,31,0.999912703517,Grant,053
GRANT|GREEN,38,0.000016049430,Grant,053
GRANT|JEFFERSON1,31,0.999997626845,Grant,053
GRANT|JEFFERSON1,33,0.000002373155,Grant,053
GRANT|JEFFERSON2,31,0.999952381225,Grant,053
GRANT|JEFFERSON2,33,0.000024186363,Grant,053
GRANT|JEFFERSON2,35,0.000023432412,Grant,053
GRANT|JEFFERSON3,31,1.000000000000,Grant,053
GRANT|JEFFERSON4NV,31,1.000000000000,Grant,053
GRANT|LIBERTY,31,1.000000000000,Grant,053
GRANT|MILL1,31,1.000000000000,Grant,053
GRANT|MILL10,31,1.000000000000,Grant,053
GRANT|MILL11,31,1.000000000000,Grant,053
GRANT|MILL2,31,1.000000000000,Grant,053
GRANT|MILL3,31,1.000000000000,Grant,053
GRANT|MILL4,31,1.000000000000,Grant,053
GRANT|MILL5,31,1.000000000000,Grant,053
GRANT|MILL6,31,1.000000000000,Grant,053
GRANT|MILL7,31,1.000000000000,Grant,053
GRANT|MILL8,31,1.000000000000,Grant,053
GRANT|MILL9,31,1.000000000000,Grant,053
GRANT|MONROE1,31,0.999952155996,Grant,053
GRANT|MONROE1,33,0.000047844004,Grant,053
GRANT|PLEASANT1,31,0.999815019478,Grant,053
GRANT|PLEASANT1,50,0.000184980522,Grant,053
GRANT|PLEASANT2,31,1.000000000000,Grant,053
GRANT|PLEASANT3,31,1.000000000000,Grant,053
GRANT|PLEASANT4,31,1.000000000000,Grant,053
GRANT|PLEASANT5,31,1.000000000000,Grant,053
GRANT|PLEASANT6,31,1.000000000000,Grant,053
GRANT|PLEASANT7,31,1.000000000000,Grant,053
GRANT|RICHLAND,30,0.000027150825,Grant,053
GRANT|RICHLAND,31,0.999813249306,Grant,053
GRANT|RICHLAND,50,0.000159599868,Grant,053
GRANT|SIMS,30,0.999908154706,Grant,053
GRANT|SIMS,31,0.000091845294,Grant,053
GRANT|VANBUREN,31,0.999950294964,Grant,053
GRANT|VANBUREN,50,0.000049705036,Grant,053
GRANT|WASHINGTON1,31,0.999897590671,Grant,053
GRANT|WASHINGTON1,50,0.000102409329,Grant,053
GRANT|WASHINGTON2,31,1.000000000000,Grant,053
GRANT|WASHINGTON3,31,1.000000000000,Grant,053
GRANT|WASHINGTON4,31,1.000000000000,Grant,053
GREENE|BEECHCREEK1,45,0.999969340226,Greene,055
GREENE|BEECHCREEK1,46,0.000002558252,Greene,055
GREENE|BEECHCREEK1,62,0.000028101522,Greene,055
GREENE|BEECHCREEK2,45,0.999999987626,Greene,055
GREENE|BEECHCREEK2,62,0.000000012374,Greene,055
GREENE|CASS,45,1.000000000000,Greene,055
GREENE|CENTER1,45,1.000000000000,Greene,055
GREENE|CENTER2,45,0.999954191487,Greene,055
GREENE|CENTER2,62,0.000045808513,Greene,055
GREENE|FAIRPLAY,45,1.000000000000,Greene,055
GREENE|GRANT,45,1.000000000000,Greene,055
GREENE|HIGHLAND,45,0.999913801385,Greene,055
GREENE|HIGHLAND,46,0.000086198615,Greene,055
GREENE|JACKSON,45,0.999992297841,Greene,055
GREENE|JACKSON,63,0.000004837548,Greene,055
GREENE|JACKSON,65,0.000002864611,Greene,055
GREENE|JEFFERSON1,45,0.999971345988,Greene,055
GREENE|JEFFERSON1,46,0.000028654012,Greene,055
GREENE|JEFFERSON2,45,0.999904470567,Greene,055
GREENE|JEFFERSON2,46,0.000095529433,Greene,055
GREENE|RICHLAND1,45,1.000000000000,Greene,055
GREENE|RICHLAND2,45,1.000000000000,Greene,055
GREENE|RICHLAND3,45,1.000000000000,Greene,055
GREENE|RICHLAND4,45,1.000000000000,Greene,055
GREENE|SMITH,45,0.999956717176,Greene,055
GREENE|SMITH,46,0.000043282824,Greene,055
GREENE|STAFFORD,45,1.000000000000,Greene,055
GREENE|STOCKTON1,45,1.000000000000,Greene,055
GREENE|STOCKTON2,45,1.000000000000,Greene,055
GREENE|STOCKTON3,45,1.000000000000,Greene,055
GREENE|STOCKTON4,45,1.000000000000,Greene,055
GREENE|STOCKTON5,45,1.000000000000,Greene,055
GREENE|STOCKTON6,45,1.000000000000,Greene,055
GREENE|STOCKTON7,45,1.000000000000,Greene,055
GREENE|TAYLOR,45,0.999999310662,Greene,055
GREENE|TAYLOR,63,0.000000689338,Greene,055
GREENE|WASHINGTON1,45,1.000000000000,Greene,055
GREENE|WASHINGTON2,45,1.000000000000,Greene,055
GREENE|WRIGHT1,45,0.999994477920,Greene,055
GREENE|WRIGHT1,46,0.000005522080,Greene,055
GREENE|WRIGHT2,45,1.000000000000,Greene,055
GREENE|WRIGHT3,45,1.000000000000,Greene,055
GREENE|WRIGHT4,45,0.999998358676,Greene,055
GREENE|WRIGHT4,46,0.000001641324,Greene,055
GREENE|WRIGHT5,45,1.000000000000,Greene,055
HAMILTON|ARBORS,39,1.000000000000,Hamilton,057
HAMILTON|ARCADIA,24,0.000002779287,Hamilton,057
HAMILTON|ARCADIA,37,0.999997220713,Hamilton,057
HAMILTON|AROMA,35,0.000064811646,Hamilton,057
HAMILTON|AROMA,37,0.999871649231,Hamilton,057
HAMILTON|AROMA,38,0.000063539123,Hamilton,057
HAMILTON|ATLANTA,24,0.000001106855,Hamilton,057
HAMILTON|ATLANTA,37,0.999951998838,Hamilton,057
HAMILTON|ATLANTA,38,0.000046894307,Hamilton,057
HAMILTON|AVIAN,39,1.000000000000,Hamilton,057
HAMILTON|BAKERSCORNER,24,0.999773812829,Hamilton,057
HAMILTON|BAKERSCORNER,37,0.000226187171,Hamilton,057
HAMILTON|BAYHILL,32,0.000047120834,Hamilton,057
HAMILTON|BAYHILL,39,0.999952879166,Hamilton,057
HAMILTON|BLUECREEK,32,1.000000000000,Hamilton,057
HAMILTON|BOXLEY,24,0.999915064240,Hamilton,057
HAMILTON|BOXLEY,37,0.000035107400,Hamilton,057
HAMILTON|BOXLEY,38,0.000049828360,Hamilton,057
HAMILTON|BRENTWOOD,39,1.000000000000,Hamilton,057
HAMILTON|BRIARCREEK,32,1.000000000000,Hamilton,057
HAMILTON|BROOKFIELDCROSSING,39,1.000000000000,Hamilton,057
HAMILTON|BROOKSHIRE,39,1.000000000000,Hamilton,057
HAMILTON|CARMELMEADOWS,39,1.000000000000,Hamilton,057
HAMILTON|CENTENNIAL1,24,0.000011367900,Hamilton,057
HAMILTON|CENTENNIAL1,39,0.999988632100,Hamilton,057
HAMILTON|CENTENNIAL2,39,1.000000000000,Hamilton,057
HAMILTON|CHERRYTREE,39,1.000000000000,Hamilton,057
HAMILTON|CHESWICK,24,0.000012441541,Hamilton,057
HAMILTON|CHESWICK,39,0.999987558459,Hamilton,057
HAMILTON|CLAYCENTER1,24,0.999787038944,Hamilton,057
HAMILTON|CLAYCENTER1,39,0.000212961056,Hamilton,057
HAMILTON|CLAYCENTER2,24,0.000257917875,Hamilton,057
HAMILTON|CLAYCENTER2,32,0.000018746088,Hamilton,057
HAMILTON|CLAYCENTER2,39,0.999723336037,Hamilton,057
HAMILTON|CLAYCENTER3,24,0.999695139451,Hamilton,057
HAMILTON|CLAYCENTER3,25,0.000304860549,Hamilton,057
HAMILTON|CLAYNORTHEAST,29,0.000286995064,Hamilton,057
HAMILTON|CLAYNORTHEAST,32,0.000223232763,Hamilton,057
HAMILTON|CLAYNORTHEAST,39,0.999489772173,Hamilton,057
HAMILTON|CLAYNORTHWEST1,24,0.999978372492,Hamilton,057
HAMILTON|CLAYNORTHWEST1,25,0.000021627508,Hamilton,057
HAMILTON|CLAYNORTHWEST2,24,1.000000000000,Hamilton,057
HAMILTON|CLAYNORTHWEST3,24,0.999963698956,Hamilton,057
HAMILTON|CLAYNORTHWEST3,25,0.000036301044,Hamilton,057
HAMILTON|CLAYSOUTHWEST1,24,0.999835557884,Hamilton,057
HAMILTON|CLAYSOUTHWEST1,25,0.000009078433,Hamilton,057
HAMILTON|CLAYSOUTHWEST1,32,0.000075369143,Hamilton,057
HAMILTON|CLAYSOUTHWEST1,86,0.000079994540,Hamilton,057
HAMILTON|CLAYSOUTHWEST2,24,0.999968016200,Hamilton,057
HAMILTON|CLAYSOUTHWEST2,32,0.000031983800,Hamilton,057
HAMILTON|CLAYSOUTHWEST3,24,0.000128438125,Hamilton,057
HAMILTON|CLAYSOUTHWEST3,32,0.999778234055,Hamilton,057
HAMILTON|CLAYSOUTHWEST3,86,0.000093327820,Hamilton,057
HAMILTON|COLLEGE,32,1.000000000000,Hamilton,057
HAMILTON|COOLCREEKNORTH,39,1.000000000000,Hamilton,057
HAMILTON|COOLCREEKSOUTH,39,1.000000000000,Hamilton,057
HAMILTON|COPPERWOOD,39,1.000000000000,Hamilton,057
HAMILTON|COXHALL,24,0.999947996902,Hamilton,057
HAMILTON|COXHALL,32,0.000035793853,Hamilton,057
HAMILTON|COXHALL,39,0.000016209245,Hamilton,057
HAMILTON|CROOKEDSTICK,24,0.999712631451,Hamilton,057
HAMILTON|CROOKEDSTICK,32,0.000287368549,Hamilton,057
HAMILTON|DANIELWARREN,39,1.000000000000,Hamilton,057
HAMILTON|DELAWARE1,32,1.000000000000,Hamilton,057
HAMILTON|DELAWARE10,32,0.998805722505,Hamilton,057
HAMILTON|DELAWARE10,37,0.001194277495,Hamilton,057
HAMILTON|DELAWARE12,32,1.000000000000,Hamilton,057
HAMILTON|DELAWARE13,32,1.000000000000,Hamilton,057
HAMILTON|DELAWARE14,32,1.000000000000,Hamilton,057
HAMILTON|DELAWARE15,32,0.999960823268,Hamilton,057
HAMILTON|DELAWARE15,87,0.000035218676,Hamilton,057
HAMILTON|DELAWARE15,88,0.000003958055,Hamilton,057
HAMILTON|DELAWARE16,32,0.999918625227,Hamilton,057
HAMILTON|DELAWARE16,87,0.000081374773,Hamilton,057
HAMILTON|DELAWARE17,29,0.000217557909,Hamilton,057
HAMILTON|DELAWARE17,32,0.999782442091,Hamilton,057
HAMILTON|DELAWARE18,32,1.000000000000,Hamilton,057
HAMILTON|DELAWARE19,32,0.999982168822,Hamilton,057
HAMILTON|DELAWARE19,37,0.000017831178,Hamilton,057
HAMILTON|DELAWARE2,29,0.000821135804,Hamilton,057
HAMILTON|DELAWARE2,32,0.999178864196,Hamilton,057
HAMILTON|DELAWARE20,32,1.000000000000,Hamilton,057
HAMILTON|DELAWARE21,32,0.999994224057,Hamilton,057
HAMILTON|DELAWARE21,87,0.000005775943,Hamilton,057
HAMILTON|DELAWARE22,32,0.997528195391,Hamilton,057
HAMILTON|DELAWARE22,39,0.002471804609,Hamilton,057
HAMILTON|DELAWARE23,29,0.000016542301,Hamilton,057
HAMILTON|DELAWARE23,32,0.999983457699,Hamilton,057
HAMILTON|DELAWARE24,32,0.999764690445,Hamilton,057
HAMILTON|DELAWARE24,87,0.000235309555,Hamilton,057
HAMILTON|DELAWARE25,32,0.999978574650,Hamilton,057
HAMILTON|DELAWARE25,87,0.000000660604,Hamilton,057
HAMILTON|DELAWARE25,88,0.000020764746,Hamilton,057
HAMILTON|DELAWARE3,32,1.000000000000,Hamilton,057
HAMILTON|DELAWARE4,32,1.000000000000,Hamilton,057
HAMILTON|DELAWARE5,32,1.000000000000,Hamilton,057
HAMILTON|DELAWARE6,32,1.000000000000,Hamilton,057
HAMILTON|DELAWARE7,32,1.000000000000,Hamilton,057
HAMILTON|DELAWARE8,32,0.998427190688,Hamilton,057
HAMILTON|DELAWARE8,39,0.001572809312,Hamilton,057
HAMILTON|DELAWARE9,32,1.000000000000,Hamilton,057
HAMILTON|DEMING,24,0.000120059385,Hamilton,057
HAMILTON|DEMING,29,0.000000136576,Hamilton,057
HAMILTON|DEMING,37,0.999879804039,Hamilton,057
HAMILTON|EAGLETOWN,24,0.999999013760,Hamilton,057
HAMILTON|EAGLETOWN,39,0.000000986240,Hamilton,057
HAMILTON|EASTWASHINGTON,24,0.999998929301,Hamilton,057
HAMILTON|EASTWASHINGTON,29,0.000001070699,Hamilton,057
HAMILTON|EASTWAYNEWAYNE1,35,0.000039153244,Hamilton,057
HAMILTON|EASTWAYNEWAYNE1,37,0.999954404542,Hamilton,057
HAMILTON|EASTWAYNEWAYNE1,88,0.000006442214,Hamilton,057
HAMILTON|EDENBROOK,32,0.000260257944,Hamilton,057
HAMILTON|EDENBROOK,39,0.999739742056,Hamilton,057
HAMILTON|FALLCREEK1,37,1.000000000000,Hamilton,057
HAMILTON|FALLCREEK10,37,0.999858854930,Hamilton,057
HAMILTON|FALLCREEK10,88,0.000141145070,Hamilton,057
HAMILTON|FALLCREEK11,37,0.000331437512,Hamilton,057
HAMILTON|FALLCREEK11,88,0.999668562488,Hamilton,057
HAMILTON|FALLCREEK12,37,1.000000000000,Hamilton,057
HAMILTON|FALLCREEK13,37,0.999979122078,Hamilton,057
HAMILTON|FALLCREEK13,88,0.000020877922,Hamilton,057
HAMILTON|FALLCREEK14,29,0.999995250882,Hamilton,057
HAMILTON|FALLCREEK14,32,0.000003313338,Hamilton,057
HAMILTON|FALLCREEK14,37,0.000001435780,Hamilton,057
HAMILTON|FALLCREEK15,88,1.000000000000,Hamilton,057
HAMILTON|FALLCREEK16,29,0.992863860449,Hamilton,057
HAMILTON|FALLCREEK16,32,0.007103409997,Hamilton,057
HAMILTON|FALLCREEK16,37,0.000032729554,Hamilton,057
HAMILTON|FALLCREEK17,29,0.006479416596,Hamilton,057
HAMILTON|FALLCREEK17,32,0.991330429266,Hamilton,057
HAMILTON|FALLCREEK17,37,0.002190154138,Hamilton,057
HAMILTON|FALLCREEK18,32,0.999798911041,Hamilton,057
HAMILTON|FALLCREEK18,37,0.000201088959,Hamilton,057
HAMILTON|FALLCREEK19,37,1.000000000000,Hamilton,057
HAMILTON|FALLCREEK2,29,0.000018614571,Hamilton,057
HAMILTON|FALLCREEK2,37,0.999981385429,Hamilton,057
HAMILTON|FALLCREEK20,37,1.000000000000,Hamilton,057
HAMILTON|FALLCREEK21,88,1.000000000000,Hamilton,057
HAMILTON|FALLCREEK22,37,0.011184572528,Hamilton,057
HAMILTON|FALLCREEK22,88,0.988815427472,Hamilton,057
HAMILTON|FALLCREEK23,37,0.997128246639,Hamilton,057
HAMILTON|FALLCREEK23,88,0.002871753361,Hamilton,057
HAMILTON|FALLCREEK24,37,1.000000000000,Hamilton,057
HAMILTON|FALLCREEK25,32,0.000209561603,Hamilton,057
HAMILTON|FALLCREEK25,37,0.999790438397,Hamilton,057
HAMILTON|FALLCREEK26,37,0.001502366186,Hamilton,057
HAMILTON|FALLCREEK26,88,0.998497633814,Hamilton,057
HAMILTON|FALLCREEK27,37,0.999179188957,Hamilton,057
HAMILTON|FALLCREEK27,88,0.000820811043,Hamilton,057
HAMILTON|FALLCREEK28,37,1.000000000000,Hamilton,057
HAMILTON|FALLCREEK29,32,0.000463098511,Hamilton,057
HAMILTON|FALLCREEK29,37,0.000164632975,Hamilton,057
HAMILTON|FALLCREEK29,88,0.999372268514,Hamilton,057
HAMILTON|FALLCREEK3,37,0.000028591538,Hamilton,057
HAMILTON|FALLCREEK3,88,0.999971408462,Hamilton,057
HAMILTON|FALLCREEK30,32,0.005720641746,Hamilton,057
HAMILTON|FALLCREEK30,37,0.994279358254,Hamilton,057
HAMILTON|FALLCREEK31,37,1.000000000000,Hamilton,057
HAMILTON|FALLCREEK32,32,0.000596386366,Hamilton,057
HAMILTON|FALLCREEK32,37,0.999403613634,Hamilton,057
HAMILTON|FALLCREEK33,37,0.999984703833,Hamilton,057
HAMILTON|FALLCREEK33,88,0.000015296167,Hamilton,057
HAMILTON|FALLCREEK34,37,0.999465638790,Hamilton,057
HAMILTON|FALLCREEK34,88,0.000534361210,Hamilton,057
HAMILTON|FALLCREEK35,37,0.001211048071,Hamilton,057
HAMILTON|FALLCREEK35,88,0.998788951929,Hamilton,057
HAMILTON|FALLCREEK36,29,0.999956115862,Hamilton,057
HAMILTON|FALLCREEK36,32,0.000043884138,Hamilton,057
HAMILTON|FALLCREEK37,37,0.999917380986,Hamilton,057
HAMILTON|FALLCREEK37,88,0.000082619014,Hamilton,057
HAMILTON|FALLCREEK38,88,1.000000000000,Hamilton,057
HAMILTON|FALLCREEK39,32,0.000000710188,Hamilton,057
HAMILTON|FALLCREEK39,37,0.999883905030,Hamilton,057
HAMILTON|FALLCREEK39,88,0.000115384782,Hamilton,057
HAMILTON|FALLCREEK4,88,1.000000000000,Hamilton,057
HAMILTON|FALLCREEK40,29,0.000002609770,Hamilton,057
HAMILTON|FALLCREEK40,32,0.080668714349,Hamilton,057
HAMILTON|FALLCREEK40,37,0.919328675881,Hamilton,057
HAMILTON|FALLCREEK41,88,1.000000000000,Hamilton,057
HAMILTON|FALLCREEK42,37,1.000000000000,Hamilton,057
HAMILTON|FALLCREEK5,37,1.000000000000,Hamilton,057
HAMILTON|FALLCREEK6,32,0.000171306820,Hamilton,057
HAMILTON|FALLCREEK6,37,0.999828693180,Hamilton,057
HAMILTON|FALLCREEK7,32,0.000005320344,Hamilton,057
HAMILTON|FALLCREEK7,37,0.999994679656,Hamilton,057
HAMILTON|FALLCREEK8,32,0.000156499592,Hamilton,057
HAMILTON|FALLCREEK8,37,0.999842376519,Hamilton,057
HAMILTON|FALLCREEK8,88,0.000001123889,Hamilton,057
HAMILTON|FALLCREEK9,37,0.000171004458,Hamilton,057
HAMILTON|FALLCREEK9,88,0.999828995542,Hamilton,057
HAMILTON|GREENSPRINGS,32,0.999982213076,Hamilton,057
HAMILTON|GREENSPRINGS,39,0.000017786924,Hamilton,057
HAMILTON|GUILFORD1,39,1.000000000000,Hamilton,057
HAMILTON|GUILFORD2,32,0.000224769367,Hamilton,057
HAMILTON|GUILFORD2,39,0.999775230633,Hamilton,057
HAMILTON|GUILFORD3,32,0.999233670072,Hamilton,057
HAMILTON|GUILFORD3,39,0.000766329928,Hamilton,057
HAMILTON|HAZELDELL,39,1.000000000000,Hamilton,057
HAMILTON|HOLADAY1,32,1.000000000000,Hamilton,057
HAMILTON|HOLADAY2,32,1.000000000000,Hamilton,057
HAMILTON|HORTON,24,0.999948998227,Hamilton,057
HAMILTON|HORTON,29,0.000043048818,Hamilton,057
HAMILTON|HORTON,37,0.000007952955,Hamilton,057
HAMILTON|HUNTERSCREEK,39,1.000000000000,Hamilton,057
HAMILTON|HUNTERSTRACE,32,0.000000444492,Hamilton,057
HAMILTON|HUNTERSTRACE,39,0.999999555508,Hamilton,057
HAMILTON|JOHNSONACRES,39,1.000000000000,Hamilton,057
HAMILTON|JOLIET,24,1.000000000000,Hamilton,057
HAMILTON|KEYSTONE,32,0.999983867776,Hamilton,057
HAMILTON|KEYSTONE,39,0.000016132224,Hamilton,057
HAMILTON|KINGSBOROUGH,24,0.000019710461,Hamilton,057
HAMILTON|KINGSBOROUGH,39,0.999980289539,Hamilton,057
HAMILTON|KINGSWOOD1,32,0.999995528095,Hamilton,057
HAMILTON|KINGSWOOD1,39,0.000004471905,Hamilton,057
HAMILTON|KINGSWOOD2,32,0.999991237602,Hamilton,057
HAMILTON|KINGSWOOD2,39,0.000008762398,Hamilton,057
HAMILTON|LADYHAMILTON,32,1.000000000000,Hamilton,057
HAMILTON|LEXINGTON,32,0.999998704667,Hamilton,057
HAMILTON|LEXINGTON,39,0.000001295333,Hamilton,057
HAMILTON|MOHAWKHILLS,39,1.000000000000,Hamilton,057
HAMILTON|MORSE1NV,29,1.000000000000,Hamilton,057
HAMILTON|MORSE2NV,29,0.000014686825,Hamilton,057
HAMILTON|MORSE2NV,37,0.999985313175,Hamilton,057
HAMILTON|MORSE3NV,37,1.000000000000,Hamilton,057
HAMILTON|MOUNTCARMEL1,39,1.000000000000,Hamilton,057
HAMILTON|MOUNTCARMEL2,39,1.000000000000,Hamilton,057
HAMILTON|NOBLESVILLE1,29,0.999995255689,Hamilton,057
HAMILTON|NOBLESVILLE1,37,0.000004744311,Hamilton,057
HAMILTON|NOBLESVILLE10,29,1.000000000000,Hamilton,057
HAMILTON|NOBLESVILLE11,29,1.000000000000,Hamilton,057
HAMILTON|NOBLESVILLE12,29,1.000000000000,Hamilton,057
HAMILTON|NOBLESVILLE13,29,1.000000000000,Hamilton,057
HAMILTON|NOBLESVILLE14,29,1.000000000000,Hamilton,057
HAMILTON|NOBLESVILLE15,29,1.000000000000,Hamilton,057
HAMILTON|NOBLESVILLE16,29,1.000000000000,Hamilton,057
HAMILTON|NOBLESVILLE17,29,1.000000000000,Hamilton,057
HAMILTON|NOBLESVILLE18,29,0.999943448377,Hamilton,057
HAMILTON|NOBLESVILLE18,37,0.000056551623,Hamilton,057
HAMILTON|NOBLESVILLE19,29,0.999958985493,Hamilton,057
HAMILTON|NOBLESVILLE19,37,0.000041014507,Hamilton,057
HAMILTON|NOBLESVILLE2,24,0.000089765314,Hamilton,057
HAMILTON|NOBLESVILLE2,29,0.999893216885,Hamilton,057
HAMILTON|NOBLESVILLE2,37,0.000017017802,Hamilton,057
HAMILTON|NOBLESVILLE20,29,1.000000000000,Hamilton,057
HAMILTON|NOBLESVILLE21,29,0.999991650986,Hamilton,057
HAMILTON|NOBLESVILLE21,32,0.000008349014,Hamilton,057
HAMILTON|NOBLESVILLE22,29,1.000000000000,Hamilton,057
HAMILTON|NOBLESVILLE23,29,0.999952427290,Hamilton,057
HAMILTON|NOBLESVILLE23,37,0.000047572710,Hamilton,057
HAMILTON|NOBLESVILLE24,29,1.000000000000,Hamilton,057
HAMILTON|NOBLESVILLE25,29,0.999829489091,Hamilton,057
HAMILTON|NOBLESVILLE25,37,0.000170510909,Hamilton,057
HAMILTON|NOBLESVILLE26,29,1.000000000000,Hamilton,057
HAMILTON|NOBLESVILLE27,24,0.000003745451,Hamilton,057
HAMILTON|NOBLESVILLE27,29,0.999996254549,Hamilton,057
HAMILTON|NOBLESVILLE28,29,1.000000000000,Hamilton,057
HAMILTON|NOBLESVILLE29,29,1.000000000000,Hamilton,057
HAMILTON|NOBLESVILLE3,24,0.000024335208,Hamilton,057
HAMILTON|NOBLESVILLE3,29,0.999870222921,Hamilton,057
HAMILTON|NOBLESVILLE3,32,0.000004184996,Hamilton,057
HAMILTON|NOBLESVILLE3,39,0.000101256876,Hamilton,057
HAMILTON|NOBLESVILLE30,24,0.000004387796,Hamilton,057
HAMILTON|NOBLESVILLE30,29,0.999995612204,Hamilton,057
HAMILTON|NOBLESVILLE31,29,1.000000000000,Hamilton,057
HAMILTON|NOBLESVILLE32,29,0.999958870650,Hamilton,057
HAMILTON|NOBLESVILLE32,37,0.000041129350,Hamilton,057
HAMILTON|NOBLESVILLE33,29,0.999740626416,Hamilton,057
HAMILTON|NOBLESVILLE33,39,0.000259373584,Hamilton,057
HAMILTON|NOBLESVILLE34,29,1.000000000000,Hamilton,057
HAMILTON|NOBLESVILLE36,29,1.000000000000,Hamilton,057
HAMILTON|NOBLESVILLE37,29,1.000000000000,Hamilton,057
HAMILTON|NOBLESVILLE38,29,0.999995084062,Hamilton,057
HAMILTON|NOBLESVILLE38,37,0.000004915938,Hamilton,057
HAMILTON|NOBLESVILLE39,29,0.999844810319,Hamilton,057
HAMILTON|NOBLESVILLE39,37,0.000155189681,Hamilton,057
HAMILTON|NOBLESVILLE4,29,0.999977891919,Hamilton,057
HAMILTON|NOBLESVILLE4,37,0.000022108081,Hamilton,057
HAMILTON|NOBLESVILLE40,29,1.000000000000,Hamilton,057
HAMILTON|NOBLESVILLE41,29,1.000000000000,Hamilton,057
HAMILTON|NOBLESVILLE5,29,1.000000000000,Hamilton,057
HAMILTON|NOBLESVILLE6,29,1.000000000000,Hamilton,057
HAMILTON|NOBLESVILLE7,29,1.000000000000,Hamilton,057
HAMILTON|NOBLESVILLE8,29,1.000000000000,Hamilton,057
HAMILTON|NOBLESVILLE9,29,1.000000000000,Hamilton,057
HAMILTON|NORTHCICERO,37,1.000000000000,Hamilton,057
HAMILTON|NORTHRIDGE,32,0.999975277277,Hamilton,057
HAMILTON|NORTHRIDGE,86,0.000024722723,Hamilton,057
HAMILTON|OAKRIDGE1,24,1.000000000000,Hamilton,057
HAMILTON|OAKRIDGE2,24,1.000000000000,Hamilton,057
HAMILTON|OAKRIDGE3,24,0.999967953815,Hamilton,057
HAMILTON|OAKRIDGE3,39,0.000032046185,Hamilton,057
HAMILTON|OMEGA,37,0.999999783538,Hamilton,057
HAMILTON|OMEGA,38,0.000000216462,Hamilton,057
HAMILTON|ORCHARDPARK,32,1.000000000000,Hamilton,057
HAMILTON|PLEASANTGROVE,32,0.999996881962,Hamilton,057
HAMILTON|PLEASANTGROVE,39,0.000003118038,Hamilton,057
HAMILTON|PRAIRIEVIEW,32,0.001782665360,Hamilton,057
HAMILTON|PRAIRIEVIEW,39,0.998217334640,Hamilton,057
HAMILTON|RANGELINE,39,1.000000000000,Hamilton,057
HAMILTON|RICHLAND,39,1.000000000000,Hamilton,057
HAMILTON|SADDLECREEK,24,0.999905923698,Hamilton,057
HAMILTON|SADDLECREEK,39,0.000094076302,Hamilton,057
HAMILTON|SHERIDAN1,24,0.999954211131,Hamilton,057
HAMILTON|SHERIDAN1,38,0.000002206567,Hamilton,057
HAMILTON|SHERIDAN1,41,0.000043582302,Hamilton,057
HAMILTON|SHERIDAN2,24,0.999979736651,Hamilton,057
HAMILTON|SHERIDAN2,38,0.000020263349,Hamilton,057
HAMILTON|SHERIDAN4,24,1.000000000000,Hamilton,057
HAMILTON|SOUTHCICERO,37,1.000000000000,Hamilton,057
HAMILTON|SOUTHEASTARCADIA,37,1.000000000000,Hamilton,057
HAMILTON|SOUTHEASTCICERO,29,0.000054868547,Hamilton,057
HAMILTON|SOUTHEASTCICERO,37,0.999945131453,Hamilton,057
HAMILTON|SOUTHWESTCICERO,37,1.000000000000,Hamilton,057
HAMILTON|SPRINGFARMS,24,0.000007731287,Hamilton,057
HAMILTON|SPRINGFARMS,39,0.999992268713,Hamilton,057
HAMILTON|SPRINGMILL1,24,0.000031848012,Hamilton,057
HAMILTON|SPRINGMILL1,32,0.999931345708,Hamilton,057
HAMILTON|SPRINGMILL1,86,0.000036806280,Hamilton,057
HAMILTON|SPRINGMILL2,24,0.000001407595,Hamilton,057
HAMILTON|SPRINGMILL2,32,0.999926623273,Hamilton,057
HAMILTON|SPRINGMILL2,39,0.000005037085,Hamilton,057
HAMILTON|SPRINGMILL2,86,0.000066932047,Hamilton,057
HAMILTON|SPRINGMILLPONDS,39,1.000000000000,Hamilton,057
HAMILTON|STONEHEDGE1,39,1.000000000000,Hamilton,057
HAMILTON|STONEHEDGE2,39,1.000000000000,Hamilton,057
HAMILTON|STONEWICK,32,0.000142199130,Hamilton,057
HAMILTON|STONEWICK,39,0.999857800870,Hamilton,057
HAMILTON|STRAWTOWN,29,0.000022954435,Hamilton,057
HAMILTON|STRAWTOWN,35,0.000023079424,Hamilton,057
HAMILTON|STRAWTOWN,37,0.999953966141,Hamilton,057
HAMILTON|THEVILLAGE,39,1.000000000000,Hamilton,057
HAMILTON|THISTLEWOOD,39,1.000000000000,Hamilton,057
HAMILTON|VILLAGEFARMS1,39,1.000000000000,Hamilton,057
HAMILTON|VILLAGEFARMS2,39,1.000000000000,Hamilton,057
HAMILTON|VILLAGEFARMS3,24,0.000027820915,Hamilton,057
HAMILTON|VILLAGEFARMS3,39,0.999972179085,Hamilton,057
HAMILTON|WATERFORD,39,1.000000000000,Hamilton,057
HAMILTON|WAYNE3,29,0.000043115617,Hamilton,057
HAMILTON|WAYNE3,37,0.999956884383,Hamilton,057
HAMILTON|WAYNE4,37,1.000000000000,Hamilton,057
HAMILTON|WAYNE5,29,0.000050063123,Hamilton,057
HAMILTON|WAYNE5,37,0.999949936877,Hamilton,057
HAMILTON|WAYNE6NV,37,1.000000000000,Hamilton,057
HAMILTON|WESTFIELD1,24,1.000000000000,Hamilton,057
HAMILTON|WESTFIELD11,24,0.000006024708,Hamilton,057
HAMILTON|WESTFIELD11,39,0.999993975292,Hamilton,057
HAMILTON|WESTFIELD13,24,0.000002161252,Hamilton,057
HAMILTON|WESTFIELD13,29,0.000130984671,Hamilton,057
HAMILTON|WESTFIELD13,39,0.999866854077,Hamilton,057
HAMILTON|WESTFIELD15,24,0.999998886544,Hamilton,057
HAMILTON|WESTFIELD15,29,0.000001113456,Hamilton,057
HAMILTON|WESTFIELD16,24,0.999513055938,Hamilton,057
HAMILTON|WESTFIELD16,39,0.000486944062,Hamilton,057
HAMILTON|WESTFIELD17,24,1.000000000000,Hamilton,057
HAMILTON|WESTFIELD2,24,1.000000000000,Hamilton,057
HAMILTON|WESTFIELD21,24,0.999798410116,Hamilton,057
HAMILTON|WESTFIELD21,29,0.000063451058,Hamilton,057
HAMILTON|WESTFIELD21,39,0.000138138827,Hamilton,057
HAMILTON|WESTFIELD23,39,1.000000000000,Hamilton,057
HAMILTON|WESTFIELD24,29,0.000006002990,Hamilton,057
HAMILTON|WESTFIELD24,39,0.999993997010,Hamilton,057
HAMILTON|WESTFIELD25,24,1.000000000000,Hamilton,057
HAMILTON|WESTFIELD27,24,0.999814879859,Hamilton,057
HAMILTON|WESTFIELD27,39,0.000185120141,Hamilton,057
HAMILTON|WESTFIELD8,24,0.999921630948,Hamilton,057
HAMILTON|WESTFIELD8,39,0.000078369052,Hamilton,057
HAMILTON|WESTWAYNEWAYNE2,29,0.000008524641,Hamilton,057
HAMILTON|WESTWAYNEWAYNE2,37,0.999991475359,Hamilton,057
HAMILTON|WHITECHAPEL,32,0.000453263227,Hamilton,057
HAMILTON|WHITECHAPEL,39,0.999546736773,Hamilton,057
HAMILTON|WOODFIELD,29,0.000057155367,Hamilton,057
HAMILTON|WOODFIELD,39,0.999942844633,Hamilton,057
HAMILTON|WOODGATE,39,1.000000000000,Hamilton,057
HAMILTON|WOODLAND,32,0.999967411738,Hamilton,057
HAMILTON|WOODLAND,39,0.000032588262,Hamilton,057
HANCOCK|BC1,53,0.999896750086,Hancock,059
HANCOCK|BC1,88,0.000103249914,Hancock,059
HANCOCK|BC2N,88,0.999994217520,Hancock,059
HANCOCK|BC2N,95,0.000005782480,Hancock,059
HANCOCK|BC2S,53,0.000011903570,Hancock,059
HANCOCK|BC2S,88,0.999968145151,Hancock,059
HANCOCK|BC2S,95,0.000011954881,Hancock,059
HANCOCK|BC2S,98,0.000007996398,Hancock,059
HANCOCK|BC3,88,1.000000000000,Hancock,059
HANCOCK|BC4,53,0.000122877497,Hancock,059
HANCOCK|BC4,88,0.999877122503,Hancock,059
HANCOCK|BC5,53,0.000013447130,Hancock,059
HANCOCK|BC5,88,0.999911748892,Hancock,059
HANCOCK|BC5,89,0.000073448244,Hancock,059
HANCOCK|BC5,98,0.000001355735,Hancock,059
HANCOCK|BN1,36,0.000030249136,Hancock,059
HANCOCK|BN1,53,0.999969750864,Hancock,059
HANCOCK|BN2,36,0.000021500526,Hancock,059
HANCOCK|BN2,53,0.999874969134,Hancock,059
HANCOCK|BN2,54,0.000103530341,Hancock,059
HANCOCK|BR1,53,0.000117511498,Hancock,059
HANCOCK|BR1,54,0.999882488502,Hancock,059
HANCOCK|BW1E,47,0.000012195242,Hancock,059
HANCOCK|BW1E,53,0.999981478008,Hancock,059
HANCOCK|BW1E,54,0.000006326750,Hancock,059
HANCOCK|BW1W,53,1.000000000000,Hancock,059
HANCOCK|C1,53,0.999983731932,Hancock,059
HANCOCK|C1,88,0.000016268068,Hancock,059
HANCOCK|C2,53,0.000371917114,Hancock,059
HANCOCK|C2,88,0.999628082886,Hancock,059
HANCOCK|C3,53,0.999944743035,Hancock,059
HANCOCK|C3,88,0.000055256965,Hancock,059
HANCOCK|C4,53,0.999945780598,Hancock,059
HANCOCK|C4,54,0.000054219402,Hancock,059
HANCOCK|F1,88,1.000000000000,Hancock,059
HANCOCK|F2,88,1.000000000000,Hancock,059
HANCOCK|G1EAST,53,1.000000000000,Hancock,059
HANCOCK|G1NORTH,53,1.000000000000,Hancock,059
HANCOCK|G1SOUTH,53,1.000000000000,Hancock,059
HANCOCK|G2NORTH,53,1.000000000000,Hancock,059
HANCOCK|G2SOUTH,53,1.000000000000,Hancock,059
HANCOCK|G3CENTRAL,53,1.000000000000,Hancock,059
HANCOCK|G3NORTH,53,0.998823068203,Hancock,059
HANCOCK|G3NORTH,88,0.001176931797,Hancock,059
HANCOCK|G3NORTHEAST,53,1.000000000000,Hancock,059
HANCOCK|G4CENTRAL,53,1.000000000000,Hancock,059
HANCOCK|G4EAST,53,1.000000000000,Hancock,059
HANCOCK|G4WEST,53,1.000000000000,Hancock,059
HANCOCK|G5NORTH,53,1.000000000000,Hancock,059
HANCOCK|G5SOUTH,53,1.000000000000,Hancock,059
HANCOCK|GN1,53,0.999908603379,Hancock,059
HANCOCK|GN1,88,0.000091396621,Hancock,059
HANCOCK|J1,53,0.999982411905,Hancock,059
HANCOCK|J1,54,0.000017588095,Hancock,059
HANCOCK|M1,88,1.000000000000,Hancock,059
HANCOCK|M1SOUTHEAST,88,1.000000000000,Hancock,059
HANCOCK|M2,88,0.999973669012,Hancock,059
HANCOCK|M2,95,0.000026330988,Hancock,059
HANCOCK|NV1NV,53,0.993461166847,Hancock,059
HANCOCK|NV1NV,88,0.006538833153,Hancock,059
HANCOCK|NV2NV,53,1.000000000000,Hancock,059
HANCOCK|NV3NV,88,1.000000000000,Hancock,059
HANCOCK|SC1E,47,0.000041372909,Hancock,059
HANCOCK|SC1E,53,0.999958627091,Hancock,059
HANCOCK|SC1W,47,0.000027782677,Hancock,059
HANCOCK|SC1W,53,0.999829633570,Hancock,059
HANCOCK|SC1W,89,0.000003578313,Hancock,059
HANCOCK|SC1W,90,0.000139005440,Hancock,059
HANCOCK|SC2,53,1.000000000000,Hancock,059
HANCOCK|SC3,53,1.000000000000,Hancock,059
HANCOCK|SC4,53,1.000000000000,Hancock,059
HANCOCK|SC5,47,0.000060590064,Hancock,059
HANCOCK|SC5,53,0.999939409936,Hancock,059
HANCOCK|SC6,53,0.999909367379,Hancock,059
HANCOCK|SC6,88,0.000005843110,Hancock,059
HANCOCK|SC6,89,0.000084789512,Hancock,059
HANCOCK|SC7,53,1.000000000000,Hancock,059
HANCOCK|SC8,53,0.999999448743,Hancock,059
HANCOCK|SC8,88,0.000000551257,Hancock,059
HANCOCK|SC9,53,0.999988406578,Hancock,059
HANCOCK|SC9,89,0.000011593422,Hancock,059
HANCOCK|V1,53,0.000047974660,Hancock,059
HANCOCK|V1,88,0.999951704647,Hancock,059
HANCOCK|V1,95,0.000000320693,Hancock,059
HANCOCK|V1NORTHWEST,88,1.000000000000,Hancock,059
HARRISON|BLUERIVERNORTH,70,0.999214389311,Harrison,061
HARRISON|BLUERIVERNORTH,74,0.000785610689,Harrison,061
HARRISON|BLUERIVERSOUTH,70,0.999229183240,Harrison,061
HARRISON|BLUERIVERSOUTH,74,0.000770816760,Harrison,061
HARRISON|BOONEEAST,70,1.000000000000,Harrison,061
HARRISON|BOONEWEST,70,1.000000000000,Harrison,061
HARRISON|CORYDONEAST,70,1.000000000000,Harrison,061
HARRISON|CORYDONSOUTH,70,1.000000000000,Harrison,061
HARRISON|CORYDONWEST,70,1.000000000000,Harrison,061
HARRISON|FRANKLINCENTRAL,70,0.999773141316,Harrison,061
HARRISON|FRANKLINCENTRAL,72,0.000226858684,Harrison,061
HARRISON|FRANKLINNORTH,70,0.999841560648,Harrison,061
HARRISON|FRANKLINNORTH,72,0.000158439352,Harrison,061
HARRISON|FRANKLINSOUTH,70,0.999759062534,Harrison,061
HARRISON|FRANKLINSOUTH,72,0.000240937466,Harrison,061
HARRISON|FRANKLINWEST,70,1.000000000000,Harrison,061
HARRISON|HARRISONEAST,70,1.000000000000,Harrison,061
HARRISON|HARRISONNORTH,70,1.000000000000,Harrison,061
HARRISON|HARRISONNORTHEAST,70,1.000000000000,Harrison,061
HARRISON|HARRISONNORTHWEST,70,1.000000000000,Harrison,061
HARRISON|HARRISONSOUTH,70,1.000000000000,Harrison,061
HARRISON|HARRISONSOUTHEAST,70,1.000000000000,Harrison,061
HARRISON|HARRISONSOUTHWEST,70,1.000000000000,Harrison,061
HARRISON|HARRISONWEST,70,0.999728341438,Harrison,061
HARRISON|HARRISONWEST,74,0.000271658562,Harrison,061
HARRISON|HETHEAST,70,1.000000000000,Harrison,061
HARRISON|HETHWEST,70,1.000000000000,Harrison,061
HARRISON|JACKSONNORTH,70,1.000000000000,Harrison,061
HARRISON|JACKSONNORTHEAST,70,0.999878082317,Harrison,061
HARRISON|JACKSONNORTHEAST,72,0.000121917683,Harrison,061
HARRISON|JACKSONNORTHWEST,70,1.000000000000,Harrison,061
HARRISON|JACKSONSOUTHEAST,70,1.000000000000,Harrison,061
HARRISON|JACKSONSOUTHWEST,70,1.000000000000,Harrison,061
HARRISON|MORGANNORTHEAST,70,1.000000000000,Harrison,061
HARRISON|MORGANNORTHWEST,70,1.000000000000,Harrison,061
HARRISON|MORGANSOUTH,70,1.000000000000,Harrison,061
HARRISON|MORGANSOUTHWEST,70,1.000000000000,Harrison,061
HARRISON|POSEYNORTHEAST,70,0.999928811610,Harrison,061
HARRISON|POSEYNORTHEAST,72,0.000071188390,Harrison,061
HARRISON|POSEYSOUTHEAST,70,1.000000000000,Harrison,061
HARRISON|POSEYWEST,70,1.000000000000,Harrison,061
HARRISON|SPENCERNORTH,70,0.998759371770,Harrison,061
HARRISON|SPENCERNORTH,74,0.001240628230,Harrison,061
HARRISON|SPENCERSOUTH,70,0.999698428074,Harrison,061
HARRISON|SPENCERSOUTH,74,0.000301571926,Harrison,061
HARRISON|TAYLOR,70,1.000000000000,Harrison,061
HARRISON|WASHINGTON,70,1.000000000000,Harrison,061
HARRISON|WEBSTEREAST,70,1.000000000000,Harrison,061
HARRISON|WEBSTERWEST,70,1.000000000000,Harrison,061
HENDRICKS|BROWN1,25,0.999805179634,Hendricks,063
HENDRICKS|BROWN1,86,0.000185966226,Hendricks,063
HENDRICKS|BROWN1,92,0.000008854140,Hendricks,063
HENDRICKS|BROWN2,25,1.000000000000,Hendricks,063
HENDRICKS|BROWN3,25,0.999986911512,Hendricks,063
HENDRICKS|BROWN3,28,0.000013088488,Hendricks,063
HENDRICKS|BROWN4,25,0.999943408724,Hendricks,063
HENDRICKS|BROWN4,28,0.000056591276,Hendricks,063
HENDRICKS|BROWN5,25,0.999958978612,Hendricks,063
HENDRICKS|BROWN5,92,0.000041021388,Hendricks,063
HENDRICKS|BROWN6,25,0.999997964061,Hendricks,063
HENDRICKS|BROWN6,28,0.000002035939,Hendricks,063
HENDRICKS|BROWN7,25,1.000000000000,Hendricks,063
HENDRICKS|BROWN8,25,1.000000000000,Hendricks,063
HENDRICKS|CENTER1,28,1.000000000000,Hendricks,063
HENDRICKS|CENTER10,28,1.000000000000,Hendricks,063
HENDRICKS|CENTER2,28,1.000000000000,Hendricks,063
HENDRICKS|CENTER3,28,1.000000000000,Hendricks,063
HENDRICKS|CENTER4,28,0.999975337257,Hendricks,063
HENDRICKS|CENTER4,40,0.000024662743,Hendricks,063
HENDRICKS|CENTER5,28,0.999999973101,Hendricks,063
HENDRICKS|CENTER5,40,0.000000026899,Hendricks,063
HENDRICKS|CENTER6,28,1.000000000000,Hendricks,063
HENDRICKS|CENTER7,28,0.999980528780,Hendricks,063
HENDRICKS|CENTER7,40,0.000019471220,Hendricks,063
HENDRICKS|CENTER8,28,1.000000000000,Hendricks,063
HENDRICKS|CENTER9,28,1.000000000000,Hendricks,063
HENDRICKS|CLAY1,28,1.000000000000,Hendricks,063
HENDRICKS|CLAY2,28,0.999921444511,Hendricks,063
HENDRICKS|CLAY2,44,0.000078555489,Hendricks,063
HENDRICKS|EELRIVER1,28,1.000000000000,Hendricks,063
HENDRICKS|EELRIVER2,28,0.999970504099,Hendricks,063
HENDRICKS|EELRIVER2,44,0.000029495901,Hendricks,063
HENDRICKS|FRANKLIN1,28,0.999753602669,Hendricks,063
HENDRICKS|FRANKLIN1,44,0.000240727495,Hendricks,063
HENDRICKS|FRANKLIN1,60,0.000005669835,Hendricks,063
HENDRICKS|GUILFORD1,40,0.999922938822,Hendricks,063
HENDRICKS|GUILFORD1,57,0.000077061178,Hendricks,063
HENDRICKS|GUILFORD10,57,1.000000000000,Hendricks,063
HENDRICKS|GUILFORD11,40,0.000318586898,Hendricks,063
HENDRICKS|GUILFORD11,57,0.999681413102,Hendricks,063
HENDRICKS|GUILFORD12,57,1.000000000000,Hendricks,063
HENDRICKS|GUILFORD13,40,0.999120313054,Hendricks,063
HENDRICKS|GUILFORD13,57,0.000879686946,Hendricks,063
HENDRICKS|GUILFORD14,57,1.000000000000,Hendricks,063
HENDRICKS|GUILFORD15,57,0.999913039985,Hendricks,063
HENDRICKS|GUILFORD15,91,0.000086960015,Hendricks,063
HENDRICKS|GUILFORD16,57,0.999968358045,Hendricks,063
HENDRICKS|GUILFORD16,91,0.000031641955,Hendricks,063
HENDRICKS|GUILFORD17,40,0.000139666791,Hendricks,063
HENDRICKS|GUILFORD17,57,0.999860333209,Hendricks,063
HENDRICKS|GUILFORD18,28,0.000009639373,Hendricks,063
HENDRICKS|GUILFORD18,40,0.999180918822,Hendricks,063
HENDRICKS|GUILFORD18,57,0.000809441805,Hendricks,063
HENDRICKS|GUILFORD19,40,0.999736293855,Hendricks,063
HENDRICKS|GUILFORD19,57,0.000263706145,Hendricks,063
HENDRICKS|GUILFORD2,40,1.000000000000,Hendricks,063
HENDRICKS|GUILFORD20,28,0.000828678316,Hendricks,063
HENDRICKS|GUILFORD20,40,0.999171321684,Hendricks,063
HENDRICKS|GUILFORD21,28,0.000119496636,Hendricks,063
HENDRICKS|GUILFORD21,40,0.000810411944,Hendricks,063
HENDRICKS|GUILFORD21,57,0.999070091419,Hendricks,063
HENDRICKS|GUILFORD22,28,0.535750396103,Hendricks,063
HENDRICKS|GUILFORD22,40,0.464080003832,Hendricks,063
HENDRICKS|GUILFORD22,57,0.000169600065,Hendricks,063
HENDRICKS|GUILFORD3,40,1.000000000000,Hendricks,063
HENDRICKS|GUILFORD4,40,0.999585412953,Hendricks,063
HENDRICKS|GUILFORD4,57,0.000414587047,Hendricks,063
HENDRICKS|GUILFORD5,40,0.999890944000,Hendricks,063
HENDRICKS|GUILFORD5,57,0.000109056000,Hendricks,063
HENDRICKS|GUILFORD6,40,0.000444075402,Hendricks,063
HENDRICKS|GUILFORD6,57,0.999555924598,Hendricks,063
HENDRICKS|GUILFORD7,40,0.000413142352,Hendricks,063
HENDRICKS|GUILFORD7,57,0.999586857648,Hendricks,063
HENDRICKS|GUILFORD8,57,0.999962056585,Hendricks,063
HENDRICKS|GUILFORD8,91,0.000037943415,Hendricks,063
HENDRICKS|GUILFORD9,28,0.257528942062,Hendricks,063
HENDRICKS|GUILFORD9,40,0.000001353763,Hendricks,063
HENDRICKS|GUILFORD9,57,0.742466633563,Hendricks,063
HENDRICKS|GUILFORD9,60,0.000003070612,Hendricks,063
HENDRICKS|LIBERTY1,28,1.000000000000,Hendricks,063
HENDRICKS|LIBERTY2,28,0.999783811245,Hendricks,063
HENDRICKS|LIBERTY2,40,0.000186700490,Hendricks,063
HENDRICKS|LIBERTY2,57,0.000009811980,Hendricks,063
HENDRICKS|LIBERTY2,60,0.000019676285,Hendricks,063
HENDRICKS|LIBERTY3,28,0.999873287432,Hendricks,063
HENDRICKS|LIBERTY3,60,0.000126712568,Hendricks,063
HENDRICKS|LIBERTY4,28,1.000000000000,Hendricks,063
HENDRICKS|LIBERTY5,28,1.000000000000,Hendricks,063
HENDRICKS|LINCOLN1,25,0.997156993350,Hendricks,063
HENDRICKS|LINCOLN1,28,0.002843006650,Hendricks,063
HENDRICKS|LINCOLN10,25,0.999550606622,Hendricks,063
HENDRICKS|LINCOLN10,28,0.000368695004,Hendricks,063
HENDRICKS|LINCOLN10,40,0.000028964407,Hendricks,063
HENDRICKS|LINCOLN10,92,0.000051733967,Hendricks,063
HENDRICKS|LINCOLN11,25,0.999800853667,Hendricks,063
HENDRICKS|LINCOLN11,92,0.000199146333,Hendricks,063
HENDRICKS|LINCOLN12,25,0.001639218132,Hendricks,063
HENDRICKS|LINCOLN12,28,0.998360781868,Hendricks,063
HENDRICKS|LINCOLN13,28,1.000000000000,Hendricks,063
HENDRICKS|LINCOLN14,25,0.006864766806,Hendricks,063
HENDRICKS|LINCOLN14,28,0.993135233194,Hendricks,063
HENDRICKS|LINCOLN15,28,1.000000000000,Hendricks,063
HENDRICKS|LINCOLN16,28,1.000000000000,Hendricks,063
HENDRICKS|LINCOLN17,25,1.000000000000,Hendricks,063
HENDRICKS|LINCOLN18,25,0.999888335238,Hendricks,063
HENDRICKS|LINCOLN18,92,0.000111664762,Hendricks,063
HENDRICKS|LINCOLN19,28,1.000000000000,Hendricks,063
HENDRICKS|LINCOLN2,25,0.999132807555,Hendricks,063
HENDRICKS|LINCOLN2,28,0.000867192445,Hendricks,063
HENDRICKS|LINCOLN3,25,0.000226406472,Hendricks,063
HENDRICKS|LINCOLN3,28,0.999773593528,Hendricks,063
HENDRICKS|LINCOLN4,28,1.000000000000,Hendricks,063
HENDRICKS|LINCOLN5,28,1.000000000000,Hendricks,063
HENDRICKS|LINCOLN6,28,1.000000000000,Hendricks,063
HENDRICKS|LINCOLN7,28,1.000000000000,Hendricks,063
HENDRICKS|LINCOLN8,28,0.999989952020,Hendricks,063
HENDRICKS|LINCOLN8,40,0.000010047980,Hendricks,063
HENDRICKS|LINCOLN9,25,0.000239621422,Hendricks,063
HENDRICKS|LINCOLN9,28,0.999701324462,Hendricks,063
HENDRICKS|LINCOLN9,40,0.000059054116,Hendricks,063
HENDRICKS|MARION1,28,0.999953894461,Hendricks,063
HENDRICKS|MARION1,44,0.000046105539,Hendricks,063
HENDRICKS|MIDDLE1,28,1.000000000000,Hendricks,063
HENDRICKS|MIDDLE2,25,0.000115596041,Hendricks,063
HENDRICKS|MIDDLE2,28,0.999884403959,Hendricks,063
HENDRICKS|MIDDLE3,28,0.999991272188,Hendricks,063
HENDRICKS|MIDDLE3,40,0.000008727812,Hendricks,063
HENDRICKS|MIDDLE4,25,0.000000284538,Hendricks,063
HENDRICKS|MIDDLE4,28,0.999999715462,Hendricks,063
HENDRICKS|UNION1,28,1.000000000000,Hendricks,063
HENDRICKS|UNION2,28,1.000000000000,Hendricks,063
HENDRICKS|WASHINGTON1,28,0.000073509092,Hendricks,063
HENDRICKS|WASHINGTON1,40,0.999926490908,Hendricks,063
HENDRICKS|WASHINGTON10,40,1.000000000000,Hendricks,063
HENDRICKS|WASHINGTON11,40,1.000000000000,Hendricks,063
HENDRICKS|WASHINGTON12,28,0.000013009562,Hendricks,063
HENDRICKS|WASHINGTON12,40,0.999986990438,Hendricks,063
HENDRICKS|WASHINGTON13,40,1.000000000000,Hendricks,063
HENDRICKS|WASHINGTON14,40,1.000000000000,Hendricks,063
HENDRICKS|WASHINGTON15,40,1.000000000000,Hendricks,063
HENDRICKS|WASHINGTON16,40,1.000000000000,Hendricks,063
HENDRICKS|WASHINGTON17,28,0.000005101143,Hendricks,063
HENDRICKS|WASHINGTON17,40,0.999994898857,Hendricks,063
HENDRICKS|WASHINGTON18,40,1.000000000000,Hendricks,063
HENDRICKS|WASHINGTON19,28,0.000704566179,Hendricks,063
HENDRICKS|WASHINGTON19,40,0.999295433821,Hendricks,063
HENDRICKS|WASHINGTON2,40,1.000000000000,Hendricks,063
HENDRICKS|WASHINGTON20,40,0.999952485697,Hendricks,063
HENDRICKS|WASHINGTON20,57,0.000010825432,Hendricks,063
HENDRICKS|WASHINGTON20,91,0.000036403279,Hendricks,063
HENDRICKS|WASHINGTON20,92,0.000000285592,Hendricks,063
HENDRICKS|WASHINGTON21,40,1.000000000000,Hendricks,063
HENDRICKS|WASHINGTON22,40,0.999936965446,Hendricks,063
HENDRICKS|WASHINGTON22,92,0.000063034554,Hendricks,063
HENDRICKS|WASHINGTON23,40,0.998854957026,Hendricks,063
HENDRICKS|WASHINGTON23,92,0.001145042974,Hendricks,063
HENDRICKS|WASHINGTON24,28,0.002665354167,Hendricks,063
HENDRICKS|WASHINGTON24,40,0.997334645833,Hendricks,063
HENDRICKS|WASHINGTON25,40,1.000000000000,Hendricks,063
HENDRICKS|WASHINGTON26,40,1.000000000000,Hendricks,063
HENDRICKS|WASHINGTON27,40,1.000000000000,Hendricks,063
HENDRICKS|WASHINGTON28,28,0.000405562574,Hendricks,063
HENDRICKS|WASHINGTON28,40,0.999592038170,Hendricks,063
HENDRICKS|WASHINGTON28,92,0.000002399256,Hendricks,063
HENDRICKS|WASHINGTON3,40,0.999606714092,Hendricks,063
HENDRICKS|WASHINGTON3,92,0.000393285908,Hendricks,063
HENDRICKS|WASHINGTON4,40,0.999976041037,Hendricks,063
HENDRICKS|WASHINGTON4,92,0.000023958963,Hendricks,063
HENDRICKS|WASHINGTON5,40,0.999847023959,Hendricks,063
HENDRICKS|WASHINGTON5,57,0.000152384547,Hendricks,063
HENDRICKS|WASHINGTON5,91,0.000000591494,Hendricks,063
HENDRICKS|WASHINGTON6,25,0.000848940844,Hendricks,063
HENDRICKS|WASHINGTON6,40,0.998972355182,Hendricks,063
HENDRICKS|WASHINGTON6,92,0.000178703973,Hendricks,063
HENDRICKS|WASHINGTON7,28,0.000005381258,Hendricks,063
HENDRICKS|WASHINGTON7,40,0.999994618742,Hendricks,063
HENDRICKS|WASHINGTON8,28,0.000128527280,Hendricks,063
HENDRICKS|WASHINGTON8,40,0.999871472720,Hendricks,063
HENDRICKS|WASHINGTON9,40,1.000000000000,Hendricks,063
HENRY|BLUERIVER,33,0.000037463337,Henry,065
HENRY|BLUERIVER,54,0.999874758296,Henry,065
HENRY|BLUERIVER,56,0.000087778367,Henry,065
HENRY|DUDLEY,54,0.999906845664,Henry,065
HENRY|DUDLEY,55,0.000045873987,Henry,065
HENRY|DUDLEY,56,0.000047280348,Henry,065
HENRY|FALLCREEK1,35,0.000803107441,Henry,065
HENRY|FALLCREEK1,54,0.999196892559,Henry,065
HENRY|FALLCREEK2,35,0.000036296122,Henry,065
HENRY|FALLCREEK2,54,0.999963703878,Henry,065
HENRY|FALLCREEK3,36,0.000011160784,Henry,065
HENRY|FALLCREEK3,54,0.999988839216,Henry,065
HENRY|FALLCREEK4,36,0.000059155466,Henry,065
HENRY|FALLCREEK4,54,0.999940844534,Henry,065
HENRY|FRANKLIN,54,1.000000000000,Henry,065
HENRY|GREENSBORO,53,0.000051408333,Henry,065
HENRY|GREENSBORO,54,0.999948591667,Henry,065
HENRY|HARRISON,36,0.000000690488,Henry,065
HENRY|HARRISON,53,0.000003374052,Henry,065
HENRY|HARRISON,54,0.999995935460,Henry,065
HENRY|HENRY1,54,1.000000000000,Henry,065
HENRY|HENRY10,54,1.000000000000,Henry,065
HENRY|HENRY11,54,1.000000000000,Henry,065
HENRY|HENRY12,54,1.000000000000,Henry,065
HENRY|HENRY13,54,1.000000000000,Henry,065
HENRY|HENRY14,54,1.000000000000,Henry,065
HENRY|HENRY15,54,1.000000000000,Henry,065
HENRY|HENRY16,54,1.000000000000,Henry,065
HENRY|HENRY17,54,1.000000000000,Henry,065
HENRY|HENRY18,54,1.000000000000,Henry,065
HENRY|HENRY19,54,1.000000000000,Henry,065
HENRY|HENRY2,54,1.000000000000,Henry,065
HENRY|HENRY20,54,1.000000000000,Henry,065
HENRY|HENRY3,54,1.000000000000,Henry,065
HENRY|HENRY4,54,1.000000000000,Henry,065
HENRY|HENRY5,54,1.000000000000,Henry,065
HENRY|HENRY6,54,1.000000000000,Henry,065
HENRY|HENRY7,54,1.000000000000,Henry,065
HENRY|HENRY8,54,1.000000000000,Henry,065
HENRY|HENRY9,54,1.000000000000,Henry,065
HENRY|JEFFERSON,33,0.000007729664,Henry,065
HENRY|JEFFERSON,35,0.000005742654,Henry,065
HENRY|JEFFERSON,54,0.999986527682,Henry,065
HENRY|LIBERTY1,54,0.000164729408,Henry,065
HENRY|LIBERTY1,56,0.999835270592,Henry,065
HENRY|LIBERTY2,54,0.999925268481,Henry,065
HENRY|LIBERTY2,56,0.000074731519,Henry,065
HENRY|PRAIRIE1,33,0.000082128173,Henry,065
HENRY|PRAIRIE1,54,0.999917871827,Henry,065
HENRY|PRAIRIE2,54,1.000000000000,Henry,065
HENRY|PRAIRIE3,54,1.000000000000,Henry,065
HENRY|SPICELAND1,54,1.000000000000,Henry,065
HENRY|SPICELAND2,54,1.000000000000,Henry,065
HENRY|STONEYCREEK,33,0.999931398885,Henry,065
HENRY|STONEYCREEK,54,0.000068601115,Henry,065
HENRY|WAYNE1,53,0.000018039453,Henry,065
HENRY|WAYNE1,54,0.999981960547,Henry,065
HENRY|WAYNE2,54,1.000000000000,Henry,065
HENRY|WAYNE3,54,1.000000000000,Henry,065
HOWARD|101,30,1.000000000000,Howard,067
HOWARD|102,30,1.000000000000,Howard,067
HOWARD|103,30,0.999999845807,Howard,067
HOWARD|103,38,0.000000154193,Howard,067
HOWARD|104,30,1.000000000000,Howard,067
HOWARD|105,30,1.000000000000,Howard,067
HOWARD|106,30,1.000000000000,Howard,067
HOWARD|107,30,1.000000000000,Howard,067
HOWARD|108,30,1.000000000000,Howard,067
HOWARD|109,30,0.999977210936,Howard,067
HOWARD|109,38,0.000022789064,Howard,067
HOWARD|110,30,1.000000000000,Howard,067
HOWARD|201,30,1.000000000000,Howard,067
HOWARD|202,30,1.000000000000,Howard,067
HOWARD|203,30,1.000000000000,Howard,067
HOWARD|204,30,1.000000000000,Howard,067
HOWARD|205,30,1.000000000000,Howard,067
HOWARD|206,30,1.000000000000,Howard,067
HOWARD|207,30,0.999981944655,Howard,067
HOWARD|207,38,0.000018055345,Howard,067
HOWARD|301,30,1.000000000000,Howard,067
HOWARD|302,30,1.000000000000,Howard,067
HOWARD|303,30,1.000000000000,Howard,067
HOWARD|304,30,1.000000000000,Howard,067
HOWARD|305,30,1.000000000000,Howard,067
HOWARD|306,30,1.000000000000,Howard,067
HOWARD|401,30,1.000000000000,Howard,067
HOWARD|402,30,1.000000000000,Howard,067
HOWARD|403,30,1.000000000000,Howard,067
HOWARD|404,30,1.000000000000,Howard,067
HOWARD|405,30,1.000000000000,Howard,067
HOWARD|406,30,1.000000000000,Howard,067
HOWARD|501,30,1.000000000000,Howard,067
HOWARD|502,30,1.000000000000,Howard,067
HOWARD|503,30,1.000000000000,Howard,067
HOWARD|601,30,0.000305273435,Howard,067
HOWARD|601,38,0.999694726565,Howard,067
HOWARD|602,30,0.999415797815,Howard,067
HOWARD|602,38,0.000584202185,Howard,067
HOWARD|603,30,0.004451846919,Howard,067
HOWARD|603,38,0.995548153081,Howard,067
HOWARD|604,30,0.999926839687,Howard,067
HOWARD|604,38,0.000073160313,Howard,067
HOWARD|605,30,0.999854047534,Howard,067
HOWARD|605,38,0.000145952466,Howard,067
HOWARD|CENTERA,30,0.899280137540,Howard,067
HOWARD|CENTERA,38,0.100719862460,Howard,067
HOWARD|CENTERB,30,1.000000000000,Howard,067
HOWARD|CENTERC,30,1.000000000000,Howard,067
HOWARD|CLAY1,30,1.000000000000,Howard,067
HOWARD|CLAY2,30,0.999884804505,Howard,067
HOWARD|CLAY2,38,0.000115195495,Howard,067
HOWARD|CLAYA,38,1.000000000000,Howard,067
HOWARD|CLAYB,23,0.000005250986,Howard,067
HOWARD|CLAYB,30,0.000162648920,Howard,067
HOWARD|CLAYB,38,0.999832100094,Howard,067
HOWARD|CLAYC,38,1.000000000000,Howard,067
HOWARD|ERVINA,38,1.000000000000,Howard,067
HOWARD|ERVINB,38,1.000000000000,Howard,067
HOWARD|HARRISON1,30,0.998618650859,Howard,067
HOWARD|HARRISON1,38,0.001381349141,Howard,067
HOWARD|HARRISON2,30,0.502140340975,Howard,067
HOWARD|HARRISON2,38,0.497859659025,Howard,067
HOWARD|HARRISONA,30,0.000008167199,Howard,067
HOWARD|HARRISONA,38,0.999991832801,Howard,067
HOWARD|HARRISONB,30,0.000103984793,Howard,067
HOWARD|HARRISONB,38,0.999896015207,Howard,067
HOWARD|HARRISONC,30,0.000014982593,Howard,067
HOWARD|HARRISONC,38,0.999985017407,Howard,067
HOWARD|HONEYCREEKA,38,1.000000000000,Howard,067
HOWARD|HONEYCREEKB,38,1.000000000000,Howard,067
HOWARD|HOWARD1,30,0.999999997781,Howard,067
HOWARD|HOWARD1,38,0.000000002219,Howard,067
HOWARD|HOWARDA,30,1.000000000000,Howard,067
HOWARD|HOWARDB,23,0.000041073911,Howard,067
HOWARD|HOWARDB,30,0.999958621411,Howard,067
HOWARD|HOWARDB,38,0.000000304678,Howard,067
HOWARD|JACKSON,30,0.999945497165,Howard,067
HOWARD|JACKSON,50,0.000054502835,Howard,067
HOWARD|LIBERTYA,23,0.000002063015,Howard,067
HOWARD|LIBERTYA,30,0.999997936985,Howard,067
HOWARD|LIBERTYB,30,1.000000000000,Howard,067
HOWARD|LIBERTYC,30,1.000000000000,Howard,067
HOWARD|LIBERTYD,30,1.000000000000,Howard,067
HOWARD|MONROE,38,1.000000000000,Howard,067
HOWARD|TAYLOR1,30,1.000000000000,Howard,067
HOWARD|TAYLOR2,30,1.000000000000,Howard,067
HOWARD|TAYLOR3,30,1.000000000000,Howard,067
HOWARD|TAYLOR4,30,1.000000000000,Howard,067
HOWARD|TAYLORA,30,0.999924376496,Howard,067
HOWARD|TAYLORA,38,0.000075623504,Howard,067
HOWARD|TAYLORB,30,1.000000000000,Howard,067
HOWARD|TAYLORC,30,0.999911877627,Howard,067
HOWARD|TAYLORC,38,0.000088122373,Howard,067
HOWARD|UNION,30,0.999981333908,Howard,067
HOWARD|UNION,31,0.000005794478,Howard,067
HOWARD|UNION,38,0.000012871614,Howard,067
HUNTINGTON|CLEARCREEK1,50,0.999994240700,Huntington,069
HUNTINGTON|CLEARCREEK1,83,0.000005759300,Huntington,069
HUNTINGTON|CLEARCREEK2,50,1.000000000000,Huntington,069
HUNTINGTON|DALLAS1,50,1.000000000000,Huntington,069
HUNTINGTON|DALLAS2,50,1.000000000000,Huntington,069
HUNTINGTON|HUNTINGTON01A,50,1.000000000000,Huntington,069
HUNTINGTON|HUNTINGTON02A,50,1.000000000000,Huntington,069
HUNTINGTON|HUNTINGTON05A,50,1.000000000000,Huntington,069
HUNTINGTON|HUNTINGTON06A,50,1.000000000000,Huntington,069
HUNTINGTON|HUNTINGTON07A,50,1.000000000000,Huntington,069
HUNTINGTON|HUNTINGTON1,50,1.000000000000,Huntington,069
HUNTINGTON|HUNTINGTON10,50,1.000000000000,Huntington,069
HUNTINGTON|HUNTINGTON11,50,1.000000000000,Huntington,069
HUNTINGTON|HUNTINGTON11A,50,1.000000000000,Huntington,069
HUNTINGTON|HUNTINGTON12,50,1.000000000000,Huntington,069
HUNTINGTON|HUNTINGTON12A,50,1.000000000000,Huntington,069
HUNTINGTON|HUNTINGTON13NV,50,1.000000000000,Huntington,069
HUNTINGTON|HUNTINGTON2,50,1.000000000000,Huntington,069
HUNTINGTON|HUNTINGTON3,50,1.000000000000,Huntington,069
HUNTINGTON|HUNTINGTON4,50,1.000000000000,Huntington,069
HUNTINGTON|HUNTINGTON5,50,1.000000000000,Huntington,069
HUNTINGTON|HUNTINGTON6,50,1.000000000000,Huntington,069
HUNTINGTON|HUNTINGTON7,50,1.000000000000,Huntington,069
HUNTINGTON|HUNTINGTON8,50,1.000000000000,Huntington,069
HUNTINGTON|HUNTINGTON9,50,1.000000000000,Huntington,069
HUNTINGTON|JACKSON1,50,0.999958207983,Huntington,069
HUNTINGTON|JACKSON1,83,0.000001414786,Huntington,069
HUNTINGTON|JACKSON1,85,0.000040377231,Huntington,069
HUNTINGTON|JACKSON2,50,0.999924124121,Huntington,069
HUNTINGTON|JACKSON2,85,0.000075875879,Huntington,069
HUNTINGTON|JACKSON3,50,1.000000000000,Huntington,069
HUNTINGTON|JACKSON4,50,1.000000000000,Huntington,069
HUNTINGTON|JEFFERSON,31,0.000071888255,Huntington,069
HUNTINGTON|JEFFERSON,50,0.999928111745,Huntington,069
HUNTINGTON|LANCASTER,50,1.000000000000,Huntington,069
HUNTINGTON|POLK,50,1.000000000000,Huntington,069
HUNTINGTON|ROCKCREEK,50,0.999997009130,Huntington,069
HUNTINGTON|ROCKCREEK,79,0.000002990870,Huntington,069
HUNTINGTON|SALAMONIE1,50,0.999975917970,Huntington,069
HUNTINGTON|SALAMONIE1,79,0.000024082030,Huntington,069
HUNTINGTON|SALAMONIE2,50,1.000000000000,Huntington,069
HUNTINGTON|UNION,50,0.999910295492,Huntington,069
HUNTINGTON|UNION,79,0.000089704508,Huntington,069
HUNTINGTON|WARREN,50,0.999997373383,Huntington,069
HUNTINGTON|WARREN,83,0.000002626617,Huntington,069
HUNTINGTON|WAYNE,31,0.000068879166,Huntington,069
HUNTINGTON|WAYNE,50,0.999931120834,Huntington,069
JACKSON|BROWNSTOWN1,69,1.000000000000,Jackson,071
JACKSON|BROWNSTOWN2,69,1.000000000000,Jackson,071
JACKSON|BROWNSTOWN4,69,1.000000000000,Jackson,071
JACKSON|BROWNSTOWNTWPEAST,69,1.000000000000,Jackson,071
JACKSON|BROWNSTOWNTWPWEST,62,0.000028495295,Jackson,071
JACKSON|BROWNSTOWNTWPWEST,65,0.000006030638,Jackson,071
JACKSON|BROWNSTOWNTWPWEST,69,0.999965474067,Jackson,071
JACKSON|CARR,62,0.000038828390,Jackson,071
JACKSON|CARR,65,0.999917184841,Jackson,071
JACKSON|CARR,69,0.000043986769,Jackson,071
JACKSON|DRIFTWOOD,65,0.000097809444,Jackson,071
JACKSON|DRIFTWOOD,69,0.999902190556,Jackson,071
JACKSON|GRASSYFORK,69,1.000000000000,Jackson,071
JACKSON|HAMILTON,59,0.000068905171,Jackson,071
JACKSON|HAMILTON,62,0.000004566786,Jackson,071
JACKSON|HAMILTON,69,0.999926528043,Jackson,071
JACKSON|JACKSON1EAST,69,1.000000000000,Jackson,071
JACKSON|JACKSON2EAST,69,1.000000000000,Jackson,071
JACKSON|JACKSON2WEST,69,1.000000000000,Jackson,071
JACKSON|JACKSON3NORTH,69,1.000000000000,Jackson,071
JACKSON|JACKSON3SOUTH,69,1.000000000000,Jackson,071
JACKSON|JACKSON4NORTH,69,1.000000000000,Jackson,071
JACKSON|JACKSON4SOUTH,69,1.000000000000,Jackson,071
JACKSON|JACKSON5EAST,69,1.000000000000,Jackson,071
JACKSON|JACKSON5NORTH,69,1.000000000000,Jackson,071
JACKSON|JACKSON6,67,0.000085699037,Jackson,071
JACKSON|JACKSON6,69,0.999914300963,Jackson,071
JACKSON|JACKSON7,69,1.000000000000,Jackson,071
JACKSON|OWEN,62,0.999805306211,Jackson,071
JACKSON|OWEN,65,0.000073003294,Jackson,071
JACKSON|OWEN,69,0.000121690495,Jackson,071
JACKSON|PERSHING,59,0.000006830824,Jackson,071
JACKSON|PERSHING,62,0.999855770972,Jackson,071
JACKSON|PERSHING,69,0.000137398204,Jackson,071
JACKSON|REDDINGEAST,67,0.000022501643,Jackson,071
JACKSON|REDDINGEAST,69,0.999915319157,Jackson,071
JACKSON|REDDINGEAST,73,0.000062179200,Jackson,071
JACKSON|REDDINGSEYMOURCITY,69,1.000000000000,Jackson,071
JACKSON|REDDINGWEST,59,0.000000135787,Jackson,071
JACKSON|REDDINGWEST,69,0.999999864213,Jackson,071
JACKSON|SALTCREEK,62,0.999999291793,Jackson,071
JACKSON|SALTCREEK,65,0.000000708207,Jackson,071
JACKSON|VERNONCROTHERSVILLE,69,1.000000000000,Jackson,071
JACKSON|VERNONNORTH,67,0.000100321146,Jackson,071
JACKSON|VERNONNORTH,69,0.999899678854,Jackson,071
JACKSON|VERNONSOUTH,67,0.000027490576,Jackson,071
JACKSON|VERNONSOUTH,69,0.999972509424,Jackson,071
JACKSON|WASHINGTON,67,0.000005127616,Jackson,071
JACKSON|WASHINGTON,69,0.999994872384,Jackson,071
JASPER|BARKLEYNORTH,16,1.000000000000,Jasper,073
JASPER|BARKLEYSOUTH,16,1.000000000000,Jasper,073
JASPER|CARPENTEREAST,13,0.999961698940,Jasper,073
JASPER|CARPENTEREAST,16,0.000038301060,Jasper,073
JASPER|CARPENTERWEST,13,0.999955847451,Jasper,073
JASPER|CARPENTERWEST,16,0.000044152549,Jasper,073
JASPER|GILLIAM,16,1.000000000000,Jasper,073
JASPER|HANGINGGROVE,16,1.000000000000,Jasper,073
JASPER|JORDAN,11,0.000051672645,Jasper,073
JASPER|JORDAN,13,0.000025753102,Jasper,073
JASPER|JORDAN,16,0.999922574252,Jasper,073
JASPER|KANKAKEE,4,0.000192797880,Jasper,073
JASPER|KANKAKEE,11,0.000055323992,Jasper,073
JASPER|KANKAKEE,16,0.999751878128,Jasper,073
JASPER|KEENER1,11,1.000000000000,Jasper,073
JASPER|KEENER2,11,0.999951395087,Jasper,073
JASPER|KEENER2,16,0.000048604913,Jasper,073
JASPER|KEENER3,11,0.999999842711,Jasper,073
JASPER|KEENER3,16,0.000000157289,Jasper,073
JASPER|KEENER4,11,1.000000000000,Jasper,073
JASPER|KEENER5,11,1.000000000000,Jasper,073
JASPER|MARION1,16,1.000000000000,Jasper,073
JASPER|MARION2,16,1.000000000000,Jasper,073
JASPER|MARION3,16,1.000000000000,Jasper,073
JASPER|MARION4,16,1.000000000000,Jasper,073
JASPER|MARION5,16,1.000000000000,Jasper,073
JASPER|MARION6,16,1.000000000000,Jasper,073
JASPER|MARION7,16,1.000000000000,Jasper,073
JASPER|MILROY,16,1.000000000000,Jasper,073
JASPER|NEWTON,11,0.000070565372,Jasper,073
JASPER|NEWTON,16,0.999929434628,Jasper,073
JASPER|UNIONNORTH,11,0.000200087593,Jasper,073
JASPER|UNIONNORTH,16,0.999799912407,Jasper,073
JASPER|UNIONSOUTH,11,0.000044150555,Jasper,073
JASPER|UNIONSOUTH,16,0.999955849445,Jasper,073
JASPER|WALKEREAST,16,1.000000000000,Jasper,073
JASPER|WALKERWEST,11,0.000076751176,Jasper,073
JASPER|WALKERWEST,16,0.999923248824,Jasper,073
JASPER|WHEATFIELDEAST,4,0.000097228377,Jasper,073
JASPER|WHEATFIELDEAST,11,0.999844761879,Jasper,073
JASPER|WHEATFIELDEAST,16,0.000058009744,Jasper,073
JASPER|WHEATFIELDWEST1,11,1.000000000000,Jasper,073
JASPER|WHEATFIELDWEST2,11,0.999891796365,Jasper,073
JASPER|WHEATFIELDWEST2,16,0.000108203635,Jasper,073
JAY|BEARCREEK,33,0.000021622843,Jay,075
JAY|BEARCREEK,79,0.999978377157,Jay,075
JAY|DUNKIRK1,33,1.000000000000,Jay,075
JAY|DUNKIRK3,33,1.000000000000,Jay,075
JAY|GREENE,33,0.999937399480,Jay,075
JAY|GREENE,79,0.000062600520,Jay,075
JAY|JACKSON,33,0.000012091989,Jay,075
JAY|JACKSON,79,0.999987908011,Jay,075
JAY|JEFFERSON,33,1.000000000000,Jay,075
JAY|KNOX,33,0.999936969450,Jay,075
JAY|KNOX,79,0.000063030550,Jay,075
JAY|MADISON,33,1.000000000000,Jay,075
JAY|NOBLE,33,0.999928562567,Jay,075
JAY|NOBLE,79,0.000071437433,Jay,075
JAY|PENN,33,0.000131741348,Jay,075
JAY|PENN,79,0.999868258652,Jay,075
JAY|PIKE,33,1.000000000000,Jay,075
JAY|REDKEY,33,1.000000000000,Jay,075
JAY|WABASH,33,0.000034634027,Jay,075
JAY|WABASH,79,0.999965365973,Jay,075
JAY|WAYNE1,33,0.999893795351,Jay,075
JAY|WAYNE1,79,0.000106204649,Jay,075
JAY|WAYNE2,33,1.000000000000,Jay,075
JAY|WAYNE3,33,0.999939009888,Jay,075
JAY|WAYNE3,79,0.000060990112,Jay,075
JAY|WAYNE4,33,1.000000000000,Jay,075
JAY|WAYNE7,33,1.000000000000,Jay,075
JEFFERSON|GRAHAMTWP,66,0.000012745233,Jefferson,077
JEFFERSON|GRAHAMTWP,67,0.999934008632,Jefferson,077
JEFFERSON|GRAHAMTWP,69,0.000053246136,Jefferson,077
JEFFERSON|HANOVERTWP02A,66,0.999665500708,Jefferson,077
JEFFERSON|HANOVERTWP02A,67,0.000334499292,Jefferson,077
JEFFERSON|HANOVERTWP1,66,1.000000000000,Jefferson,077
JEFFERSON|HANOVERTWP2,66,0.999903175115,Jefferson,077
JEFFERSON|HANOVERTWP2,67,0.000096824885,Jefferson,077
JEFFERSON|HANOVERTWP3,66,1.000000000000,Jefferson,077
JEFFERSON|LANCASTERTWP,67,1.000000000000,Jefferson,077
JEFFERSON|MADISON11,67,1.000000000000,Jefferson,077
JEFFERSON|MADISON12,67,1.000000000000,Jefferson,077
JEFFERSON|MADISON21,67,1.000000000000,Jefferson,077
JEFFERSON|MADISON22,67,1.000000000000,Jefferson,077
JEFFERSON|MADISON401A,67,1.000000000000,Jefferson,077
JEFFERSON|MADISON41,67,1.000000000000,Jefferson,077
JEFFERSON|MADISON42,67,1.000000000000,Jefferson,077
JEFFERSON|MADISON43,67,1.000000000000,Jefferson,077
JEFFERSON|MADISON51,67,1.000000000000,Jefferson,077
JEFFERSON|MADISON52,67,1.000000000000,Jefferson,077
JEFFERSON|MADISONTWP1,67,0.999922799960,Jefferson,077
JEFFERSON|MADISONTWP1,68,0.000077200040,Jefferson,077
JEFFERSON|MADISONTWP2,66,0.000061896885,Jefferson,077
JEFFERSON|MADISONTWP2,67,0.999938103115,Jefferson,077
JEFFERSON|MADISONTWP3,67,1.000000000000,Jefferson,077
JEFFERSON|MILTONTWP,67,0.000035703495,Jefferson,077
JEFFERSON|MILTONTWP,68,0.999964296505,Jefferson,077
JEFFERSON|MONROETWP,67,1.000000000000,Jefferson,077
JEFFERSON|REPUBLICANTWP,66,0.000050173601,Jefferson,077
JEFFERSON|REPUBLICANTWP,67,0.999949826399,Jefferson,077
JEFFERSON|SALUDATWP,66,0.999970352291,Jefferson,077
JEFFERSON|SALUDATWP,67,0.000029647709,Jefferson,077
JEFFERSON|SHELBYTWP,67,0.999933815461,Jefferson,077
JEFFERSON|SHELBYTWP,68,0.000066184539,Jefferson,077
JEFFERSON|SMYRNA,67,1.000000000000,Jefferson,077
JEFFERSON|WARD3,66,0.000040383119,Jefferson,077
JEFFERSON|WARD3,67,0.999959616881,Jefferson,077
JENNINGS|BIGGER,67,1.000000000000,Jennings,079
JENNINGS|CAMPBELL,67,1.000000000000,Jennings,079
JENNINGS|CENTEREAST,67,1.000000000000,Jennings,079
JENNINGS|CENTERWEST,67,1.000000000000,Jennings,079
JENNINGS|COLUMBIA,67,1.000000000000,Jennings,079
JENNINGS|GENEVA1EAST,67,0.000199321107,Jennings,079
JENNINGS|GENEVA1EAST,73,0.999800678893,Jennings,079
JENNINGS|GENEVA1WEST,67,0.000537489184,Jennings,079
JENNINGS|GENEVA1WEST,73,0.999462510816,Jennings,079
JENNINGS|GENEVA2,67,0.000013895102,Jennings,079
JENNINGS|GENEVA2,69,0.000043751867,Jennings,079
JENNINGS|GENEVA2,73,0.999942353031,Jennings,079
JENNINGS|GENEVA3,67,0.000000013480,Jennings,079
JENNINGS|GENEVA3,73,0.999999986520,Jennings,079
JENNINGS|LOVETT,67,1.000000000000,Jennings,079
JENNINGS|MARION,67,0.999304513269,Jennings,079
JENNINGS|MARION,69,0.000695486731,Jennings,079
JENNINGS|MONTGOMERY,67,1.000000000000,Jennings,079
JENNINGS|NORTHVERNON01A,67,1.000000000000,Jennings,079
JENNINGS|NORTHVERNON01B,67,1.000000000000,Jennings,079
JENNINGS|NORTHVERNON02A,67,1.000000000000,Jennings,079
JENNINGS|NORTHVERNON02B,67,1.000000000000,Jennings,079
JENNINGS|NORTHVERNON03A,67,1.000000000000,Jennings,079
JENNINGS|NORTHVERNON03B,67,1.000000000000,Jennings,079
JENNINGS|NORTHVERNON04A,67,0.999991170884,Jennings,079
JENNINGS|NORTHVERNON04A,73,0.000008829116,Jennings,079
JENNINGS|NORTHVERNON04B,67,1.000000000000,Jennings,079
JENNINGS|SANDCREEK,67,0.999917447916,Jennings,079
JENNINGS|SANDCREEK,73,0.000082552084,Jennings,079
JENNINGS|SPENCERNORTH,67,0.999860179213,Jennings,079
JENNINGS|SPENCERNORTH,69,0.000060298050,Jennings,079
JENNINGS|SPENCERNORTH,73,0.000079522737,Jennings,079
JENNINGS|SPENCERSOUTH,67,0.999907595545,Jennings,079
JENNINGS|SPENCERSOUTH,69,0.000092404455,Jennings,079
JENNINGS|VERNONEAST,67,1.000000000000,Jennings,079
JENNINGS|VERNONWEST,67,1.000000000000,Jennings,079
JOHNSON|BLUERIVER1,47,0.998324541087,Johnson,081
JOHNSON|BLUERIVER1,59,0.001675458913,Johnson,081
JOHNSON|BLUERIVER2,47,1.000000000000,Johnson,081
JOHNSON|BLUERIVER3,47,0.999859651046,Johnson,081
JOHNSON|BLUERIVER3,59,0.000140348954,Johnson,081
JOHNSON|BLUERIVER4,47,0.999982442367,Johnson,081
JOHNSON|BLUERIVER4,59,0.000017557633,Johnson,081
JOHNSON|BLUERIVER5,47,0.999991433906,Johnson,081
JOHNSON|BLUERIVER5,59,0.000008566094,Johnson,081
JOHNSON|CLARK1,47,0.000102885958,Johnson,081
JOHNSON|CLARK1,58,0.999897114042,Johnson,081
JOHNSON|CLARK2,47,0.000013462673,Johnson,081
JOHNSON|CLARK2,58,0.999921180178,Johnson,081
JOHNSON|CLARK2,90,0.000065357149,Johnson,081
JOHNSON|CLARK3,47,0.000089381761,Johnson,081
JOHNSON|CLARK3,58,0.999910618239,Johnson,081
JOHNSON|FRANKLIN1,47,1.000000000000,Johnson,081
JOHNSON|FRANKLIN10,47,1.000000000000,Johnson,081
JOHNSON|FRANKLIN11,47,1.000000000000,Johnson,081
JOHNSON|FRANKLIN12,47,1.000000000000,Johnson,081
JOHNSON|FRANKLIN13,47,1.000000000000,Johnson,081
JOHNSON|FRANKLIN14,47,1.000000000000,Johnson,081
JOHNSON|FRANKLIN15,47,0.999912572861,Johnson,081
JOHNSON|FRANKLIN15,58,0.000087427139,Johnson,081
JOHNSON|FRANKLIN16,47,1.000000000000,Johnson,081
JOHNSON|FRANKLIN17,47,1.000000000000,Johnson,081
JOHNSON|FRANKLIN18,47,1.000000000000,Johnson,081
JOHNSON|FRANKLIN19,47,1.000000000000,Johnson,081
JOHNSON|FRANKLIN2,47,1.000000000000,Johnson,081
JOHNSON|FRANKLIN20,47,0.999950373271,Johnson,081
JOHNSON|FRANKLIN20,58,0.000049626729,Johnson,081
JOHNSON|FRANKLIN3,47,1.000000000000,Johnson,081
JOHNSON|FRANKLIN4,47,1.000000000000,Johnson,081
JOHNSON|FRANKLIN5,47,1.000000000000,Johnson,081
JOHNSON|FRANKLIN6,47,1.000000000000,Johnson,081
JOHNSON|FRANKLIN7,47,1.000000000000,Johnson,081
JOHNSON|FRANKLIN8,47,0.999980541582,Johnson,081
JOHNSON|FRANKLIN8,58,0.000019458418,Johnson,081
JOHNSON|FRANKLIN9,47,1.000000000000,Johnson,081
JOHNSON|HENSLEY1,47,0.999858880929,Johnson,081
JOHNSON|HENSLEY1,60,0.000141119071,Johnson,081
JOHNSON|HENSLEY2,47,0.999951099273,Johnson,081
JOHNSON|HENSLEY2,60,0.000009633874,Johnson,081
JOHNSON|HENSLEY2,62,0.000039266853,Johnson,081
JOHNSON|HENSLEY3,47,1.000000000000,Johnson,081
JOHNSON|HENSLEY3,62,0.000000000000,Johnson,081
JOHNSON|NEEDHAM1,47,1.000000000000,Johnson,081
JOHNSON|NEEDHAM2,47,1.000000000000,Johnson,081
JOHNSON|NEEDHAM3,47,0.999982130347,Johnson,081
JOHNSON|NEEDHAM3,58,0.000017869653,Johnson,081
JOHNSON|NEEDHAM4,47,1.000000000000,Johnson,081
JOHNSON|NEEDHAM5,47,1.000000000000,Johnson,081
JOHNSON|NINEVEH1,47,0.999897725788,Johnson,081
JOHNSON|NINEVEH1,59,0.000102273260,Johnson,081
JOHNSON|NINEVEH1,62,0.000000000952,Johnson,081
JOHNSON|NINEVEH2,47,0.999998936952,Johnson,081
JOHNSON|NINEVEH2,62,0.000001063048,Johnson,081
JOHNSON|NINEVEH3,47,1.000000000000,Johnson,081
JOHNSON|NINEVEH4NV,47,1.000000000000,Johnson,081
JOHNSON|PLEASANT1,58,1.000000000000,Johnson,081
JOHNSON|PLEASANT10,58,1.000000000000,Johnson,081
JOHNSON|PLEASANT11,57,0.001042852578,Johnson,081
JOHNSON|PLEASANT11,58,0.998957147422,Johnson,081
JOHNSON|PLEASANT12,58,1.000000000000,Johnson,081
JOHNSON|PLEASANT13,58,0.999999652695,Johnson,081
JOHNSON|PLEASANT13,93,0.000000347305,Johnson,081
JOHNSON|PLEASANT14,58,1.000000000000,Johnson,081
JOHNSON|PLEASANT15,58,1.000000000000,Johnson,081
JOHNSON|PLEASANT16,58,1.000000000000,Johnson,081
JOHNSON|PLEASANT17,58,1.000000000000,Johnson,081
JOHNSON|PLEASANT18,58,1.000000000000,Johnson,081
JOHNSON|PLEASANT19,58,1.000000000000,Johnson,081
JOHNSON|PLEASANT2,58,1.000000000000,Johnson,081
JOHNSON|PLEASANT20,58,0.999908964357,Johnson,081
JOHNSON|PLEASANT20,90,0.000091035643,Johnson,081
JOHNSON|PLEASANT21,47,0.000000332622,Johnson,081
JOHNSON|PLEASANT21,58,0.999999667378,Johnson,081
JOHNSON|PLEASANT22,47,0.000141501317,Johnson,081
JOHNSON|PLEASANT22,57,0.000000516205,Johnson,081
JOHNSON|PLEASANT22,58,0.999857982478,Johnson,081
JOHNSON|PLEASANT23,58,0.999965683225,Johnson,081
JOHNSON|PLEASANT23,93,0.000034316775,Johnson,081
JOHNSON|PLEASANT24,58,1.000000000000,Johnson,081
JOHNSON|PLEASANT25,58,1.000000000000,Johnson,081
JOHNSON|PLEASANT26,58,0.999943946337,Johnson,081
JOHNSON|PLEASANT26,93,0.000056053663,Johnson,081
JOHNSON|PLEASANT27,58,1.000000000000,Johnson,081
JOHNSON|PLEASANT28,57,0.000023287468,Johnson,081
JOHNSON|PLEASANT28,58,0.999976712532,Johnson,081
JOHNSON|PLEASANT29,58,1.000000000000,Johnson,081
JOHNSON|PLEASANT3,58,1.000000000000,Johnson,081
JOHNSON|PLEASANT30,58,0.999188984893,Johnson,081
JOHNSON|PLEASANT30,90,0.000811015107,Johnson,081
JOHNSON|PLEASANT31,47,0.000264639879,Johnson,081
JOHNSON|PLEASANT31,58,0.999735360121,Johnson,081
JOHNSON|PLEASANT32,58,0.999920156131,Johnson,081
JOHNSON|PLEASANT32,90,0.000079843869,Johnson,081
JOHNSON|PLEASANT33,58,1.000000000000,Johnson,081
JOHNSON|PLEASANT34,47,0.000386145311,Johnson,081
JOHNSON|PLEASANT34,58,0.999613854689,Johnson,081
JOHNSON|PLEASANT35,57,0.000024207703,Johnson,081
JOHNSON|PLEASANT35,58,0.999975792297,Johnson,081
JOHNSON|PLEASANT36,58,0.999959613037,Johnson,081
JOHNSON|PLEASANT36,93,0.000040386963,Johnson,081
JOHNSON|PLEASANT37,58,1.000000000000,Johnson,081
JOHNSON|PLEASANT38,58,1.000000000000,Johnson,081
JOHNSON|PLEASANT39,58,1.000000000000,Johnson,081
JOHNSON|PLEASANT4,58,1.000000000000,Johnson,081
JOHNSON|PLEASANT40,58,1.000000000000,Johnson,081
JOHNSON|PLEASANT41,47,0.000192600571,Johnson,081
JOHNSON|PLEASANT41,58,0.999807399429,Johnson,081
JOHNSON|PLEASANT42,58,1.000000000000,Johnson,081
JOHNSON|PLEASANT43,58,1.000000000000,Johnson,081
JOHNSON|PLEASANT44,58,1.000000000000,Johnson,081
JOHNSON|PLEASANT45,58,1.000000000000,Johnson,081
JOHNSON|PLEASANT46,47,0.000053805927,Johnson,081
JOHNSON|PLEASANT46,58,0.999946194073,Johnson,081
JOHNSON|PLEASANT47,58,1.000000000000,Johnson,081
JOHNSON|PLEASANT48,58,1.000000000000,Johnson,081
JOHNSON|PLEASANT49,58,1.000000000000,Johnson,081
JOHNSON|PLEASANT5,58,1.000000000000,Johnson,081
JOHNSON|PLEASANT6,58,1.000000000000,Johnson,081
JOHNSON|PLEASANT7,58,1.000000000000,Johnson,081
JOHNSON|PLEASANT8,58,1.000000000000,Johnson,081
JOHNSON|PLEASANT9,58,1.000000000000,Johnson,081
JOHNSON|UNION1,47,0.999904770233,Johnson,081
JOHNSON|UNION1,60,0.000095229767,Johnson,081
JOHNSON|UNION2,47,0.999990632634,Johnson,081
JOHNSON|UNION2,60,0.000009367366,Johnson,081
JOHNSON|UNION3,47,1.000000000000,Johnson,081
JOHNSON|WHITERIVER1,57,0.998109043478,Johnson,081
JOHNSON|WHITERIVER1,60,0.001890956522,Johnson,081
JOHNSON|WHITERIVER10,57,1.000000000000,Johnson,081
JOHNSON|WHITERIVER11,57,0.999834555797,Johnson,081
JOHNSON|WHITERIVER11,60,0.000165444203,Johnson,081
JOHNSON|WHITERIVER12,57,0.000095946156,Johnson,081
JOHNSON|WHITERIVER12,60,0.999904053844,Johnson,081
JOHNSON|WHITERIVER13,47,0.000223078435,Johnson,081
JOHNSON|WHITERIVER13,57,0.000014783799,Johnson,081
JOHNSON|WHITERIVER13,60,0.999762137766,Johnson,081
JOHNSON|WHITERIVER14,57,0.999994733229,Johnson,081
JOHNSON|WHITERIVER14,91,0.000005266771,Johnson,081
JOHNSON|WHITERIVER15,47,0.999828444028,Johnson,081
JOHNSON|WHITERIVER15,58,0.000101965333,Johnson,081
JOHNSON|WHITERIVER15,60,0.000069590639,Johnson,081
JOHNSON|WHITERIVER16,57,0.999520722197,Johnson,081
JOHNSON|WHITERIVER16,60,0.000479277803,Johnson,081
JOHNSON|WHITERIVER17,57,1.000000000000,Johnson,081
JOHNSON|WHITERIVER18,57,0.999933371154,Johnson,081
JOHNSON|WHITERIVER18,91,0.000066628846,Johnson,081
JOHNSON|WHITERIVER19,57,0.001907693377,Johnson,081
JOHNSON|WHITERIVER19,58,0.998092306623,Johnson,081
JOHNSON|WHITERIVER2,57,1.000000000000,Johnson,081
JOHNSON|WHITERIVER20,57,1.000000000000,Johnson,081
JOHNSON|WHITERIVER21,47,0.999862638687,Johnson,081
JOHNSON|WHITERIVER21,57,0.000003038747,Johnson,081
JOHNSON|WHITERIVER21,58,0.000016084127,Johnson,081
JOHNSON|WHITERIVER21,60,0.000118238439,Johnson,081
JOHNSON|WHITERIVER22,60,1.000000000000,Johnson,081
JOHNSON|WHITERIVER23,57,0.001332292289,Johnson,081
JOHNSON|WHITERIVER23,58,0.998652350285,Johnson,081
JOHNSON|WHITERIVER23,93,0.000015357426,Johnson,081
JOHNSON|WHITERIVER24,57,0.000818060542,Johnson,081
JOHNSON|WHITERIVER24,60,0.999181939458,Johnson,081
JOHNSON|WHITERIVER25,57,0.990115393566,Johnson,081
JOHNSON|WHITERIVER25,58,0.009884606434,Johnson,081
JOHNSON|WHITERIVER26,57,0.999971657083,Johnson,081
JOHNSON|WHITERIVER26,91,0.000028342917,Johnson,081
JOHNSON|WHITERIVER27,57,0.999971691151,Johnson,081
JOHNSON|WHITERIVER27,58,0.000028308849,Johnson,081
JOHNSON|WHITERIVER28,60,1.000000000000,Johnson,081
JOHNSON|WHITERIVER29,57,1.000000000000,Johnson,081
JOHNSON|WHITERIVER3,57,0.999825860797,Johnson,081
JOHNSON|WHITERIVER3,60,0.000174139203,Johnson,081
JOHNSON|WHITERIVER30,57,0.994305307649,Johnson,081
JOHNSON|WHITERIVER30,58,0.005694692351,Johnson,081
JOHNSON|WHITERIVER31,57,0.999839145624,Johnson,081
JOHNSON|WHITERIVER31,58,0.000160854376,Johnson,081
JOHNSON|WHITERIVER32,57,0.999538734050,Johnson,081
JOHNSON|WHITERIVER32,60,0.000461265950,Johnson,081
JOHNSON|WHITERIVER33,57,0.999534513161,Johnson,081
JOHNSON|WHITERIVER33,60,0.000465486839,Johnson,081
JOHNSON|WHITERIVER34,57,0.005009985719,Johnson,081
JOHNSON|WHITERIVER34,60,0.994990014281,Johnson,081
JOHNSON|WHITERIVER35,47,0.000257527705,Johnson,081
JOHNSON|WHITERIVER35,60,0.999742472295,Johnson,081
JOHNSON|WHITERIVER36,57,1.000000000000,Johnson,081
JOHNSON|WHITERIVER37,47,0.000167178257,Johnson,081
JOHNSON|WHITERIVER37,57,0.999656024622,Johnson,081
JOHNSON|WHITERIVER37,58,0.000176797121,Johnson,081
JOHNSON|WHITERIVER38,60,1.000000000000,Johnson,081
JOHNSON|WHITERIVER39,47,0.999943904165,Johnson,081
JOHNSON|WHITERIVER39,58,0.000027753937,Johnson,081
JOHNSON|WHITERIVER39,60,0.000028341898,Johnson,081
JOHNSON|WHITERIVER4,60,1.000000000000,Johnson,081
JOHNSON|WHITERIVER40,57,1.000000000000,Johnson,081
JOHNSON|WHITERIVER41,60,1.000000000000,Johnson,081
JOHNSON|WHITERIVER42,57,1.000000000000,Johnson,081
JOHNSON|WHITERIVER43,47,0.000192479891,Johnson,081
JOHNSON|WHITERIVER43,60,0.999807520109,Johnson,081
JOHNSON|WHITERIVER5,58,0.999650353897,Johnson,081
JOHNSON|WHITERIVER5,93,0.000349646103,Johnson,081
JOHNSON|WHITERIVER6,57,0.999989191449,Johnson,081
JOHNSON|WHITERIVER6,91,0.000010808551,Johnson,081
JOHNSON|WHITERIVER7,57,1.000000000000,Johnson,081
JOHNSON|WHITERIVER8,47,0.000178542496,Johnson,081
JOHNSON|WHITERIVER8,60,0.999821457504,Johnson,081
JOHNSON|WHITERIVER9,47,1.000000000000,Johnson,081
KNOX|BICKNELL1,45,1.000000000000,Knox,083
KNOX|BICKNELL2,45,1.000000000000,Knox,083
KNOX|BICKNELL3,45,1.000000000000,Knox,083
KNOX|BICKNELL4,45,1.000000000000,Knox,083
KNOX|BUSSERON,45,1.000000000000,Knox,083
KNOX|DECKER,64,1.000000000000,Knox,083
KNOX|HARRISON,63,0.000128159820,Knox,083
KNOX|HARRISON,64,0.999635372229,Knox,083
KNOX|HARRISON,75,0.000236467951,Knox,083
KNOX|JOHNSON,64,0.999966164090,Knox,083
KNOX|JOHNSON,75,0.000033835910,Knox,083
KNOX|PALMYRA,45,0.000008119885,Knox,083
KNOX|PALMYRA,64,0.999991880115,Knox,083
KNOX|STEEN,45,0.000018859528,Knox,083
KNOX|STEEN,63,0.000678482609,Knox,083
KNOX|STEEN,64,0.999302657863,Knox,083
KNOX|VIGO1,45,0.999733309309,Knox,083
KNOX|VIGO1,63,0.000266690691,Knox,083
KNOX|VIGO2,45,0.999688905582,Knox,083
KNOX|VIGO2,63,0.000311094418,Knox,083
KNOX|VIGO3,45,0.998591324495,Knox,083
KNOX|VIGO3,63,0.001405857592,Knox,083
KNOX|VIGO3,64,0.000002817912,Knox,083
KNOX|VINCENNESCITY1,64,1.000000000000,Knox,083
KNOX|VINCENNESCITY10,64,1.000000000000,Knox,083
KNOX|VINCENNESCITY11,64,1.000000000000,Knox,083
KNOX|VINCENNESCITY12,64,1.000000000000,Knox,083
KNOX|VINCENNESCITY2,64,1.000000000000,Knox,083
KNOX|VINCENNESCITY3,64,1.000000000000,Knox,083
KNOX|VINCENNESCITY4,64,1.000000000000,Knox,083
KNOX|VINCENNESCITY5,64,1.000000000000,Knox,083
KNOX|VINCENNESCITY6,64,1.000000000000,Knox,083
KNOX|VINCENNESCITY7,64,1.000000000000,Knox,083
KNOX|VINCENNESCITY8,64,1.000000000000,Knox,083
KNOX|VINCENNESCITY9,64,1.000000000000,Knox,083
KNOX|VINCENNESTWP1,45,0.000137953436,Knox,083
KNOX|VINCENNESTWP1,64,0.999862046564,Knox,083
KNOX|VINCENNESTWP2,45,0.000003077324,Knox,083
KNOX|VINCENNESTWP2,64,0.999996922676,Knox,083
KNOX|VINCENNESTWP3,64,1.000000000000,Knox,083
KNOX|VINCENNESTWP4,64,1.000000000000,Knox,083
KNOX|VINCENNESTWP5,64,1.000000000000,Knox,083
KNOX|WASHINGTON,45,0.999993112589,Knox,083
KNOX|WASHINGTON,64,0.000006887411,Knox,083
KNOX|WIDNER,45,1.000000000000,Knox,083
KOSCIUSKO|CLAY1,22,1.000000000000,Kosciusko,085
KOSCIUSKO|CLAY2,22,1.000000000000,Kosciusko,085
KOSCIUSKO|ETNA,17,0.000019427758,Kosciusko,085
KOSCIUSKO|ETNA,22,0.999980572242,Kosciusko,085
KOSCIUSKO|FRANKLIN1,17,0.000038771253,Kosciusko,085
KOSCIUSKO|FRANKLIN1,22,0.999961228747,Kosciusko,085
KOSCIUSKO|FRANKLIN2,17,0.000206223523,Kosciusko,085
KOSCIUSKO|FRANKLIN2,22,0.999793776477,Kosciusko,085
KOSCIUSKO|HARRISON1,22,1.000000000000,Kosciusko,085
KOSCIUSKO|HARRISON2,17,0.000004234071,Kosciusko,085
KOSCIUSKO|HARRISON2,22,0.999995765929,Kosciusko,085
KOSCIUSKO|HARRISON3,22,1.000000000000,Kosciusko,085
KOSCIUSKO|JACKSON1,22,0.999992088491,Kosciusko,085
KOSCIUSKO|JACKSON1,83,0.000007911509,Kosciusko,085
KOSCIUSKO|JACKSON2,22,0.999933532669,Kosciusko,085
KOSCIUSKO|JACKSON2,50,0.000049632589,Kosciusko,085
KOSCIUSKO|JACKSON2,83,0.000016834742,Kosciusko,085
KOSCIUSKO|JEFFERSON1,21,0.000007516620,Kosciusko,085
KOSCIUSKO|JEFFERSON1,22,0.999992483380,Kosciusko,085
KOSCIUSKO|JEFFERSON2,21,0.000074381966,Kosciusko,085
KOSCIUSKO|JEFFERSON2,22,0.999925618034,Kosciusko,085
KOSCIUSKO|JEFFERSON3,21,0.000033246770,Kosciusko,085
KOSCIUSKO|JEFFERSON3,22,0.999966753230,Kosciusko,085
KOSCIUSKO|LAKE1,22,1.000000000000,Kosciusko,085
KOSCIUSKO|LAKE2,22,1.000000000000,Kosciusko,085
KOSCIUSKO|MONROE,22,0.999980893972,Kosciusko,085
KOSCIUSKO|MONROE,83,0.000019106028,Kosciusko,085
KOSCIUSKO|PLAIN1,18,0.000060894617,Kosciusko,085
KOSCIUSKO|PLAIN1,22,0.999939105383,Kosciusko,085
KOSCIUSKO|PLAIN2,22,1.000000000000,Kosciusko,085
KOSCIUSKO|PLAIN3,22,1.000000000000,Kosciusko,085
KOSCIUSKO|PLAIN4,18,0.000034273914,Kosciusko,085
KOSCIUSKO|PLAIN4,22,0.999965726086,Kosciusko,085
KOSCIUSKO|PLAIN5CITYOFWARSAW,22,1.000000000000,Kosciusko,085
KOSCIUSKO|PLAIN6,22,1.000000000000,Kosciusko,085
KOSCIUSKO|PLAIN7,22,1.000000000000,Kosciusko,085
KOSCIUSKO|PRAIRIE1,22,1.000000000000,Kosciusko,085
KOSCIUSKO|PRAIRIE2,22,1.000000000000,Kosciusko,085
KOSCIUSKO|PRAIRIE2WARSAW,22,1.000000000000,Kosciusko,085
KOSCIUSKO|SCOTT,17,0.000046039111,Kosciusko,085
KOSCIUSKO|SCOTT,21,0.000000036855,Kosciusko,085
KOSCIUSKO|SCOTT,22,0.999953924033,Kosciusko,085
KOSCIUSKO|SEWARD1,22,1.000000000000,Kosciusko,085
KOSCIUSKO|SEWARD2,17,0.000008528737,Kosciusko,085
KOSCIUSKO|SEWARD2,22,0.999991471263,Kosciusko,085
KOSCIUSKO|TIPPECANOE1,18,1.000000000000,Kosciusko,085
KOSCIUSKO|TIPPECANOE2,18,0.999882749703,Kosciusko,085
KOSCIUSKO|TIPPECANOE2,22,0.000117250297,Kosciusko,085
KOSCIUSKO|TIPPECANOE3,18,0.999844544969,Kosciusko,085
KOSCIUSKO|TIPPECANOE3,22,0.000155455031,Kosciusko,085
KOSCIUSKO|TIPPECANOE4,18,0.999971955837,Kosciusko,085
KOSCIUSKO|TIPPECANOE4,22,0.000028044163,Kosciusko,085
KOSCIUSKO|TURKEYCREEK1,18,1.000000000000,Kosciusko,085
KOSCIUSKO|TURKEYCREEK2,18,1.000000000000,Kosciusko,085
KOSCIUSKO|TURKEYCREEK3,18,1.000000000000,Kosciusko,085
KOSCIUSKO|TURKEYCREEK4,18,0.999864822081,Kosciusko,085
KOSCIUSKO|TURKEYCREEK4,22,0.000135177919,Kosciusko,085
KOSCIUSKO|TURKEYCREEK5,18,0.999916988255,Kosciusko,085
KOSCIUSKO|TURKEYCREEK5,22,0.000083011745,Kosciusko,085
KOSCIUSKO|TURKEYCREEK6,18,1.000000000000,Kosciusko,085
KOSCIUSKO|TURKEYCREEK7NV,18,1.000000000000,Kosciusko,085
KOSCIUSKO|VANBUREN1,18,0.000057498452,Kosciusko,085
KOSCIUSKO|VANBUREN1,22,0.999942501548,Kosciusko,085
KOSCIUSKO|VANBUREN2,22,1.000000000000,Kosciusko,085
KOSCIUSKO|VANBUREN3,18,0.000002957307,Kosciusko,085
KOSCIUSKO|VANBUREN3,22,0.999997042693,Kosciusko,085
KOSCIUSKO|WARD1PRECINCT1,22,1.000000000000,Kosciusko,085
KOSCIUSKO|WARD1PRECINCT2,22,1.000000000000,Kosciusko,085
KOSCIUSKO|WARD1PRECINCT3NV,22,1.000000000000,Kosciusko,085
KOSCIUSKO|WARD1PRECINCT4,22,1.000000000000,Kosciusko,085
KOSCIUSKO|WARD2PRECINCT1,22,1.000000000000,Kosciusko,085
KOSCIUSKO|WARD2PRECINCT2,22,1.000000000000,Kosciusko,085
KOSCIUSKO|WARD2PRECINCT3NV,22,1.000000000000,Kosciusko,085
KOSCIUSKO|WARD3PRECINCT1,22,1.000000000000,Kosciusko,085
KOSCIUSKO|WARD3PRECINCT2,22,1.000000000000,Kosciusko,085
KOSCIUSKO|WARD3PRECINCT3,22,1.000000000000,Kosciusko,085
KOSCIUSKO|WARD4PRECINCT1,22,1.000000000000,Kosciusko,085
KOSCIUSKO|WARD4PRECINCT2,22,1.000000000000,Kosciusko,085
KOSCIUSKO|WARD4PRECINCT3,22,1.000000000000,Kosciusko,085
KOSCIUSKO|WARD5PRECINCT1,22,1.000000000000,Kosciusko,085
KOSCIUSKO|WARD5PRECINCT2,22,1.000000000000,Kosciusko,085
KOSCIUSKO|WARD5PRECINCT3,22,1.000000000000,Kosciusko,085
KOSCIUSKO|WASHINGTON1,18,0.000019693527,Kosciusko,085
KOSCIUSKO|WASHINGTON1,22,0.999980306473,Kosciusko,085
KOSCIUSKO|WASHINGTON2,18,0.000054474318,Kosciusko,085
KOSCIUSKO|WASHINGTON2,22,0.999945525682,Kosciusko,085
KOSCIUSKO|WASHINGTON3,22,0.999936681573,Kosciusko,085
KOSCIUSKO|WASHINGTON3,83,0.000063318427,Kosciusko,085
KOSCIUSKO|WAYNE1,22,1.000000000000,Kosciusko,085
KOSCIUSKO|WAYNE10,22,1.000000000000,Kosciusko,085
KOSCIUSKO|WAYNE11,22,1.000000000000,Kosciusko,085
KOSCIUSKO|WAYNE2,22,1.000000000000,Kosciusko,085
KOSCIUSKO|WAYNE3,22,1.000000000000,Kosciusko,085
KOSCIUSKO|WAYNE4,22,1.000000000000,Kosciusko,085
KOSCIUSKO|WAYNE5,22,1.000000000000,Kosciusko,085
KOSCIUSKO|WAYNE6,22,1.000000000000,Kosciusko,085
KOSCIUSKO|WAYNE7,22,1.000000000000,Kosciusko,085
KOSCIUSKO|WAYNE8,22,1.000000000000,Kosciusko,085
KOSCIUSKO|WAYNE9,22,1.000000000000,Kosciusko,085
LAGRANGE|BLOOMFIELDI,51,1.000000000000,LaGrange,087
LAGRANGE|BLOOMFIELDII,51,1.000000000000,LaGrange,087
LAGRANGE|BLOOMFIELDIII,51,1.000000000000,LaGrange,087
LAGRANGE|BLOOMFIELDIV,51,1.000000000000,LaGrange,087
LAGRANGE|CLAYTOWNSHIP,51,1.000000000000,LaGrange,087
LAGRANGE|CLEARSPRINGTOWNSHIP,18,0.000066080175,LaGrange,087
LAGRANGE|CLEARSPRINGTOWNSHIP,51,0.999933919825,LaGrange,087
LAGRANGE|EDENTOWNSHIP,18,0.000029443142,LaGrange,087
LAGRANGE|EDENTOWNSHIP,49,0.000069439709,LaGrange,087
LAGRANGE|EDENTOWNSHIP,51,0.999901117149,LaGrange,087
LAGRANGE|GREENFIELDTOWNSHIP,51,1.000000000000,LaGrange,087
LAGRANGE|JOHNSONNORTH,51,1.000000000000,LaGrange,087
LAGRANGE|JOHNSONSOUTH,18,0.000053212785,LaGrange,087
LAGRANGE|JOHNSONSOUTH,51,0.999946787215,LaGrange,087
LAGRANGE|LIMATOWNSHIP,51,1.000000000000,LaGrange,087
LAGRANGE|MILFORDEAST,51,0.999944542986,LaGrange,087
LAGRANGE|MILFORDEAST,52,0.000055457014,LaGrange,087
LAGRANGE|MILFORDWEST,51,0.999966816167,LaGrange,087
LAGRANGE|MILFORDWEST,52,0.000033183833,LaGrange,087
LAGRANGE|NEWBURYTOWNSHIP,49,0.000023803268,LaGrange,087
LAGRANGE|NEWBURYTOWNSHIP,51,0.999976196732,LaGrange,087
LAGRANGE|SPRINGFIELDTOWNSHIP,51,1.000000000000,LaGrange,087
LAGRANGE|VANBURENTOWNSHIP,49,0.000023556852,LaGrange,087
LAGRANGE|VANBURENTOWNSHIP,51,0.999976443148,LaGrange,087
LAKE|CALUMETTOWNSHIPPRECINCT10,2,0.000522970118,Lake,089
LAKE|CALUMETTOWNSHIPPRECINCT10,14,0.999477029882,Lake,089
LAKE|CALUMETTOWNSHIPPRECINCT12,12,0.000034121064,Lake,089
LAKE|CALUMETTOWNSHIPPRECINCT12,14,0.999965878936,Lake,089
LAKE|CALUMETTOWNSHIPPRECINCT14,14,1.000000000000,Lake,089
LAKE|CALUMETTOWNSHIPPRECINCT5,14,1.000000000000,Lake,089
LAKE|CALUMETTOWNSHIPPRECINCT6,2,0.000024791778,Lake,089
LAKE|CALUMETTOWNSHIPPRECINCT6,12,0.000023424973,Lake,089
LAKE|CALUMETTOWNSHIPPRECINCT6,14,0.999951783249,Lake,089
LAKE|CEDARCREEKTOWNSHIPPRECINCT1,11,1.000000000000,Lake,089
LAKE|CEDARCREEKTOWNSHIPPRECINCT2,11,1.000000000000,Lake,089
LAKE|CEDARCREEKTOWNSHIPPRECINCT4,11,1.000000000000,Lake,089
LAKE|CEDARCREEKTOWNSHIPPRECINCT5,11,1.000000000000,Lake,089
LAKE|CEDARCREEKTOWNSHIPPRECINCT6,11,1.000000000000,Lake,089
LAKE|CEDARCREEKTOWNSHIPPRECINCT7,11,1.000000000000,Lake,089
LAKE|CEDARCREEKTOWNSHIPPRECINCT8,11,1.000000000000,Lake,089
LAKE|CEDARCREEKTOWNSHIPPRECINCT9,11,0.999992565493,Lake,089
LAKE|CEDARCREEKTOWNSHIPPRECINCT9,19,0.000007434507,Lake,089
LAKE|CEDARLAKEPRECINCT1,11,0.754253904083,Lake,089
LAKE|CEDARLAKEPRECINCT1,19,0.245746095917,Lake,089
LAKE|CEDARLAKEPRECINCT10,11,0.999937398479,Lake,089
LAKE|CEDARLAKEPRECINCT10,19,0.000062601521,Lake,089
LAKE|CEDARLAKEPRECINCT2,11,1.000000000000,Lake,089
LAKE|CEDARLAKEPRECINCT3,11,0.999991788886,Lake,089
LAKE|CEDARLAKEPRECINCT3,15,0.000008211114,Lake,089
LAKE|CEDARLAKEPRECINCT5,11,1.000000000000,Lake,089
LAKE|CEDARLAKEPRECINCT6,11,0.997672270603,Lake,089
LAKE|CEDARLAKEPRECINCT6,19,0.002327729397,Lake,089
LAKE|CEDARLAKEPRECINCT7,11,1.000000000000,Lake,089
LAKE|CEDARLAKEPRECINCT8,11,1.000000000000,Lake,089
LAKE|CEDARLAKEPRECINCT9,11,1.000000000000,Lake,089
LAKE|CENTERTOWNSHIPPRECINCT1,19,1.000000000000,Lake,089
LAKE|CENTERTOWNSHIPPRECINCT3,11,0.000029329646,Lake,089
LAKE|CENTERTOWNSHIPPRECINCT3,19,0.999970670354,Lake,089
LAKE|CENTERTOWNSHIPPRECINCT4,19,1.000000000000,Lake,089
LAKE|CENTERTOWNSHIPPRECINCT5,11,0.000256575101,Lake,089
LAKE|CENTERTOWNSHIPPRECINCT5,14,0.000008400652,Lake,089
LAKE|CENTERTOWNSHIPPRECINCT5,15,0.000094058015,Lake,089
LAKE|CENTERTOWNSHIPPRECINCT5,19,0.999640966232,Lake,089
LAKE|CENTERTOWNSHIPPRECINCT6,11,0.000000011215,Lake,089
LAKE|CENTERTOWNSHIPPRECINCT6,19,0.999999988785,Lake,089
LAKE|CROWNPOINTPRECINCT10,14,0.999327567214,Lake,089
LAKE|CROWNPOINTPRECINCT10,19,0.000672432786,Lake,089
LAKE|CROWNPOINTPRECINCT11,14,0.999743064489,Lake,089
LAKE|CROWNPOINTPRECINCT11,19,0.000256935511,Lake,089
LAKE|CROWNPOINTPRECINCT12,19,1.000000000000,Lake,089
LAKE|CROWNPOINTPRECINCT13,19,1.000000000000,Lake,089
LAKE|CROWNPOINTPRECINCT14,19,1.000000000000,Lake,089
LAKE|CROWNPOINTPRECINCT15,14,0.000197525121,Lake,089
LAKE|CROWNPOINTPRECINCT15,19,0.999802474879,Lake,089
LAKE|CROWNPOINTPRECINCT18,14,0.001278346473,Lake,089
LAKE|CROWNPOINTPRECINCT18,19,0.998721653527,Lake,089
LAKE|CROWNPOINTPRECINCT19,19,1.000000000000,Lake,089
LAKE|CROWNPOINTPRECINCT2,19,1.000000000000,Lake,089
LAKE|CROWNPOINTPRECINCT20,19,1.000000000000,Lake,089
LAKE|CROWNPOINTPRECINCT21,14,0.999891399057,Lake,089
LAKE|CROWNPOINTPRECINCT21,19,0.000108600943,Lake,089
LAKE|CROWNPOINTPRECINCT24,19,1.000000000000,Lake,089
LAKE|CROWNPOINTPRECINCT25,14,0.001189071869,Lake,089
LAKE|CROWNPOINTPRECINCT25,19,0.998810928131,Lake,089
LAKE|CROWNPOINTPRECINCT26,14,0.999985561239,Lake,089
LAKE|CROWNPOINTPRECINCT26,19,0.000014438761,Lake,089
LAKE|CROWNPOINTPRECINCT29,19,1.000000000000,Lake,089
LAKE|CROWNPOINTPRECINCT30,19,1.000000000000,Lake,089
LAKE|CROWNPOINTPRECINCT31,19,1.000000000000,Lake,089
LAKE|CROWNPOINTPRECINCT32,19,1.000000000000,Lake,089
LAKE|CROWNPOINTPRECINCT4,19,1.000000000000,Lake,089
LAKE|CROWNPOINTPRECINCT5,14,0.000525043128,Lake,089
LAKE|CROWNPOINTPRECINCT5,19,0.999474956872,Lake,089
LAKE|CROWNPOINTPRECINCT6,19,1.000000000000,Lake,089
LAKE|CROWNPOINTPRECINCT9,19,1.000000000000,Lake,089
LAKE|DYERPRECINCT1,12,0.000019646167,Lake,089
LAKE|DYERPRECINCT1,15,0.999980353833,Lake,089
LAKE|DYERPRECINCT10,15,1.000000000000,Lake,089
LAKE|DYERPRECINCT11,15,1.000000000000,Lake,089
LAKE|DYERPRECINCT14,15,1.000000000000,Lake,089
LAKE|DYERPRECINCT2,15,1.000000000000,Lake,089
LAKE|DYERPRECINCT3,15,1.000000000000,Lake,089
LAKE|DYERPRECINCT4,12,0.000168839191,Lake,089
LAKE|DYERPRECINCT4,15,0.999831160809,Lake,089
LAKE|DYERPRECINCT5,15,1.000000000000,Lake,089
LAKE|DYERPRECINCT6,15,1.000000000000,Lake,089
LAKE|DYERPRECINCT7,15,1.000000000000,Lake,089
LAKE|DYERPRECINCT8,15,1.000000000000,Lake,089
LAKE|DYERPRECINCT9,12,0.000079784134,Lake,089
LAKE|DYERPRECINCT9,15,0.999920215866,Lake,089
LAKE|EAGLECREEKTOWNSHIPPRECINCT1,11,0.900342490711,Lake,089
LAKE|EAGLECREEKTOWNSHIPPRECINCT1,19,0.099657509289,Lake,089
LAKE|EASTCHICAGOPRECINCT11,1,0.992870081442,Lake,089
LAKE|EASTCHICAGOPRECINCT11,2,0.007129918558,Lake,089
LAKE|EASTCHICAGOPRECINCT13,2,1.000000000000,Lake,089
LAKE|EASTCHICAGOPRECINCT17,1,0.001818465627,Lake,089
LAKE|EASTCHICAGOPRECINCT17,2,0.998181534373,Lake,089
LAKE|EASTCHICAGOPRECINCT2,2,1.000000000000,Lake,089
LAKE|EASTCHICAGOPRECINCT22,2,1.000000000000,Lake,089
LAKE|EASTCHICAGOPRECINCT23,2,1.000000000000,Lake,089
LAKE|EASTCHICAGOPRECINCT24,1,0.000133597170,Lake,089
LAKE|EASTCHICAGOPRECINCT24,2,0.999784383950,Lake,089
LAKE|EASTCHICAGOPRECINCT24,3,0.000082018880,Lake,089
LAKE|EASTCHICAGOPRECINCT25,2,1.000000000000,Lake,089
LAKE|EASTCHICAGOPRECINCT28,2,1.000000000000,Lake,089
LAKE|EASTCHICAGOPRECINCT3,1,0.000031578420,Lake,089
LAKE|EASTCHICAGOPRECINCT3,2,0.999968421580,Lake,089
LAKE|EASTCHICAGOPRECINCT31,2,1.000000000000,Lake,089
LAKE|EASTCHICAGOPRECINCT33,2,1.000000000000,Lake,089
LAKE|EASTCHICAGOPRECINCT35,2,1.000000000000,Lake,089
LAKE|EASTCHICAGOPRECINCT36,2,0.997185296849,Lake,089
LAKE|EASTCHICAGOPRECINCT36,3,0.002814703151,Lake,089
LAKE|EASTCHICAGOPRECINCT5,1,0.000027427521,Lake,089
LAKE|EASTCHICAGOPRECINCT5,2,0.999972572479,Lake,089
LAKE|EASTCHICAGOPRECINCT7,1,0.000041038903,Lake,089
LAKE|EASTCHICAGOPRECINCT7,2,0.999958961097,Lake,089
LAKE|EASTCHICAGOPRECINCT8,1,0.001591117534,Lake,089
LAKE|EASTCHICAGOPRECINCT8,2,0.998408882466,Lake,089
LAKE|GARYPRECINCT110,3,1.000000000000,Lake,089
LAKE|GARYPRECINCT116,3,1.000000000000,Lake,089
LAKE|GARYPRECINCT118,3,1.000000000000,Lake,089
LAKE|GARYPRECINCT120,3,1.000000000000,Lake,089
LAKE|GARYPRECINCT122,2,0.000495679375,Lake,089
LAKE|GARYPRECINCT122,3,0.999504320625,Lake,089
LAKE|GARYPRECINCT124,3,0.999998544508,Lake,089
LAKE|GARYPRECINCT124,10,0.000001455492,Lake,089
LAKE|GARYPRECINCT13,3,0.999947955669,Lake,089
LAKE|GARYPRECINCT13,10,0.000052044331,Lake,089
LAKE|GARYPRECINCT18,3,1.000000000000,Lake,089
LAKE|GARYPRECINCT21,2,0.002865240393,Lake,089
LAKE|GARYPRECINCT21,3,0.997134759607,Lake,089
LAKE|GARYPRECINCT210,2,1.000000000000,Lake,089
LAKE|GARYPRECINCT212,2,0.999995498867,Lake,089
LAKE|GARYPRECINCT212,3,0.000004501133,Lake,089
LAKE|GARYPRECINCT217,2,0.999994770696,Lake,089
LAKE|GARYPRECINCT217,3,0.000005229304,Lake,089
LAKE|GARYPRECINCT220,2,0.999287956584,Lake,089
LAKE|GARYPRECINCT220,3,0.000712043416,Lake,089
LAKE|GARYPRECINCT221,2,0.999999826891,Lake,089
LAKE|GARYPRECINCT221,3,0.000000173109,Lake,089
LAKE|GARYPRECINCT224,2,0.999901901039,Lake,089
LAKE|GARYPRECINCT224,3,0.000098098961,Lake,089
LAKE|GARYPRECINCT23,3,1.000000000000,Lake,089
LAKE|GARYPRECINCT24,2,0.999340074825,Lake,089
LAKE|GARYPRECINCT24,3,0.000659925175,Lake,089
LAKE|GARYPRECINCT311,2,1.000000000000,Lake,089
LAKE|GARYPRECINCT315,2,1.000000000000,Lake,089
LAKE|GARYPRECINCT316,2,1.000000000000,Lake,089
LAKE|GARYPRECINCT317,2,1.000000000000,Lake,089
LAKE|GARYPRECINCT319,2,1.000000000000,Lake,089
LAKE|GARYPRECINCT321,2,1.000000000000,Lake,089
LAKE|GARYPRECINCT326,2,1.000000000000,Lake,089
LAKE|GARYPRECINCT33,2,0.999977071169,Lake,089
LAKE|GARYPRECINCT33,3,0.000022928439,Lake,089
LAKE|GARYPRECINCT33,12,0.000000000392,Lake,089
LAKE|GARYPRECINCT410,2,0.000010639619,Lake,089
LAKE|GARYPRECINCT410,3,0.999989360381,Lake,089
LAKE|GARYPRECINCT414,3,1.000000000000,Lake,089
LAKE|GARYPRECINCT416,3,1.000000000000,Lake,089
LAKE|GARYPRECINCT422,3,0.999565236648,Lake,089
LAKE|GARYPRECINCT422,14,0.000434763352,Lake,089
LAKE|GARYPRECINCT423,2,0.999637974745,Lake,089
LAKE|GARYPRECINCT423,3,0.000362025255,Lake,089
LAKE|GARYPRECINCT425,3,1.000000000000,Lake,089
LAKE|GARYPRECINCT428,3,0.998131715259,Lake,089
LAKE|GARYPRECINCT428,14,0.001868284741,Lake,089
LAKE|GARYPRECINCT43,2,1.000000000000,Lake,089
LAKE|GARYPRECINCT45,3,1.000000000000,Lake,089
LAKE|GARYPRECINCT51,2,0.000083742398,Lake,089
LAKE|GARYPRECINCT51,3,0.000094451102,Lake,089
LAKE|GARYPRECINCT51,14,0.999821806500,Lake,089
LAKE|GARYPRECINCT513,3,0.999259711103,Lake,089
LAKE|GARYPRECINCT513,14,0.000740288897,Lake,089
LAKE|GARYPRECINCT514,14,1.000000000000,Lake,089
LAKE|GARYPRECINCT516,3,0.995642725524,Lake,089
LAKE|GARYPRECINCT516,14,0.004357274476,Lake,089
LAKE|GARYPRECINCT519,3,0.000609764385,Lake,089
LAKE|GARYPRECINCT519,14,0.999390235615,Lake,089
LAKE|GARYPRECINCT52,3,0.000029982700,Lake,089
LAKE|GARYPRECINCT52,14,0.999970017300,Lake,089
LAKE|GARYPRECINCT524NV,3,0.005122466753,Lake,089
LAKE|GARYPRECINCT524NV,14,0.994877533247,Lake,089
LAKE|GARYPRECINCT53,2,0.999996381220,Lake,089
LAKE|GARYPRECINCT53,12,0.000003618780,Lake,089
LAKE|GARYPRECINCT54,2,0.999991196147,Lake,089
LAKE|GARYPRECINCT54,12,0.000007848141,Lake,089
LAKE|GARYPRECINCT54,14,0.000000955712,Lake,089
LAKE|GARYPRECINCT56,2,0.000052965229,Lake,089
LAKE|GARYPRECINCT56,3,0.999224833976,Lake,089
LAKE|GARYPRECINCT56,14,0.000722200795,Lake,089
LAKE|GARYPRECINCT610,14,1.000000000000,Lake,089
LAKE|GARYPRECINCT612,14,1.000000000000,Lake,089
LAKE|GARYPRECINCT614,14,1.000000000000,Lake,089
LAKE|GARYPRECINCT616,3,0.000005022872,Lake,089
LAKE|GARYPRECINCT616,14,0.999994977128,Lake,089
LAKE|GARYPRECINCT620,3,0.000069315791,Lake,089
LAKE|GARYPRECINCT620,14,0.999930684209,Lake,089
LAKE|GARYPRECINCT64,3,0.000002086718,Lake,089
LAKE|GARYPRECINCT64,14,0.999997913282,Lake,089
LAKE|GARYPRECINCT65,14,1.000000000000,Lake,089
LAKE|GARYPRECINCT67,14,1.000000000000,Lake,089
LAKE|GRIFFITHPRECINCT1,12,1.000000000000,Lake,089
LAKE|GRIFFITHPRECINCT10,12,1.000000000000,Lake,089
LAKE|GRIFFITHPRECINCT11,12,1.000000000000,Lake,089
LAKE|GRIFFITHPRECINCT12,2,0.000044999698,Lake,089
LAKE|GRIFFITHPRECINCT12,12,0.999955000302,Lake,089
LAKE|GRIFFITHPRECINCT15,2,0.000545509352,Lake,089
LAKE|GRIFFITHPRECINCT15,12,0.999454490648,Lake,089
LAKE|GRIFFITHPRECINCT16,12,1.000000000000,Lake,089
LAKE|GRIFFITHPRECINCT17,12,0.999946282813,Lake,089
LAKE|GRIFFITHPRECINCT17,14,0.000053717187,Lake,089
LAKE|GRIFFITHPRECINCT18,12,0.999957746337,Lake,089
LAKE|GRIFFITHPRECINCT18,14,0.000042253663,Lake,089
LAKE|GRIFFITHPRECINCT2,2,0.000001118939,Lake,089
LAKE|GRIFFITHPRECINCT2,12,0.999998881061,Lake,089
LAKE|GRIFFITHPRECINCT3,12,1.000000000000,Lake,089
LAKE|GRIFFITHPRECINCT5,12,0.999983432039,Lake,089
LAKE|GRIFFITHPRECINCT5,14,0.000016567961,Lake,089
LAKE|GRIFFITHPRECINCT6,12,1.000000000000,Lake,089
LAKE|GRIFFITHPRECINCT7,12,0.999676873695,Lake,089
LAKE|GRIFFITHPRECINCT7,15,0.000323126305,Lake,089
LAKE|GRIFFITHPRECINCT9,12,1.000000000000,Lake,089
LAKE|HAMMONDPRECINCT11,1,0.999994121097,Lake,089
LAKE|HAMMONDPRECINCT11,3,0.000005878903,Lake,089
LAKE|HAMMONDPRECINCT110,1,0.999685649891,Lake,089
LAKE|HAMMONDPRECINCT110,2,0.000314350109,Lake,089
LAKE|HAMMONDPRECINCT112,1,1.000000000000,Lake,089
LAKE|HAMMONDPRECINCT116,1,1.000000000000,Lake,089
LAKE|HAMMONDPRECINCT13,1,1.000000000000,Lake,089
LAKE|HAMMONDPRECINCT15,1,1.000000000000,Lake,089
LAKE|HAMMONDPRECINCT17,1,1.000000000000,Lake,089
LAKE|HAMMONDPRECINCT18,1,1.000000000000,Lake,089
LAKE|HAMMONDPRECINCT211,1,0.999913945673,Lake,089
LAKE|HAMMONDPRECINCT211,2,0.000086054327,Lake,089
LAKE|HAMMONDPRECINCT212,1,1.000000000000,Lake,089
LAKE|HAMMONDPRECINCT214,1,1.000000000000,Lake,089
LAKE|HAMMONDPRECINCT23,1,0.999992186471,Lake,089
LAKE|HAMMONDPRECINCT23,2,0.000007813529,Lake,089
LAKE|HAMMONDPRECINCT25,1,1.000000000000,Lake,089
LAKE|HAMMONDPRECINCT26,1,1.000000000000,Lake,089
LAKE|HAMMONDPRECINCT311,1,1.000000000000,Lake,089
LAKE|HAMMONDPRECINCT316,1,1.000000000000,Lake,089
LAKE|HAMMONDPRECINCT33,1,1.000000000000,Lake,089
LAKE|HAMMONDPRECINCT34,1,1.000000000000,Lake,089
LAKE|HAMMONDPRECINCT35,1,1.000000000000,Lake,089
LAKE|HAMMONDPRECINCT37,1,1.000000000000,Lake,089
LAKE|HAMMONDPRECINCT39,1,1.000000000000,Lake,089
LAKE|HAMMONDPRECINCT411,1,1.000000000000,Lake,089
LAKE|HAMMONDPRECINCT412,1,1.000000000000,Lake,089
LAKE|HAMMONDPRECINCT414,1,1.000000000000,Lake,089
LAKE|HAMMONDPRECINCT418,1,0.986363803365,Lake,089
LAKE|HAMMONDPRECINCT418,12,0.013636196635,Lake,089
LAKE|HAMMONDPRECINCT45,1,1.000000000000,Lake,089
LAKE|HAMMONDPRECINCT46,1,1.000000000000,Lake,089
LAKE|HAMMONDPRECINCT47,1,1.000000000000,Lake,089
LAKE|HAMMONDPRECINCT49,1,0.993759090871,Lake,089
LAKE|HAMMONDPRECINCT49,12,0.006240909129,Lake,089
LAKE|HAMMONDPRECINCT512,1,0.998801420337,Lake,089
LAKE|HAMMONDPRECINCT512,12,0.001198579663,Lake,089
LAKE|HAMMONDPRECINCT513,1,1.000000000000,Lake,089
LAKE|HAMMONDPRECINCT514,1,0.997945848910,Lake,089
LAKE|HAMMONDPRECINCT514,2,0.001343697445,Lake,089
LAKE|HAMMONDPRECINCT514,12,0.000710453645,Lake,089
LAKE|HAMMONDPRECINCT515,1,0.000175722627,Lake,089
LAKE|HAMMONDPRECINCT515,2,0.997022248712,Lake,089
LAKE|HAMMONDPRECINCT515,12,0.002802028661,Lake,089
LAKE|HAMMONDPRECINCT517,1,1.000000000000,Lake,089
LAKE|HAMMONDPRECINCT54,1,1.000000000000,Lake,089
LAKE|HAMMONDPRECINCT58,1,0.995591256284,Lake,089
LAKE|HAMMONDPRECINCT58,12,0.004408743716,Lake,089
LAKE|HAMMONDPRECINCT61,1,0.000057464719,Lake,089
LAKE|HAMMONDPRECINCT61,2,0.999942535281,Lake,089
LAKE|HAMMONDPRECINCT610,1,0.000228020711,Lake,089
LAKE|HAMMONDPRECINCT610,2,0.999771979289,Lake,089
LAKE|HAMMONDPRECINCT612,2,1.000000000000,Lake,089
LAKE|HAMMONDPRECINCT613,2,1.000000000000,Lake,089
LAKE|HAMMONDPRECINCT615,2,1.000000000000,Lake,089
LAKE|HAMMONDPRECINCT64,2,1.000000000000,Lake,089
LAKE|HAMMONDPRECINCT65,1,0.000024487832,Lake,089
LAKE|HAMMONDPRECINCT65,2,0.999975512168,Lake,089
LAKE|HAMMONDPRECINCT67,2,1.000000000000,Lake,089
LAKE|HAMMONDPRECINCT68,1,0.000015522557,Lake,089
LAKE|HAMMONDPRECINCT68,2,0.999984477443,Lake,089
LAKE|HAMMONDPRECINCT69,2,1.000000000000,Lake,089
LAKE|HANOVERTOWNSHIPPRECINCT1,11,0.495086233515,Lake,089
LAKE|HANOVERTOWNSHIPPRECINCT1,15,0.504913766485,Lake,089
LAKE|HANOVERTOWNSHIPPRECINCT2,11,0.546600414755,Lake,089
LAKE|HANOVERTOWNSHIPPRECINCT2,15,0.453399585245,Lake,089
LAKE|HIGHLANDPRECINCT10,12,1.000000000000,Lake,089
LAKE|HIGHLANDPRECINCT11,12,1.000000000000,Lake,089
LAKE|HIGHLANDPRECINCT12,12,1.000000000000,Lake,089
LAKE|HIGHLANDPRECINCT15,12,1.000000000000,Lake,089
LAKE|HIGHLANDPRECINCT16,2,0.003354680840,Lake,089
LAKE|HIGHLANDPRECINCT16,12,0.996645319160,Lake,089
LAKE|HIGHLANDPRECINCT19,12,1.000000000000,Lake,089
LAKE|HIGHLANDPRECINCT20,12,1.000000000000,Lake,089
LAKE|HIGHLANDPRECINCT21,12,1.000000000000,Lake,089
LAKE|HIGHLANDPRECINCT23,12,1.000000000000,Lake,089
LAKE|HIGHLANDPRECINCT24,12,1.000000000000,Lake,089
LAKE|HIGHLANDPRECINCT25,12,1.000000000000,Lake,089
LAKE|HIGHLANDPRECINCT26,12,0.999998598877,Lake,089
LAKE|HIGHLANDPRECINCT26,15,0.000001401123,Lake,089
LAKE|HIGHLANDPRECINCT3,1,0.005146182987,Lake,089
LAKE|HIGHLANDPRECINCT3,12,0.994853817013,Lake,089
LAKE|HIGHLANDPRECINCT4,1,0.000808372344,Lake,089
LAKE|HIGHLANDPRECINCT4,12,0.999191627656,Lake,089
LAKE|HIGHLANDPRECINCT5,12,0.999895032565,Lake,089
LAKE|HIGHLANDPRECINCT5,15,0.000104967435,Lake,089
LAKE|HIGHLANDPRECINCT6,2,0.001859792584,Lake,089
LAKE|HIGHLANDPRECINCT6,12,0.998140207416,Lake,089
LAKE|HIGHLANDPRECINCT8,12,1.000000000000,Lake,089
LAKE|HIGHLANDPRECINCT9,12,0.999998923042,Lake,089
LAKE|HIGHLANDPRECINCT9,15,0.000001076958,Lake,089
LAKE|HOBARTPRECINCT10,3,0.999947044671,Lake,089
LAKE|HOBARTPRECINCT10,10,0.000052955329,Lake,089
LAKE|HOBARTPRECINCT11,3,0.999919632263,Lake,089
LAKE|HOBARTPRECINCT11,19,0.000080367737,Lake,089
LAKE|HOBARTPRECINCT12,3,1.000000000000,Lake,089
LAKE|HOBARTPRECINCT15,3,0.998874656980,Lake,089
LAKE|HOBARTPRECINCT15,19,0.001125343020,Lake,089
LAKE|HOBARTPRECINCT16,3,0.999776490285,Lake,089
LAKE|HOBARTPRECINCT16,14,0.000223509715,Lake,089
LAKE|HOBARTPRECINCT19,3,1.000000000000,Lake,089
LAKE|HOBARTPRECINCT2,3,0.999726579092,Lake,089
LAKE|HOBARTPRECINCT2,19,0.000273420908,Lake,089
LAKE|HOBARTPRECINCT20,3,0.999996098967,Lake,089
LAKE|HOBARTPRECINCT20,10,0.000003901033,Lake,089
LAKE|HOBARTPRECINCT21,3,0.999856531014,Lake,089
LAKE|HOBARTPRECINCT21,10,0.000143468986,Lake,089
LAKE|HOBARTPRECINCT22,3,1.000000000000,Lake,089
LAKE|HOBARTPRECINCT23,3,0.999996233900,Lake,089
LAKE|HOBARTPRECINCT23,14,0.000003766100,Lake,089
LAKE|HOBARTPRECINCT24,3,1.000000000000,Lake,089
LAKE|HOBARTPRECINCT25,3,0.999846494933,Lake,089
LAKE|HOBARTPRECINCT25,14,0.000153505067,Lake,089
LAKE|HOBARTPRECINCT27,3,1.000000000000,Lake,089
LAKE|HOBARTPRECINCT29,3,0.000660353884,Lake,089
LAKE|HOBARTPRECINCT29,14,0.000146948579,Lake,089
LAKE|HOBARTPRECINCT29,19,0.999192697537,Lake,089
LAKE|HOBARTPRECINCT3,3,1.000000000000,Lake,089
LAKE|HOBARTPRECINCT4,3,1.000000000000,Lake,089
LAKE|HOBARTPRECINCT5,3,1.000000000000,Lake,089
LAKE|HOBARTPRECINCT6,3,0.000469082681,Lake,089
LAKE|HOBARTPRECINCT6,19,0.999530917319,Lake,089
LAKE|HOBARTPRECINCT7,3,1.000000000000,Lake,089
LAKE|HOBARTPRECINCT9,3,0.995762488399,Lake,089
LAKE|HOBARTPRECINCT9,14,0.004237511601,Lake,089
LAKE|HOBARTTOWNSHIP5,3,1.000000000000,Lake,089
LAKE|HOBARTTOWNSHIP8,3,1.000000000000,Lake,089
LAKE|HOBARTTOWNSHIP9,3,0.001750370491,Lake,089
LAKE|HOBARTTOWNSHIP9,14,0.998249629509,Lake,089
LAKE|LAKEMICHIGANNV,1,0.000000022983,Lake,089
LAKE|LAKEMICHIGANNV,2,0.000005691870,Lake,089
LAKE|LAKEMICHIGANNV,3,0.999994283735,Lake,089
LAKE|LAKEMICHIGANNV,10,0.000000001413,Lake,089
LAKE|LAKESTATIONPRECINCT01A,3,1.000000000000,Lake,089
LAKE|LAKESTATIONPRECINCT05A,3,1.000000000000,Lake,089
LAKE|LAKESTATIONPRECINCT07A,3,1.000000000000,Lake,089
LAKE|LAKESTATIONPRECINCT08A,3,1.000000000000,Lake,089
LAKE|LAKESTATIONPRECINCT1,3,0.999998832019,Lake,089
LAKE|LAKESTATIONPRECINCT1,10,0.000001167981,Lake,089
LAKE|LAKESTATIONPRECINCT10,3,1.000000000000,Lake,089
LAKE|LAKESTATIONPRECINCT11,3,0.998428856829,Lake,089
LAKE|LAKESTATIONPRECINCT11,14,0.001571143171,Lake,089
LAKE|LAKESTATIONPRECINCT13,3,0.999962481918,Lake,089
LAKE|LAKESTATIONPRECINCT13,10,0.000037518082,Lake,089
LAKE|LAKESTATIONPRECINCT14NV,3,1.000000000000,Lake,089
LAKE|LAKESTATIONPRECINCT2,3,0.999893367091,Lake,089
LAKE|LAKESTATIONPRECINCT2,10,0.000106632909,Lake,089
LAKE|LAKESTATIONPRECINCT5,3,1.000000000000,Lake,089
LAKE|LAKESTATIONPRECINCT6,3,1.000000000000,Lake,089
LAKE|LAKESTATIONPRECINCT7,3,1.000000000000,Lake,089
LAKE|LAKESTATIONPRECINCT8,3,1.000000000000,Lake,089
LAKE|MERRILLVILLEPRECINCT1,14,1.000000000000,Lake,089
LAKE|MERRILLVILLEPRECINCT10,14,1.000000000000,Lake,089
LAKE|MERRILLVILLEPRECINCT11,14,1.000000000000,Lake,089
LAKE|MERRILLVILLEPRECINCT12,14,0.000039414906,Lake,089
LAKE|MERRILLVILLEPRECINCT12,19,0.999960585094,Lake,089
LAKE|MERRILLVILLEPRECINCT13,14,1.000000000000,Lake,089
LAKE|MERRILLVILLEPRECINCT15,14,1.000000000000,Lake,089
LAKE|MERRILLVILLEPRECINCT16,12,0.000236195209,Lake,089
LAKE|MERRILLVILLEPRECINCT16,14,0.999763804791,Lake,089
LAKE|MERRILLVILLEPRECINCT18,12,0.000018207592,Lake,089
LAKE|MERRILLVILLEPRECINCT18,14,0.999981792408,Lake,089
LAKE|MERRILLVILLEPRECINCT19,3,0.000087008606,Lake,089
LAKE|MERRILLVILLEPRECINCT19,14,0.999912991394,Lake,089
LAKE|MERRILLVILLEPRECINCT2,14,1.000000000000,Lake,089
LAKE|MERRILLVILLEPRECINCT21,14,1.000000000000,Lake,089
LAKE|MERRILLVILLEPRECINCT22,12,0.000010135025,Lake,089
LAKE|MERRILLVILLEPRECINCT22,14,0.999989864975,Lake,089
LAKE|MERRILLVILLEPRECINCT23,14,1.000000000000,Lake,089
LAKE|MERRILLVILLEPRECINCT28,14,1.000000000000,Lake,089
LAKE|MERRILLVILLEPRECINCT29,14,1.000000000000,Lake,089
LAKE|MERRILLVILLEPRECINCT3,14,1.000000000000,Lake,089
LAKE|MERRILLVILLEPRECINCT30,14,1.000000000000,Lake,089
LAKE|MERRILLVILLEPRECINCT32,14,0.999846151649,Lake,089
LAKE|MERRILLVILLEPRECINCT32,19,0.000153848351,Lake,089
LAKE|MERRILLVILLEPRECINCT33,14,0.999999994064,Lake,089
LAKE|MERRILLVILLEPRECINCT33,19,0.000000005936,Lake,089
LAKE|MERRILLVILLEPRECINCT34,14,1.000000000000,Lake,089
LAKE|MERRILLVILLEPRECINCT4,14,1.000000000000,Lake,089
LAKE|MERRILLVILLEPRECINCT5,14,1.000000000000,Lake,089
LAKE|MERRILLVILLEPRECINCT7,3,0.000049145710,Lake,089
LAKE|MERRILLVILLEPRECINCT7,14,0.999950854290,Lake,089
LAKE|MERRILLVILLEPRECINCT8,14,1.000000000000,Lake,089
LAKE|MERRILLVILLEPRECINCT9,14,1.000000000000,Lake,089
LAKE|MUNSTERPRECINCT1,1,0.003829601413,Lake,089
LAKE|MUNSTERPRECINCT1,12,0.996170398587,Lake,089
LAKE|MUNSTERPRECINCT11,12,1.000000000000,Lake,089
LAKE|MUNSTERPRECINCT12,1,0.000922440394,Lake,089
LAKE|MUNSTERPRECINCT12,12,0.999077559606,Lake,089
LAKE|MUNSTERPRECINCT13,12,1.000000000000,Lake,089
LAKE|MUNSTERPRECINCT14,12,1.000000000000,Lake,089
LAKE|MUNSTERPRECINCT15,12,1.000000000000,Lake,089
LAKE|MUNSTERPRECINCT16,12,1.000000000000,Lake,089
LAKE|MUNSTERPRECINCT18,12,1.000000000000,Lake,089
LAKE|MUNSTERPRECINCT19,12,1.000000000000,Lake,089
LAKE|MUNSTERPRECINCT2,12,0.999997351245,Lake,089
LAKE|MUNSTERPRECINCT2,15,0.000002648755,Lake,089
LAKE|MUNSTERPRECINCT20,12,1.000000000000,Lake,089
LAKE|MUNSTERPRECINCT21,12,1.000000000000,Lake,089
LAKE|MUNSTERPRECINCT22,12,0.999990402673,Lake,089
LAKE|MUNSTERPRECINCT22,15,0.000009597327,Lake,089
LAKE|MUNSTERPRECINCT24,12,1.000000000000,Lake,089
LAKE|MUNSTERPRECINCT25,12,0.999999946816,Lake,089
LAKE|MUNSTERPRECINCT25,15,0.000000053184,Lake,089
LAKE|MUNSTERPRECINCT4,12,1.000000000000,Lake,089
LAKE|MUNSTERPRECINCT5,1,0.005098529179,Lake,089
LAKE|MUNSTERPRECINCT5,12,0.994901470821,Lake,089
LAKE|MUNSTERPRECINCT6,1,0.001286155146,Lake,089
LAKE|MUNSTERPRECINCT6,12,0.998713844854,Lake,089
LAKE|MUNSTERPRECINCT8,1,0.006110249244,Lake,089
LAKE|MUNSTERPRECINCT8,12,0.993889750756,Lake,089
LAKE|MUNSTERPRECINCT9,1,0.005117011207,Lake,089
LAKE|MUNSTERPRECINCT9,12,0.994882988793,Lake,089
LAKE|ROSSTOWNSHIPPRECINCT20,3,0.000058334534,Lake,089
LAKE|ROSSTOWNSHIPPRECINCT20,14,0.035151439422,Lake,089
LAKE|ROSSTOWNSHIPPRECINCT20,19,0.964790226044,Lake,089
LAKE|SCHERERVILLEPRECINCT10,12,0.000085695950,Lake,089
LAKE|SCHERERVILLEPRECINCT10,15,0.999914304050,Lake,089
LAKE|SCHERERVILLEPRECINCT13,15,1.000000000000,Lake,089
LAKE|SCHERERVILLEPRECINCT14,15,1.000000000000,Lake,089
LAKE|SCHERERVILLEPRECINCT15,15,1.000000000000,Lake,089
LAKE|SCHERERVILLEPRECINCT16,12,0.000057268280,Lake,089
LAKE|SCHERERVILLEPRECINCT16,15,0.999942731720,Lake,089
LAKE|SCHERERVILLEPRECINCT17,12,0.000889462819,Lake,089
LAKE|SCHERERVILLEPRECINCT17,14,0.999108069716,Lake,089
LAKE|SCHERERVILLEPRECINCT17,15,0.000002467465,Lake,089
LAKE|SCHERERVILLEPRECINCT18,15,1.000000000000,Lake,089
LAKE|SCHERERVILLEPRECINCT19,15,1.000000000000,Lake,089
LAKE|SCHERERVILLEPRECINCT2,15,1.000000000000,Lake,089
LAKE|SCHERERVILLEPRECINCT20,12,0.000006153754,Lake,089
LAKE|SCHERERVILLEPRECINCT20,14,0.999965476775,Lake,089
LAKE|SCHERERVILLEPRECINCT20,19,0.000028369471,Lake,089
LAKE|SCHERERVILLEPRECINCT22,12,0.999490486184,Lake,089
LAKE|SCHERERVILLEPRECINCT22,14,0.000415746411,Lake,089
LAKE|SCHERERVILLEPRECINCT22,15,0.000093767406,Lake,089
LAKE|SCHERERVILLEPRECINCT24,14,0.000074198227,Lake,089
LAKE|SCHERERVILLEPRECINCT24,15,0.999925801773,Lake,089
LAKE|SCHERERVILLEPRECINCT26,15,1.000000000000,Lake,089
LAKE|SCHERERVILLEPRECINCT27,12,0.000000909811,Lake,089
LAKE|SCHERERVILLEPRECINCT27,15,0.999999090189,Lake,089
LAKE|SCHERERVILLEPRECINCT28,12,0.999998972736,Lake,089
LAKE|SCHERERVILLEPRECINCT28,15,0.000001027264,Lake,089
LAKE|SCHERERVILLEPRECINCT32,12,0.001753588701,Lake,089
LAKE|SCHERERVILLEPRECINCT32,15,0.998246411299,Lake,089
LAKE|SCHERERVILLEPRECINCT33,15,1.000000000000,Lake,089
LAKE|SCHERERVILLEPRECINCT4,15,1.000000000000,Lake,089
LAKE|SCHERERVILLEPRECINCT6,15,1.000000000000,Lake,089
LAKE|SCHERERVILLEPRECINCT7,12,0.000008488434,Lake,089
LAKE|SCHERERVILLEPRECINCT7,15,0.999991511566,Lake,089
LAKE|SCHERERVILLEPRECINCT9,15,1.000000000000,Lake,089
LAKE|STJOHNTOWNPRECINCT1,15,1.000000000000,Lake,089
LAKE|STJOHNTOWNPRECINCT11,15,1.000000000000,Lake,089
LAKE|STJOHNTOWNPRECINCT12,15,0.999994033393,Lake,089
LAKE|STJOHNTOWNPRECINCT12,19,0.000005966607,Lake,089
LAKE|STJOHNTOWNPRECINCT13,14,0.000005433992,Lake,089
LAKE|STJOHNTOWNPRECINCT13,15,0.000008985621,Lake,089
LAKE|STJOHNTOWNPRECINCT13,19,0.999985580386,Lake,089
LAKE|STJOHNTOWNPRECINCT14,15,1.000000000000,Lake,089
LAKE|STJOHNTOWNPRECINCT15,15,1.000000000000,Lake,089
LAKE|STJOHNTOWNPRECINCT16,15,1.000000000000,Lake,089
LAKE|STJOHNTOWNPRECINCT18NV,15,1.000000000000,Lake,089
LAKE|STJOHNTOWNPRECINCT2,15,1.000000000000,Lake,089
LAKE|STJOHNTOWNPRECINCT3,15,1.000000000000,Lake,089
LAKE|STJOHNTOWNPRECINCT4,15,1.000000000000,Lake,089
LAKE|STJOHNTOWNPRECINCT5,15,1.000000000000,Lake,089
LAKE|STJOHNTOWNPRECINCT6,15,1.000000000000,Lake,089
LAKE|STJOHNTOWNPRECINCT7,14,0.000414489351,Lake,089
LAKE|STJOHNTOWNPRECINCT7,15,0.999585510649,Lake,089
LAKE|STJOHNTOWNPRECINCT8,15,1.000000000000,Lake,089
LAKE|STJOHNTOWNPRECINCT9,15,1.000000000000,Lake,089
LAKE|STJOHNTOWNSHIPPRECINCT1,15,1.000000000000,Lake,089
LAKE|STJOHNTOWNSHIPPRECINCT2,15,1.000000000000,Lake,089
LAKE|STJOHNTOWNSHIPPRECINCT3,12,0.999128633305,Lake,089
LAKE|STJOHNTOWNSHIPPRECINCT3,15,0.000871366695,Lake,089
LAKE|STJOHNTOWNSHIPPRECINCT4,15,1.000000000000,Lake,089
LAKE|STJOHNTOWNSHIPPRECINCT5,14,0.004640675986,Lake,089
LAKE|STJOHNTOWNSHIPPRECINCT5,15,0.995359324014,Lake,089
LAKE|STJOHNTOWNSHIPPRECINCT7,14,0.001247807049,Lake,089
LAKE|STJOHNTOWNSHIPPRECINCT7,15,0.998752192951,Lake,089
LAKE|STJOHNTOWNSHIPPRECINCT8,14,0.998030386398,Lake,089
LAKE|STJOHNTOWNSHIPPRECINCT8,15,0.001962973167,Lake,089
LAKE|STJOHNTOWNSHIPPRECINCT8,19,0.000006640435,Lake,089
LAKE|STJOHNTOWNSHIPPRECINCT9,15,1.000000000000,Lake,089
LAKE|WESTCREEKTOWNSHIPPRECINCT01A,11,1.000000000000,Lake,089
LAKE|WESTCREEKTOWNSHIPPRECINCT2,11,1.000000000000,Lake,089
LAKE|WESTCREEKTOWNSHIPPRECINCT3,11,1.000000000000,Lake,089
LAKE|WESTCREEKTOWNSHIPPRECINCT4,11,1.000000000000,Lake,089
LAKE|WESTCREEKTOWNSHIPPRECINCT6,11,1.000000000000,Lake,089
LAKE|WHITINGPRECINCT1,1,0.999916003939,Lake,089
LAKE|WHITINGPRECINCT1,2,0.000079790689,Lake,089
LAKE|WHITINGPRECINCT1,3,0.000004205372,Lake,089
LAKE|WHITINGPRECINCT3,1,0.999997809678,Lake,089
LAKE|WHITINGPRECINCT3,3,0.000002190322,Lake,089
LAKE|WHITINGPRECINCT4,1,0.997654538566,Lake,089
LAKE|WHITINGPRECINCT4,2,0.002345461434,Lake,089
LAKE|WINFIELDTOWNSHIPPRECINCT1,19,1.000000000000,Lake,089
LAKE|WINFIELDTOWNSHIPPRECINCT10,19,1.000000000000,Lake,089
LAKE|WINFIELDTOWNSHIPPRECINCT2,19,1.000000000000,Lake,089
LAKE|WINFIELDTOWNSHIPPRECINCT5,19,1.000000000000,Lake,089
LAKE|WINFIELDTOWNSHIPPRECINCT6,19,1.000000000000,Lake,089
LAKE|WINFIELDTOWNSHIPPRECINCT7,11,0.000071149623,Lake,089
LAKE|WINFIELDTOWNSHIPPRECINCT7,19,0.999928850377,Lake,089
LAKE|WINFIELDTOWNSHIPPRECINCT8,19,1.000000000000,Lake,089
LAKE|WINFIELDTOWNSHIPPRECINCT9,19,1.000000000000,Lake,089
LAPORTE|CASS,4,0.000019745465,LaPorte,091
LAPORTE|CASS,20,0.999980254535,LaPorte,091
LAPORTE|CENTER1,9,0.000107083296,LaPorte,091
LAPORTE|CENTER1,20,0.999892916704,LaPorte,091
LAPORTE|CENTER2,9,0.000011049005,LaPorte,091
LAPORTE|CENTER2,20,0.999988950995,LaPorte,091
LAPORTE|CENTER3,9,0.000104583680,LaPorte,091
LAPORTE|CENTER3,20,0.999895416320,LaPorte,091
LAPORTE|CENTER4,9,0.000005154332,LaPorte,091
LAPORTE|CENTER4,20,0.999994845668,LaPorte,091
LAPORTE|CENTER5,20,1.000000000000,LaPorte,091
LAPORTE|CLINTON,4,0.000045818316,LaPorte,091
LAPORTE|CLINTON,20,0.999954181684,LaPorte,091
LAPORTE|COOLSPRING1,9,0.999799737584,LaPorte,091
LAPORTE|COOLSPRING1,20,0.000200262416,LaPorte,091
LAPORTE|COOLSPRING2,9,0.999948410739,LaPorte,091
LAPORTE|COOLSPRING2,20,0.000051589261,LaPorte,091
LAPORTE|COOLSPRING3,9,0.999738552448,LaPorte,091
LAPORTE|COOLSPRING3,20,0.000261447552,LaPorte,091
LAPORTE|COOLSPRING4,9,1.000000000000,LaPorte,091
LAPORTE|COOLSPRING5,9,1.000000000000,LaPorte,091
LAPORTE|DEWEY,4,0.000028138235,LaPorte,091
LAPORTE|DEWEY,16,0.000221058066,LaPorte,091
LAPORTE|DEWEY,20,0.999750803698,LaPorte,091
LAPORTE|DUNELANDBEACH,9,1.000000000000,LaPorte,091
LAPORTE|GALENA1,9,0.999907428841,LaPorte,091
LAPORTE|GALENA1,20,0.000092571159,LaPorte,091
LAPORTE|GALENA2,7,0.000235129372,LaPorte,091
LAPORTE|GALENA2,9,0.999618736982,LaPorte,091
LAPORTE|GALENA2,20,0.000146133646,LaPorte,091
LAPORTE|HANNA,20,1.000000000000,LaPorte,091
LAPORTE|HUDSON,7,0.999980677965,LaPorte,091
LAPORTE|HUDSON,9,0.000019322035,LaPorte,091
LAPORTE|JOHNSON,7,0.000062238042,LaPorte,091
LAPORTE|JOHNSON,20,0.999937761958,LaPorte,091
LAPORTE|KANKAKEE1,9,0.000100412566,LaPorte,091
LAPORTE|KANKAKEE1,20,0.999899587434,LaPorte,091
LAPORTE|KANKAKEE2,9,0.000006402766,LaPorte,091
LAPORTE|KANKAKEE2,20,0.999993597234,LaPorte,091
LAPORTE|KINGSBURY,20,1.000000000000,LaPorte,091
LAPORTE|KINGSFORDHEIGHTS,20,1.000000000000,LaPorte,091
LAPORTE|LACROSSE,20,1.000000000000,LaPorte,091
LAPORTE|LINCOLN,7,0.000127317133,LaPorte,091
LAPORTE|LINCOLN,20,0.999872682867,LaPorte,091
LAPORTE|LONGBEACH,9,1.000000000000,LaPorte,091
LAPORTE|LP25,20,1.000000000000,LaPorte,091
LAPORTE|LP26,20,1.000000000000,LaPorte,091
LAPORTE|LP27,20,1.000000000000,LaPorte,091
LAPORTE|LP28,20,1.000000000000,LaPorte,091
LAPORTE|LP29,20,1.000000000000,LaPorte,091
LAPORTE|LP30,20,1.000000000000,LaPorte,091
LAPORTE|LP31,20,1.000000000000,LaPorte,091
LAPORTE|LP32,20,1.000000000000,LaPorte,091
LAPORTE|LP33,20,1.000000000000,LaPorte,091
LAPORTE|LP34,20,1.000000000000,LaPorte,091
LAPORTE|LP35,20,1.000000000000,LaPorte,091
LAPORTE|LP36,20,1.000000000000,LaPorte,091
LAPORTE|LP37,20,1.000000000000,LaPorte,091
LAPORTE|LP38,20,1.000000000000,LaPorte,091
LAPORTE|LP39,20,1.000000000000,LaPorte,091
LAPORTE|LP40,20,1.000000000000,LaPorte,091
LAPORTE|LP41,20,1.000000000000,LaPorte,091
LAPORTE|LP42,20,1.000000000000,LaPorte,091
LAPORTE|LP43,20,1.000000000000,LaPorte,091
LAPORTE|LP44,20,1.000000000000,LaPorte,091
LAPORTE|MC1,9,1.000000000000,LaPorte,091
LAPORTE|MC10,9,1.000000000000,LaPorte,091
LAPORTE|MC11,9,1.000000000000,LaPorte,091
LAPORTE|MC12,9,1.000000000000,LaPorte,091
LAPORTE|MC13,9,1.000000000000,LaPorte,091
LAPORTE|MC14,9,1.000000000000,LaPorte,091
LAPORTE|MC15,9,1.000000000000,LaPorte,091
LAPORTE|MC16,9,1.000000000000,LaPorte,091
LAPORTE|MC17,9,1.000000000000,LaPorte,091
LAPORTE|MC18,9,1.000000000000,LaPorte,091
LAPORTE|MC19,9,1.000000000000,LaPorte,091
LAPORTE|MC2,9,1.000000000000,LaPorte,091
LAPORTE|MC20,9,1.000000000000,LaPorte,091
LAPORTE|MC21,9,1.000000000000,LaPorte,091
LAPORTE|MC22,9,1.000000000000,LaPorte,091
LAPORTE|MC23,9,1.000000000000,LaPorte,091
LAPORTE|MC24NV,9,0.999993957493,LaPorte,091
LAPORTE|MC24NV,10,0.000006042507,LaPorte,091
LAPORTE|MC3,9,1.000000000000,LaPorte,091
LAPORTE|MC4,9,1.000000000000,LaPorte,091
LAPORTE|MC45,9,1.000000000000,LaPorte,091
LAPORTE|MC5,9,1.000000000000,LaPorte,091
LAPORTE|MC6,9,1.000000000000,LaPorte,091
LAPORTE|MC7,9,1.000000000000,LaPorte,091
LAPORTE|MC8,9,1.000000000000,LaPorte,091
LAPORTE|MC9,9,1.000000000000,LaPorte,091
LAPORTE|MICHIANASHORES1,9,1.000000000000,LaPorte,091
LAPORTE|MICHIANASHORES2,9,1.000000000000,LaPorte,091
LAPORTE|NEWDURHAM1,9,0.000281106094,LaPorte,091
LAPORTE|NEWDURHAM1,20,0.999718893906,LaPorte,091
LAPORTE|NEWDURHAM2,9,0.000028133442,LaPorte,091
LAPORTE|NEWDURHAM2,20,0.999971866558,LaPorte,091
LAPORTE|NOBLE,20,1.000000000000,LaPorte,091
LAPORTE|PLEASANT,20,1.000000000000,LaPorte,091
LAPORTE|POTTAWATTAMIEPARK,9,1.000000000000,LaPorte,091
LAPORTE|PRAIRIE,20,1.000000000000,LaPorte,091
LAPORTE|SCIPIO1,20,1.000000000000,LaPorte,091
LAPORTE|SCIPIO2,20,1.000000000000,LaPorte,091
LAPORTE|SPRINGFIELD1,9,0.999999294531,LaPorte,091
LAPORTE|SPRINGFIELD1,20,0.000000705469,LaPorte,091
LAPORTE|SPRINGFIELD2,9,0.999979204752,LaPorte,091
LAPORTE|SPRINGFIELD2,20,0.000020795248,LaPorte,091
LAPORTE|SPRINGFIELD3,9,0.999906991433,LaPorte,091
LAPORTE|SPRINGFIELD3,20,0.000093008567,LaPorte,091
LAPORTE|TRAILCREEK1,9,1.000000000000,LaPorte,091
LAPORTE|TRAILCREEK2,9,1.000000000000,LaPorte,091
LAPORTE|UNION,20,1.000000000000,LaPorte,091
LAPORTE|WANATAH1,20,1.000000000000,LaPorte,091
LAPORTE|WANATAH2,20,1.000000000000,LaPorte,091
LAPORTE|WASHINGTON,20,1.000000000000,LaPorte,091
LAPORTE|WESTVILLE,20,1.000000000000,LaPorte,091
LAPORTE|WILLS,7,0.000065482786,LaPorte,091
LAPORTE|WILLS,20,0.999934517214,LaPorte,091
LAWRENCE|BONO,65,1.000000000000,Lawrence,093
LAWRENCE|GUTHRIE,65,1.000000000000,Lawrence,093
LAWRENCE|INDIANCREEKNORTH,63,0.000000416952,Lawrence,093
LAWRENCE|INDIANCREEKNORTH,65,0.999999583048,Lawrence,093
LAWRENCE|INDIANCREEKSOUTH,63,0.000011492623,Lawrence,093
LAWRENCE|INDIANCREEKSOUTH,65,0.999988507377,Lawrence,093
LAWRENCE|MARION05A,65,1.000000000000,Lawrence,093
LAWRENCE|MARION05B,65,1.000000000000,Lawrence,093
LAWRENCE|MARION05C,65,1.000000000000,Lawrence,093
LAWRENCE|MARION1,65,1.000000000000,Lawrence,093
LAWRENCE|MARION2,65,1.000000000000,Lawrence,093
LAWRENCE|MARION3,65,1.000000000000,Lawrence,093
LAWRENCE|MARION4,65,1.000000000000,Lawrence,093
LAWRENCE|MARION6,65,1.000000000000,Lawrence,093
LAWRENCE|MARSHALL1,62,0.000171403634,Lawrence,093
LAWRENCE|MARSHALL1,65,0.999828596366,Lawrence,093
LAWRENCE|MARSHALL2,62,0.000004358441,Lawrence,093
LAWRENCE|MARSHALL2,65,0.999995641559,Lawrence,093
LAWRENCE|MARSHALL3,65,1.000000000000,Lawrence,093
LAWRENCE|PERRY,45,0.000004614445,Lawrence,093
LAWRENCE|PERRY,62,0.000038297830,Lawrence,093
LAWRENCE|PERRY,65,0.999957087724,Lawrence,093
LAWRENCE|PLEASANTRUN,62,0.000069437246,Lawrence,093
LAWRENCE|PLEASANTRUN,65,0.999930562754,Lawrence,093
LAWRENCE|SHAWSWICK01A,65,1.000000000000,Lawrence,093
LAWRENCE|SHAWSWICK01B,65,1.000000000000,Lawrence,093
LAWRENCE|SHAWSWICK05A,65,1.000000000000,Lawrence,093
LAWRENCE|SHAWSWICK05B,65,1.000000000000,Lawrence,093
LAWRENCE|SHAWSWICK07A,65,1.000000000000,Lawrence,093
LAWRENCE|SHAWSWICK07B,65,1.000000000000,Lawrence,093
LAWRENCE|SHAWSWICK10,65,1.000000000000,Lawrence,093
LAWRENCE|SHAWSWICK11,65,1.000000000000,Lawrence,093
LAWRENCE|SHAWSWICK12,65,1.000000000000,Lawrence,093
LAWRENCE|SHAWSWICK13,65,1.000000000000,Lawrence,093
LAWRENCE|SHAWSWICK14A,65,1.000000000000,Lawrence,093
LAWRENCE|SHAWSWICK14B,65,1.000000000000,Lawrence,093
LAWRENCE|SHAWSWICK15A,65,1.000000000000,Lawrence,093
LAWRENCE|SHAWSWICK15B,65,1.000000000000,Lawrence,093
LAWRENCE|SHAWSWICK16,65,1.000000000000,Lawrence,093
LAWRENCE|SHAWSWICK2,65,1.000000000000,Lawrence,093
LAWRENCE|SHAWSWICK3,65,1.000000000000,Lawrence,093
LAWRENCE|SHAWSWICK4,65,1.000000000000,Lawrence,093
LAWRENCE|SHAWSWICK6,65,1.000000000000,Lawrence,093
LAWRENCE|SHAWSWICK8,65,1.000000000000,Lawrence,093
LAWRENCE|SHAWSWICK9,65,1.000000000000,Lawrence,093
LAWRENCE|SPICEVALLEYNORTH,63,0.000046274320,Lawrence,093
LAWRENCE|SPICEVALLEYNORTH,65,0.999953725680,Lawrence,093
LAWRENCE|SPICEVALLEYSOUTH,63,0.000030295565,Lawrence,093
LAWRENCE|SPICEVALLEYSOUTH,65,0.999969704435,Lawrence,093
MADISON|ADAMS1,36,0.999890369186,Madison,095
MADISON|ADAMS1,53,0.000109630814,Madison,095
MADISON|ADAMS2,36,0.999928777013,Madison,095
MADISON|ADAMS2,53,0.000071222987,Madison,095
MADISON|ADAMS3,36,1.000000000000,Madison,095
MADISON|ADAMS4,36,0.999989295588,Madison,095
MADISON|ADAMS4,54,0.000010704412,Madison,095
MADISON|ANDERSON1,36,1.000000000000,Madison,095
MADISON|ANDERSON11,35,0.000253207883,Madison,095
MADISON|ANDERSON11,36,0.999746792117,Madison,095
MADISON|ANDERSON12,35,0.000032690228,Madison,095
MADISON|ANDERSON12,36,0.999967309772,Madison,095
MADISON|ANDERSON13,36,1.000000000000,Madison,095
MADISON|ANDERSON14,36,1.000000000000,Madison,095
MADISON|ANDERSON15,36,1.000000000000,Madison,095
MADISON|ANDERSON16,36,1.000000000000,Madison,095
MADISON|ANDERSON17,36,1.000000000000,Madison,095
MADISON|ANDERSON2,36,1.000000000000,Madison,095
MADISON|ANDERSON21,36,1.000000000000,Madison,095
MADISON|ANDERSON22,36,1.000000000000,Madison,095
MADISON|ANDERSON23,36,1.000000000000,Madison,095
MADISON|ANDERSON24,36,1.000000000000,Madison,095
MADISON|ANDERSON25,36,1.000000000000,Madison,095
MADISON|ANDERSON26,36,1.000000000000,Madison,095
MADISON|ANDERSON27,36,1.000000000000,Madison,095
MADISON|ANDERSON28,36,1.000000000000,Madison,095
MADISON|ANDERSON3,35,0.000104551570,Madison,095
MADISON|ANDERSON3,36,0.999895448430,Madison,095
MADISON|ANDERSON31,36,1.000000000000,Madison,095
MADISON|ANDERSON32,36,1.000000000000,Madison,095
MADISON|ANDERSON33,36,1.000000000000,Madison,095
MADISON|ANDERSON34,36,1.000000000000,Madison,095
MADISON|ANDERSON35,35,0.000058744234,Madison,095
MADISON|ANDERSON35,36,0.999561497258,Madison,095
MADISON|ANDERSON35,53,0.000379758507,Madison,095
MADISON|ANDERSON36,36,0.999966342547,Madison,095
MADISON|ANDERSON36,53,0.000033657453,Madison,095
MADISON|ANDERSON37,36,0.999540874130,Madison,095
MADISON|ANDERSON37,53,0.000459125870,Madison,095
MADISON|ANDERSON38,36,0.999999452655,Madison,095
MADISON|ANDERSON38,53,0.000000547345,Madison,095
MADISON|ANDERSON39,36,1.000000000000,Madison,095
MADISON|ANDERSON41,36,1.000000000000,Madison,095
MADISON|ANDERSON42,36,1.000000000000,Madison,095
MADISON|ANDERSON43,36,1.000000000000,Madison,095
MADISON|ANDERSON44,36,1.000000000000,Madison,095
MADISON|ANDERSON45,36,1.000000000000,Madison,095
MADISON|ANDERSON46,36,1.000000000000,Madison,095
MADISON|ANDERSON47,35,0.000135797142,Madison,095
MADISON|ANDERSON47,36,0.999864202858,Madison,095
MADISON|ANDERSON51,35,0.000010311147,Madison,095
MADISON|ANDERSON51,36,0.999989688853,Madison,095
MADISON|ANDERSON52,35,0.000233416250,Madison,095
MADISON|ANDERSON52,36,0.999766583750,Madison,095
MADISON|ANDERSON53,36,1.000000000000,Madison,095
MADISON|ANDERSON54,35,0.000306974619,Madison,095
MADISON|ANDERSON54,36,0.999693025381,Madison,095
MADISON|ANDERSON55,35,0.000270414091,Madison,095
MADISON|ANDERSON55,36,0.999729585909,Madison,095
MADISON|ANDERSON56,35,0.000060372212,Madison,095
MADISON|ANDERSON56,36,0.999939627788,Madison,095
MADISON|ANDERSON61,36,1.000000000000,Madison,095
MADISON|ANDERSON62,36,1.000000000000,Madison,095
MADISON|ANDERSON63,36,1.000000000000,Madison,095
MADISON|ANDERSON64,36,1.000000000000,Madison,095
MADISON|ANDERSON65,36,1.000000000000,Madison,095
MADISON|ANDERSON66,36,1.000000000000,Madison,095
MADISON|ANDERSON67,36,1.000000000000,Madison,095
MADISON|BOONE,31,0.999938365665,Madison,095
MADISON|BOONE,35,0.000061634335,Madison,095
MADISON|DUCKCREEK1,31,0.999897527772,Madison,095
MADISON|DUCKCREEK1,35,0.000007018007,Madison,095
MADISON|DUCKCREEK1,38,0.000095454221,Madison,095
MADISON|DUCKCREEK2,31,0.999973079870,Madison,095
MADISON|DUCKCREEK2,35,0.000026920130,Madison,095
MADISON|FALLCREEK1,36,0.000006881628,Madison,095
MADISON|FALLCREEK1,53,0.999993118372,Madison,095
MADISON|FALLCREEK10,35,0.000071648481,Madison,095
MADISON|FALLCREEK10,36,0.000260174717,Madison,095
MADISON|FALLCREEK10,53,0.999668176802,Madison,095
MADISON|FALLCREEK2,36,0.000008793426,Madison,095
MADISON|FALLCREEK2,53,0.999991206574,Madison,095
MADISON|FALLCREEK3,53,0.999966844608,Madison,095
MADISON|FALLCREEK3,88,0.000033155392,Madison,095
MADISON|FALLCREEK4,53,1.000000000000,Madison,095
MADISON|FALLCREEK5,53,1.000000000000,Madison,095
MADISON|FALLCREEK6,36,0.000002992435,Madison,095
MADISON|FALLCREEK6,53,0.999995811744,Madison,095
MADISON|FALLCREEK6,88,0.000001195822,Madison,095
MADISON|FALLCREEK7,53,1.000000000000,Madison,095
MADISON|FALLCREEK8,36,0.000002283990,Madison,095
MADISON|FALLCREEK8,53,0.999997716010,Madison,095
MADISON|FALLCREEK9,36,0.000048107967,Madison,095
MADISON|FALLCREEK9,53,0.999951892033,Madison,095
MADISON|GREEN1,35,0.000037103084,Madison,095
MADISON|GREEN1,37,0.000035151197,Madison,095
MADISON|GREEN1,53,0.000038374799,Madison,095
MADISON|GREEN1,88,0.999889370920,Madison,095
MADISON|GREEN2,37,0.000137326663,Madison,095
MADISON|GREEN2,53,0.000208041499,Madison,095
MADISON|GREEN2,88,0.999654631839,Madison,095
MADISON|GREEN3,37,0.000196479856,Madison,095
MADISON|GREEN3,88,0.999803520144,Madison,095
MADISON|GREEN4,53,0.000008453626,Madison,095
MADISON|GREEN4,88,0.999991546374,Madison,095
MADISON|JACKSON,35,0.999912674334,Madison,095
MADISON|JACKSON,36,0.000006647407,Madison,095
MADISON|JACKSON,37,0.000080678259,Madison,095
MADISON|LAFAYETTE1,35,1.000000000000,Madison,095
MADISON|LAFAYETTE2,35,0.999976769037,Madison,095
MADISON|LAFAYETTE2,36,0.000023230963,Madison,095
MADISON|LAFAYETTE3,35,0.999998537522,Madison,095
MADISON|LAFAYETTE3,36,0.000001462478,Madison,095
MADISON|LAFAYETTE4,35,0.999956672083,Madison,095
MADISON|LAFAYETTE4,36,0.000043327917,Madison,095
MADISON|MONROE1,35,1.000000000000,Madison,095
MADISON|MONROE2,35,1.000000000000,Madison,095
MADISON|MONROE3,35,1.000000000000,Madison,095
MADISON|MONROE4,35,1.000000000000,Madison,095
MADISON|MONROE5,35,1.000000000000,Madison,095
MADISON|MONROE6,31,0.000034641363,Madison,095
MADISON|MONROE6,35,0.999965358637,Madison,095
MADISON|MONROE7,35,1.000000000000,Madison,095
MADISON|MONROE8,31,0.000163795476,Madison,095
MADISON|MONROE8,35,0.999836204524,Madison,095
MADISON|PIPECREEK1,35,1.000000000000,Madison,095
MADISON|PIPECREEK10,31,0.000030186043,Madison,095
MADISON|PIPECREEK10,35,0.999889311990,Madison,095
MADISON|PIPECREEK10,38,0.000080501967,Madison,095
MADISON|PIPECREEK11,35,0.999930451248,Madison,095
MADISON|PIPECREEK11,37,0.000007599342,Madison,095
MADISON|PIPECREEK11,38,0.000061949410,Madison,095
MADISON|PIPECREEK12,35,1.000000000000,Madison,095
MADISON|PIPECREEK2,35,1.000000000000,Madison,095
MADISON|PIPECREEK3,31,0.000055905028,Madison,095
MADISON|PIPECREEK3,35,0.999944094972,Madison,095
MADISON|PIPECREEK4,31,0.000017192707,Madison,095
MADISON|PIPECREEK4,35,0.999982807293,Madison,095
MADISON|PIPECREEK5,35,0.999977079899,Madison,095
MADISON|PIPECREEK5,38,0.000022920101,Madison,095
MADISON|PIPECREEK6,35,1.000000000000,Madison,095
MADISON|PIPECREEK7,35,1.000000000000,Madison,095
MADISON|PIPECREEK8,35,1.000000000000,Madison,095
MADISON|PIPECREEK9,31,0.000075003246,Madison,095
MADISON|PIPECREEK9,35,0.999924996754,Madison,095
MADISON|RICHLAND1,35,1.000000000000,Madison,095
MADISON|RICHLAND2,35,1.000000000000,Madison,095
MADISON|RICHLAND3,35,1.000000000000,Madison,095
MADISON|RICHLAND4,35,0.999996520009,Madison,095
MADISON|RICHLAND4,36,0.000003479991,Madison,095
MADISON|RICHLAND5,35,0.999937119384,Madison,095
MADISON|RICHLAND5,36,0.000062880616,Madison,095
MADISON|RICHLAND6,35,0.999999914419,Madison,095
MADISON|RICHLAND6,36,0.000000085581,Madison,095
MADISON|STONEYCREEK1,35,0.999939434296,Madison,095
MADISON|STONEYCREEK1,37,0.000060565704,Madison,095
MADISON|STONEYCREEK2,35,0.999675947091,Madison,095
MADISON|STONEYCREEK2,37,0.000064286671,Madison,095
MADISON|STONEYCREEK2,88,0.000259766238,Madison,095
MADISON|STONEYCREEK3,35,0.999746050177,Madison,095
MADISON|STONEYCREEK3,36,0.000056780288,Madison,095
MADISON|STONEYCREEK3,53,0.000072865075,Madison,095
MADISON|STONEYCREEK3,88,0.000124304460,Madison,095
MADISON|UNION1,35,0.000177205265,Madison,095
MADISON|UNION1,36,0.999822794735,Madison,095
MADISON|UNION2,35,0.000111748853,Madison,095
MADISON|UNION2,36,0.999888251147,Madison,095
MADISON|UNION3,36,1.000000000000,Madison,095
MADISON|UNION4,35,0.000013229571,Madison,095
MADISON|UNION4,36,0.999986770429,Madison,095
MADISON|UNION5,35,0.000069936393,Madison,095
MADISON|UNION5,36,0.999930063607,Madison,095
MADISON|UNION6,35,0.000007329575,Madison,095
MADISON|UNION6,36,0.999992670425,Madison,095
MADISON|UNION7,36,0.999705330376,Madison,095
MADISON|UNION7,54,0.000294669624,Madison,095
MADISON|UNION9,35,0.999590374602,Madison,095
MADISON|UNION9,36,0.000409625398,Madison,095
MADISON|VANBUREN1,31,0.999918931514,Madison,095
MADISON|VANBUREN1,35,0.000081068486,Madison,095
MARION|CENTER101,96,0.999139217493,Marion,097
MARION|CENTER101,100,0.000860782507,Marion,097
MARION|CENTER102,96,0.000352504728,Marion,097
MARION|CENTER102,100,0.999647495272,Marion,097
MARION|CENTER103,96,0.000225806635,Marion,097
MARION|CENTER103,100,0.999774193365,Marion,097
MARION|CENTER104,96,0.000048511742,Marion,097
MARION|CENTER104,100,0.999951488258,Marion,097
MARION|CENTER105,100,1.000000000000,Marion,097
MARION|CENTER11,96,1.000000000000,Marion,097
MARION|CENTER110,96,0.000013326947,Marion,097
MARION|CENTER110,98,0.999986673053,Marion,097
MARION|CENTER111,96,0.000237676246,Marion,097
MARION|CENTER111,97,0.999690192945,Marion,097
MARION|CENTER111,99,0.000072130809,Marion,097
MARION|CENTER112,97,1.000000000000,Marion,097
MARION|CENTER113,97,0.000837638942,Marion,097
MARION|CENTER113,100,0.999162361058,Marion,097
MARION|CENTER114,96,0.999670047955,Marion,097
MARION|CENTER114,100,0.000329952045,Marion,097
MARION|CENTER115,96,0.000179013634,Marion,097
MARION|CENTER115,100,0.999820986366,Marion,097
MARION|CENTER12,96,1.000000000000,Marion,097
MARION|CENTER121,97,0.004469945615,Marion,097
MARION|CENTER121,99,0.995530054385,Marion,097
MARION|CENTER122,97,0.997965632646,Marion,097
MARION|CENTER122,99,0.002034367354,Marion,097
MARION|CENTER123,97,0.999554285827,Marion,097
MARION|CENTER123,99,0.000445714173,Marion,097
MARION|CENTER13,96,0.999950886173,Marion,097
MARION|CENTER13,98,0.000049113827,Marion,097
MARION|CENTER131,97,1.000000000000,Marion,097
MARION|CENTER132,97,0.999744836229,Marion,097
MARION|CENTER132,100,0.000255163771,Marion,097
MARION|CENTER133,97,0.000205518581,Marion,097
MARION|CENTER133,100,0.999794481419,Marion,097
MARION|CENTER134,91,0.000263779652,Marion,097
MARION|CENTER134,97,0.999736220348,Marion,097
MARION|CENTER135,97,1.000000000000,Marion,097
MARION|CENTER14,96,0.000013220187,Marion,097
MARION|CENTER14,98,0.999986779813,Marion,097
MARION|CENTER141,97,1.000000000000,Marion,097
MARION|CENTER142,97,1.000000000000,Marion,097
MARION|CENTER15,96,0.999979459573,Marion,097
MARION|CENTER15,98,0.000020540427,Marion,097
MARION|CENTER151,97,0.999910537516,Marion,097
MARION|CENTER151,100,0.000089462484,Marion,097
MARION|CENTER152,97,0.002436719116,Marion,097
MARION|CENTER152,100,0.997563280884,Marion,097
MARION|CENTER16,96,0.000001689952,Marion,097
MARION|CENTER16,98,0.999998310048,Marion,097
MARION|CENTER161,100,1.000000000000,Marion,097
MARION|CENTER162,100,1.000000000000,Marion,097
MARION|CENTER163,100,1.000000000000,Marion,097
MARION|CENTER164,100,1.000000000000,Marion,097
MARION|CENTER165,100,1.000000000000,Marion,097
MARION|CENTER17,98,1.000000000000,Marion,097
MARION|CENTER171,89,0.000442369927,Marion,097
MARION|CENTER171,100,0.999557630073,Marion,097
MARION|CENTER172,89,0.000082672503,Marion,097
MARION|CENTER172,97,0.000005367130,Marion,097
MARION|CENTER172,100,0.999911960367,Marion,097
MARION|CENTER173,100,1.000000000000,Marion,097
MARION|CENTER174,89,0.998529390786,Marion,097
MARION|CENTER174,100,0.001470609214,Marion,097
MARION|CENTER175,89,0.999229886405,Marion,097
MARION|CENTER175,100,0.000770113595,Marion,097
MARION|CENTER18,98,1.000000000000,Marion,097
MARION|CENTER19,98,1.000000000000,Marion,097
MARION|CENTER21,96,1.000000000000,Marion,097
MARION|CENTER22,96,0.998874025327,Marion,097
MARION|CENTER22,98,0.001121226467,Marion,097
MARION|CENTER22,100,0.000004748206,Marion,097
MARION|CENTER23,96,0.000488083879,Marion,097
MARION|CENTER23,98,0.999511916121,Marion,097
MARION|CENTER231,96,1.000000000000,Marion,097
MARION|CENTER232,96,1.000000000000,Marion,097
MARION|CENTER233,96,0.999873269247,Marion,097
MARION|CENTER233,98,0.000126730753,Marion,097
MARION|CENTER234,96,1.000000000000,Marion,097
MARION|CENTER235,96,0.999933162574,Marion,097
MARION|CENTER235,98,0.000066837426,Marion,097
MARION|CENTER236,96,0.001189804633,Marion,097
MARION|CENTER236,98,0.998810195367,Marion,097
MARION|CENTER237,96,0.001627845354,Marion,097
MARION|CENTER237,98,0.998372154646,Marion,097
MARION|CENTER238,96,1.000000000000,Marion,097
MARION|CENTER239,96,0.999987654167,Marion,097
MARION|CENTER239,98,0.000012345833,Marion,097
MARION|CENTER24,96,0.000009414679,Marion,097
MARION|CENTER24,98,0.999990585321,Marion,097
MARION|CENTER251,100,1.000000000000,Marion,097
MARION|CENTER252,98,0.000018330848,Marion,097
MARION|CENTER252,100,0.999981669152,Marion,097
MARION|CENTER253,98,0.000026193649,Marion,097
MARION|CENTER253,100,0.999973806351,Marion,097
MARION|CENTER254,89,0.000238709787,Marion,097
MARION|CENTER254,100,0.999761290213,Marion,097
MARION|CENTER255,100,1.000000000000,Marion,097
MARION|CENTER301,97,0.999889923160,Marion,097
MARION|CENTER301,100,0.000110076840,Marion,097
MARION|CENTER302,97,1.000000000000,Marion,097
MARION|CENTER303,89,0.011442800474,Marion,097
MARION|CENTER303,97,0.988539232690,Marion,097
MARION|CENTER303,100,0.000017966836,Marion,097
MARION|CENTER304,89,0.999969767873,Marion,097
MARION|CENTER304,97,0.000002753348,Marion,097
MARION|CENTER304,100,0.000027478779,Marion,097
MARION|CENTER305,89,0.000023289245,Marion,097
MARION|CENTER305,100,0.999976710755,Marion,097
MARION|CENTER306,89,0.999325424183,Marion,097
MARION|CENTER306,100,0.000674575817,Marion,097
MARION|CENTER307,89,0.999898211262,Marion,097
MARION|CENTER307,100,0.000101788738,Marion,097
MARION|CENTER31,96,0.996855993455,Marion,097
MARION|CENTER31,99,0.003144006545,Marion,097
MARION|CENTER32,96,0.997712963066,Marion,097
MARION|CENTER32,99,0.002287036934,Marion,097
MARION|CENTER33,96,1.000000000000,Marion,097
MARION|CENTER34,96,1.000000000000,Marion,097
MARION|CENTER35,96,1.000000000000,Marion,097
MARION|CENTER41,96,1.000000000000,Marion,097
MARION|CENTER42,96,1.000000000000,Marion,097
MARION|CENTER43,96,1.000000000000,Marion,097
MARION|CENTER44,96,0.999972238981,Marion,097
MARION|CENTER44,99,0.000027761019,Marion,097
MARION|CENTER45,96,0.010367275908,Marion,097
MARION|CENTER45,99,0.989632724092,Marion,097
MARION|CENTER51,96,0.999897284302,Marion,097
MARION|CENTER51,99,0.000102715698,Marion,097
MARION|CENTER52,96,1.000000000000,Marion,097
MARION|CENTER53,96,0.999946855907,Marion,097
MARION|CENTER53,99,0.000053144093,Marion,097
MARION|CENTER54,96,0.000034196081,Marion,097
MARION|CENTER54,99,0.999965803919,Marion,097
MARION|CENTER55,99,1.000000000000,Marion,097
MARION|CENTER56,96,0.007452889977,Marion,097
MARION|CENTER56,99,0.992547110023,Marion,097
MARION|CENTER61,96,0.000682481525,Marion,097
MARION|CENTER61,99,0.999317518475,Marion,097
MARION|CENTER62,99,1.000000000000,Marion,097
MARION|CENTER63,99,1.000000000000,Marion,097
MARION|CENTER64,96,0.000107951398,Marion,097
MARION|CENTER64,99,0.999892048602,Marion,097
MARION|CENTER65,99,1.000000000000,Marion,097
MARION|CENTER66,97,0.000157566755,Marion,097
MARION|CENTER66,99,0.999842433245,Marion,097
MARION|CENTER71,96,0.000000926653,Marion,097
MARION|CENTER71,97,0.000150095100,Marion,097
MARION|CENTER71,99,0.999848978246,Marion,097
MARION|CENTER72,96,0.995746635360,Marion,097
MARION|CENTER72,99,0.004253364640,Marion,097
MARION|CENTER73,96,0.000419387462,Marion,097
MARION|CENTER73,99,0.999580612538,Marion,097
MARION|CENTER81,96,0.999624519374,Marion,097
MARION|CENTER81,97,0.000243676713,Marion,097
MARION|CENTER81,99,0.000131803912,Marion,097
MARION|CENTER82,96,0.999934725819,Marion,097
MARION|CENTER82,99,0.000065274181,Marion,097
MARION|CENTER83,96,1.000000000000,Marion,097
MARION|CENTER91,98,1.000000000000,Marion,097
MARION|CENTER92,98,1.000000000000,Marion,097
MARION|CENTER93,98,1.000000000000,Marion,097
MARION|CENTER94,98,1.000000000000,Marion,097
MARION|CENTER95,100,1.000000000000,Marion,097
MARION|CENTER96,98,0.000048225572,Marion,097
MARION|CENTER96,100,0.999951774428,Marion,097
MARION|CENTER97,98,0.999826202582,Marion,097
MARION|CENTER97,100,0.000173797418,Marion,097
MARION|CENTERCO1,89,1.000000000000,Marion,097
MARION|CENTERCO2,89,1.000000000000,Marion,097
MARION|DECDE1,57,0.000028264496,Marion,097
MARION|DECDE1,91,0.999971735504,Marion,097
MARION|DECDE10,91,1.000000000000,Marion,097
MARION|DECDE11,57,0.000178421903,Marion,097
MARION|DECDE11,91,0.999821578097,Marion,097
MARION|DECDE12,91,1.000000000000,Marion,097
MARION|DECDE13,91,1.000000000000,Marion,097
MARION|DECDE14,57,0.000167921833,Marion,097
MARION|DECDE14,91,0.999832078167,Marion,097
MARION|DECDE15,57,0.000047388750,Marion,097
MARION|DECDE15,91,0.999952611250,Marion,097
MARION|DECDE16,57,0.000179256749,Marion,097
MARION|DECDE16,91,0.999820743251,Marion,097
MARION|DECDE2,91,0.999999982708,Marion,097
MARION|DECDE2,97,0.000000017292,Marion,097
MARION|DECDE3,91,0.999991738962,Marion,097
MARION|DECDE3,97,0.000008261038,Marion,097
MARION|DECDE4,91,1.000000000000,Marion,097
MARION|DECDE5,91,1.000000000000,Marion,097
MARION|DECDE6,91,0.999940950016,Marion,097
MARION|DECDE6,97,0.000059049984,Marion,097
MARION|DECDE7,57,0.000117948375,Marion,097
MARION|DECDE7,91,0.999882051625,Marion,097
MARION|DECDE8,91,1.000000000000,Marion,097
MARION|DECDE9,91,1.000000000000,Marion,097
MARION|FRAFR1,89,0.000804818300,Marion,097
MARION|FRAFR1,90,0.000000051371,Marion,097
MARION|FRAFR1,93,0.999195130329,Marion,097
MARION|FRAFR10,90,0.999978835472,Marion,097
MARION|FRAFR10,93,0.000021164528,Marion,097
MARION|FRAFR11,90,0.999937869869,Marion,097
MARION|FRAFR11,93,0.000062130131,Marion,097
MARION|FRAFR12,90,0.999938278403,Marion,097
MARION|FRAFR12,93,0.000061721597,Marion,097
MARION|FRAFR13,90,1.000000000000,Marion,097
MARION|FRAFR14,90,1.000000000000,Marion,097
MARION|FRAFR15,47,0.000108719043,Marion,097
MARION|FRAFR15,90,0.999891280957,Marion,097
MARION|FRAFR16,90,1.000000000000,Marion,097
MARION|FRAFR17,90,1.000000000000,Marion,097
MARION|FRAFR18,90,1.000000000000,Marion,097
MARION|FRAFR19,90,1.000000000000,Marion,097
MARION|FRAFR2,89,0.999968230924,Marion,097
MARION|FRAFR2,90,0.000018332510,Marion,097
MARION|FRAFR2,93,0.000013436566,Marion,097
MARION|FRAFR20,90,1.000000000000,Marion,097
MARION|FRAFR21,90,1.000000000000,Marion,097
MARION|FRAFR22,90,1.000000000000,Marion,097
MARION|FRAFR23,90,1.000000000000,Marion,097
MARION|FRAFR24,90,1.000000000000,Marion,097
MARION|FRAFR25,58,0.000001776365,Marion,097
MARION|FRAFR25,90,0.999998223635,Marion,097
MARION|FRAFR26,58,0.000102716341,Marion,097
MARION|FRAFR26,90,0.999897283659,Marion,097
MARION|FRAFR27,58,0.000193560828,Marion,097
MARION|FRAFR27,90,0.999806439172,Marion,097
MARION|FRAFR28,90,1.000000000000,Marion,097
MARION|FRAFR29,58,0.000126652473,Marion,097
MARION|FRAFR29,90,0.999873347527,Marion,097
MARION|FRAFR3,89,0.997263143555,Marion,097
MARION|FRAFR3,90,0.002736856445,Marion,097
MARION|FRAFR4,53,0.000010156092,Marion,097
MARION|FRAFR4,89,0.000258370732,Marion,097
MARION|FRAFR4,90,0.999731473176,Marion,097
MARION|FRAFR5,90,0.000040094832,Marion,097
MARION|FRAFR5,93,0.999959905168,Marion,097
MARION|FRAFR6,90,0.001668906585,Marion,097
MARION|FRAFR6,93,0.998331093415,Marion,097
MARION|FRAFR7,89,0.000002632568,Marion,097
MARION|FRAFR7,90,0.994289301994,Marion,097
MARION|FRAFR7,93,0.005708065438,Marion,097
MARION|FRAFR8,89,0.000128328700,Marion,097
MARION|FRAFR8,90,0.999871671300,Marion,097
MARION|FRAFR9,90,0.999857071900,Marion,097
MARION|FRAFR9,93,0.000142928100,Marion,097
MARION|LAW271,95,0.999997374637,Marion,097
MARION|LAW271,96,0.000002625363,Marion,097
MARION|LAW2710,95,1.000000000000,Marion,097
MARION|LAW2711,95,1.000000000000,Marion,097
MARION|LAW2712,95,1.000000000000,Marion,097
MARION|LAW2713,95,0.002499985983,Marion,097
MARION|LAW2713,96,0.000007986036,Marion,097
MARION|LAW2713,98,0.997492027982,Marion,097
MARION|LAW2714,95,1.000000000000,Marion,097
MARION|LAW272,95,1.000000000000,Marion,097
MARION|LAW273,95,1.000000000000,Marion,097
MARION|LAW274,95,1.000000000000,Marion,097
MARION|LAW275,95,1.000000000000,Marion,097
MARION|LAW276,95,0.999988375185,Marion,097
MARION|LAW276,96,0.000001654778,Marion,097
MARION|LAW276,98,0.000009970037,Marion,097
MARION|LAW277,95,0.999996237276,Marion,097
MARION|LAW277,98,0.000003762724,Marion,097
MARION|LAW278,95,0.998715205327,Marion,097
MARION|LAW278,98,0.001284794673,Marion,097
MARION|LAW279,95,0.999999997999,Marion,097
MARION|LAW279,98,0.000000002001,Marion,097
MARION|LAWLA1,32,0.000190950662,Marion,097
MARION|LAWLA1,87,0.999809049338,Marion,097
MARION|LAWLA10,88,1.000000000000,Marion,097
MARION|LAWLA11,88,1.000000000000,Marion,097
MARION|LAWLA12,87,1.000000000000,Marion,097
MARION|LAWLA13,87,1.000000000000,Marion,097
MARION|LAWLA14,87,0.995905768642,Marion,097
MARION|LAWLA14,88,0.004094231358,Marion,097
MARION|LAWLA15,87,0.002483426540,Marion,097
MARION|LAWLA15,88,0.997516573460,Marion,097
MARION|LAWLA16,87,0.000463223241,Marion,097
MARION|LAWLA16,88,0.999536776759,Marion,097
MARION|LAWLA17,88,1.000000000000,Marion,097
MARION|LAWLA18,88,1.000000000000,Marion,097
MARION|LAWLA19,88,1.000000000000,Marion,097
MARION|LAWLA2,32,0.000007706927,Marion,097
MARION|LAWLA2,87,0.999992293073,Marion,097
MARION|LAWLA20,87,1.000000000000,Marion,097
MARION|LAWLA21,87,1.000000000000,Marion,097
MARION|LAWLA22,87,1.000000000000,Marion,097
MARION|LAWLA23,87,1.000000000000,Marion,097
MARION|LAWLA24,87,0.998798612196,Marion,097
MARION|LAWLA24,88,0.001201387804,Marion,097
MARION|LAWLA25,87,0.998682044945,Marion,097
MARION|LAWLA25,88,0.001317955055,Marion,097
MARION|LAWLA26,87,0.999707078101,Marion,097
MARION|LAWLA26,88,0.000173569155,Marion,097
MARION|LAWLA26,95,0.000119352744,Marion,097
MARION|LAWLA27,87,0.000010084179,Marion,097
MARION|LAWLA27,88,0.999976772397,Marion,097
MARION|LAWLA27,95,0.000013143424,Marion,097
MARION|LAWLA28,88,0.999987676854,Marion,097
MARION|LAWLA28,95,0.000012323146,Marion,097
MARION|LAWLA29,88,0.999970842787,Marion,097
MARION|LAWLA29,95,0.000029157213,Marion,097
MARION|LAWLA3,32,0.000126370007,Marion,097
MARION|LAWLA3,87,0.999873629993,Marion,097
MARION|LAWLA30,87,1.000000000000,Marion,097
MARION|LAWLA31,87,1.000000000000,Marion,097
MARION|LAWLA32,87,1.000000000000,Marion,097
MARION|LAWLA33,87,1.000000000000,Marion,097
MARION|LAWLA34,87,0.994715103166,Marion,097
MARION|LAWLA34,95,0.005284896834,Marion,097
MARION|LAWLA35,87,0.006302679285,Marion,097
MARION|LAWLA35,95,0.993697320715,Marion,097
MARION|LAWLA36,88,0.000023041976,Marion,097
MARION|LAWLA36,95,0.999976958024,Marion,097
MARION|LAWLA37,87,0.991958686458,Marion,097
MARION|LAWLA37,95,0.008041313542,Marion,097
MARION|LAWLA38,87,0.999071885317,Marion,097
MARION|LAWLA38,95,0.000928114683,Marion,097
MARION|LAWLA39,87,1.000000000000,Marion,097
MARION|LAWLA4,32,0.000037718961,Marion,097
MARION|LAWLA4,87,0.999962281039,Marion,097
MARION|LAWLA40,87,0.005352135980,Marion,097
MARION|LAWLA40,95,0.994647864020,Marion,097
MARION|LAWLA41,87,0.000600218955,Marion,097
MARION|LAWLA41,95,0.999399781045,Marion,097
MARION|LAWLA42,88,0.000310394017,Marion,097
MARION|LAWLA42,95,0.999689605983,Marion,097
MARION|LAWLA43,87,0.002049333879,Marion,097
MARION|LAWLA43,95,0.997950666121,Marion,097
MARION|LAWLA44,95,1.000000000000,Marion,097
MARION|LAWLA45,87,0.001823787156,Marion,097
MARION|LAWLA45,95,0.998176212844,Marion,097
MARION|LAWLA46,87,0.995916447367,Marion,097
MARION|LAWLA46,95,0.004083552633,Marion,097
MARION|LAWLA47,87,0.999481094550,Marion,097
MARION|LAWLA47,95,0.000518905450,Marion,097
MARION|LAWLA48,87,0.000767042785,Marion,097
MARION|LAWLA48,95,0.999232957215,Marion,097
MARION|LAWLA49,88,0.000315842117,Marion,097
MARION|LAWLA49,95,0.999684157883,Marion,097
MARION|LAWLA5,87,1.000000000000,Marion,097
MARION|LAWLA50,95,1.000000000000,Marion,097
MARION|LAWLA51,95,0.999950450143,Marion,097
MARION|LAWLA51,96,0.000049549857,Marion,097
MARION|LAWLA52,95,1.000000000000,Marion,097
MARION|LAWLA53,87,0.000315855758,Marion,097
MARION|LAWLA53,95,0.999684144242,Marion,097
MARION|LAWLA54,95,1.000000000000,Marion,097
MARION|LAWLA55,95,1.000000000000,Marion,097
MARION|LAWLA56,88,0.000030010784,Marion,097
MARION|LAWLA56,95,0.999969989216,Marion,097
MARION|LAWLA57,95,0.999983109532,Marion,097
MARION|LAWLA57,96,0.000016890468,Marion,097
MARION|LAWLA58,95,0.999992898987,Marion,097
MARION|LAWLA58,98,0.000007101013,Marion,097
MARION|LAWLA59,95,1.000000000000,Marion,097
MARION|LAWLA6,32,0.000547432868,Marion,097
MARION|LAWLA6,87,0.995454400412,Marion,097
MARION|LAWLA6,88,0.003998166720,Marion,097
MARION|LAWLA60,95,1.000000000000,Marion,097
MARION|LAWLA61,87,0.000005487443,Marion,097
MARION|LAWLA61,95,0.999994512557,Marion,097
MARION|LAWLA62,95,1.000000000000,Marion,097
MARION|LAWLA63,95,1.000000000000,Marion,097
MARION|LAWLA64,95,1.000000000000,Marion,097
MARION|LAWLA65,95,1.000000000000,Marion,097
MARION|LAWLA66,88,0.000027816267,Marion,097
MARION|LAWLA66,95,0.999419879720,Marion,097
MARION|LAWLA66,98,0.000552304013,Marion,097
MARION|LAWLA67,88,0.000020004752,Marion,097
MARION|LAWLA67,95,0.000697045661,Marion,097
MARION|LAWLA67,98,0.999282949586,Marion,097
MARION|LAWLA7,32,0.000000013365,Marion,097
MARION|LAWLA7,87,0.000638283979,Marion,097
MARION|LAWLA7,88,0.999361702656,Marion,097
MARION|LAWLA8,88,1.000000000000,Marion,097
MARION|LAWLA9,88,1.000000000000,Marion,097
MARION|PER261,89,0.999518944429,Marion,097
MARION|PER261,97,0.000481055571,Marion,097
MARION|PER262,89,0.000023968981,Marion,097
MARION|PER262,93,0.000017805239,Marion,097
MARION|PER262,97,0.999958225780,Marion,097
MARION|PER263,93,0.999924745761,Marion,097
MARION|PER263,97,0.000075254239,Marion,097
MARION|PERPE1,91,0.999870277968,Marion,097
MARION|PERPE1,93,0.000112138463,Marion,097
MARION|PERPE1,97,0.000017583569,Marion,097
MARION|PERPE10,89,0.000052154979,Marion,097
MARION|PERPE10,93,0.999947845021,Marion,097
MARION|PERPE11,89,0.003208690036,Marion,097
MARION|PERPE11,93,0.996791309964,Marion,097
MARION|PERPE12,89,0.000447552508,Marion,097
MARION|PERPE12,93,0.999552447492,Marion,097
MARION|PERPE13,93,1.000000000000,Marion,097
MARION|PERPE14,89,0.001772353570,Marion,097
MARION|PERPE14,90,0.002836440934,Marion,097
MARION|PERPE14,93,0.995391205496,Marion,097
MARION|PERPE15,90,0.000005578965,Marion,097
MARION|PERPE15,93,0.999994421035,Marion,097
MARION|PERPE16,90,0.000007240586,Marion,097
MARION|PERPE16,93,0.999992759414,Marion,097
MARION|PERPE17,91,0.000010814769,Marion,097
MARION|PERPE17,93,0.999989185231,Marion,097
MARION|PERPE18,93,1.000000000000,Marion,097
MARION|PERPE19,90,0.000071539208,Marion,097
MARION|PERPE19,93,0.999928460792,Marion,097
MARION|PERPE2,91,0.000003422891,Marion,097
MARION|PERPE2,93,0.000033499590,Marion,097
MARION|PERPE2,97,0.999963077519,Marion,097
MARION|PERPE20,90,0.000039068019,Marion,097
MARION|PERPE20,93,0.999960931981,Marion,097
MARION|PERPE21,90,0.999380803973,Marion,097
MARION|PERPE21,93,0.000619196027,Marion,097
MARION|PERPE22,91,0.000915097251,Marion,097
MARION|PERPE22,93,0.999084902749,Marion,097
MARION|PERPE23,93,1.000000000000,Marion,097
MARION|PERPE24,93,1.000000000000,Marion,097
MARION|PERPE25,91,1.000000000000,Marion,097
MARION|PERPE26,91,1.000000000000,Marion,097
MARION|PERPE27,91,0.999487887907,Marion,097
MARION|PERPE27,93,0.000512112093,Marion,097
MARION|PERPE28,91,0.000441813530,Marion,097
MARION|PERPE28,93,0.999558186470,Marion,097
MARION|PERPE29,93,1.000000000000,Marion,097
MARION|PERPE3,93,0.000198423753,Marion,097
MARION|PERPE3,97,0.999801576247,Marion,097
MARION|PERPE30,93,1.000000000000,Marion,097
MARION|PERPE31,90,0.000000149914,Marion,097
MARION|PERPE31,93,0.999999850086,Marion,097
MARION|PERPE32,90,0.992168111744,Marion,097
MARION|PERPE32,93,0.007831888256,Marion,097
MARION|PERPE33,90,1.000000000000,Marion,097
MARION|PERPE34,57,0.000086997856,Marion,097
MARION|PERPE34,91,0.999913002144,Marion,097
MARION|PERPE35,91,1.000000000000,Marion,097
MARION|PERPE36,91,1.000000000000,Marion,097
MARION|PERPE37,91,0.999942986005,Marion,097
MARION|PERPE37,93,0.000057013995,Marion,097
MARION|PERPE38,91,0.000011099075,Marion,097
MARION|PERPE38,93,0.999988900925,Marion,097
MARION|PERPE39,93,1.000000000000,Marion,097
MARION|PERPE4,89,1.000000000000,Marion,097
MARION|PERPE40,93,1.000000000000,Marion,097
MARION|PERPE41,90,0.009387220625,Marion,097
MARION|PERPE41,93,0.990612779375,Marion,097
MARION|PERPE42,90,0.990441870723,Marion,097
MARION|PERPE42,93,0.009558129277,Marion,097
MARION|PERPE43,90,1.000000000000,Marion,097
MARION|PERPE44,93,1.000000000000,Marion,097
MARION|PERPE45,91,1.000000000000,Marion,097
MARION|PERPE46,57,0.000052130934,Marion,097
MARION|PERPE46,91,0.999947869066,Marion,097
MARION|PERPE47,91,0.999999261468,Marion,097
MARION|PERPE47,93,0.000000738532,Marion,097
MARION|PERPE48,91,0.000289279851,Marion,097
MARION|PERPE48,93,0.999710720149,Marion,097
MARION|PERPE49,90,0.002475908946,Marion,097
MARION|PERPE49,93,0.997524091054,Marion,097
MARION|PERPE5,89,0.998157221586,Marion,097
MARION|PERPE5,93,0.001842778414,Marion,097
MARION|PERPE50,90,0.995655420954,Marion,097
MARION|PERPE50,93,0.004344579046,Marion,097
MARION|PERPE51,91,1.000000000000,Marion,097
MARION|PERPE52,57,0.000379534426,Marion,097
MARION|PERPE52,91,0.999577797539,Marion,097
MARION|PERPE52,93,0.000042668035,Marion,097
MARION|PERPE53,93,1.000000000000,Marion,097
MARION|PERPE54,58,0.000166074752,Marion,097
MARION|PERPE54,91,0.000000012801,Marion,097
MARION|PERPE54,93,0.999833912447,Marion,097
MARION|PERPE55,58,0.000054089500,Marion,097
MARION|PERPE55,93,0.999945910500,Marion,097
MARION|PERPE56,58,0.000203980050,Marion,097
MARION|PERPE56,93,0.999796019950,Marion,097
MARION|PERPE57,58,0.000299076731,Marion,097
MARION|PERPE57,90,0.999700923269,Marion,097
MARION|PERPE58,58,0.000549745099,Marion,097
MARION|PERPE58,90,0.999450254901,Marion,097
MARION|PERPE6,89,0.995859140771,Marion,097
MARION|PERPE6,93,0.004140859229,Marion,097
MARION|PERPE7,89,0.999493752919,Marion,097
MARION|PERPE7,93,0.000506247081,Marion,097
MARION|PERPE8,91,0.000330593398,Marion,097
MARION|PERPE8,93,0.999491786042,Marion,097
MARION|PERPE8,97,0.000177620560,Marion,097
MARION|PERPE9,93,0.999791235288,Marion,097
MARION|PERPE9,97,0.000208764712,Marion,097
MARION|PIK321,94,1.000000000000,Marion,097
MARION|PIK322,94,0.999433244900,Marion,097
MARION|PIK322,99,0.000566755100,Marion,097
MARION|PIK323,94,0.999691802020,Marion,097
MARION|PIK323,99,0.000308197980,Marion,097
MARION|PIKPI1,25,0.000355859932,Marion,097
MARION|PIKPI1,86,0.999644140068,Marion,097
MARION|PIKPI10,86,0.999912104297,Marion,097
MARION|PIKPI10,94,0.000087895703,Marion,097
MARION|PIKPI11,86,1.000000000000,Marion,097
MARION|PIKPI12,86,0.999973438905,Marion,097
MARION|PIKPI12,94,0.000026561095,Marion,097
MARION|PIKPI13,86,0.999809241173,Marion,097
MARION|PIKPI13,94,0.000190758827,Marion,097
MARION|PIKPI14,86,0.998861024796,Marion,097
MARION|PIKPI14,94,0.001138975204,Marion,097
MARION|PIKPI15,86,0.000014605865,Marion,097
MARION|PIKPI15,94,0.999985394135,Marion,097
MARION|PIKPI16,86,0.002245188631,Marion,097
MARION|PIKPI16,94,0.997754811369,Marion,097
MARION|PIKPI17,86,0.998004115180,Marion,097
MARION|PIKPI17,94,0.001995884820,Marion,097
MARION|PIKPI18,86,0.997975116117,Marion,097
MARION|PIKPI18,92,0.002024883883,Marion,097
MARION|PIKPI19,86,0.000115635560,Marion,097
MARION|PIKPI19,94,0.999884364440,Marion,097
MARION|PIKPI2,25,0.000050215341,Marion,097
MARION|PIKPI2,86,0.999949784659,Marion,097
MARION|PIKPI20,86,0.000084709322,Marion,097
MARION|PIKPI20,94,0.999915290678,Marion,097
MARION|PIKPI21,94,1.000000000000,Marion,097
MARION|PIKPI22,86,0.000579653416,Marion,097
MARION|PIKPI22,94,0.999420346584,Marion,097
MARION|PIKPI23,94,1.000000000000,Marion,097
MARION|PIKPI24,86,0.000284987678,Marion,097
MARION|PIKPI24,94,0.999712704897,Marion,097
MARION|PIKPI24,99,0.000002307425,Marion,097
MARION|PIKPI25,25,0.000078602849,Marion,097
MARION|PIKPI25,86,0.000328896402,Marion,097
MARION|PIKPI25,92,0.999367006236,Marion,097
MARION|PIKPI25,94,0.000225494513,Marion,097
MARION|PIKPI26,86,0.000341642082,Marion,097
MARION|PIKPI26,92,0.005294022502,Marion,097
MARION|PIKPI26,94,0.994364335417,Marion,097
MARION|PIKPI27,94,1.000000000000,Marion,097
MARION|PIKPI28,94,1.000000000000,Marion,097
MARION|PIKPI29,94,1.000000000000,Marion,097
MARION|PIKPI3,24,0.000038275074,Marion,097
MARION|PIKPI3,25,0.000001477319,Marion,097
MARION|PIKPI3,86,0.999960247607,Marion,097
MARION|PIKPI30,94,1.000000000000,Marion,097
MARION|PIKPI31,94,1.000000000000,Marion,097
MARION|PIKPI32,94,0.999944520786,Marion,097
MARION|PIKPI32,99,0.000055479214,Marion,097
MARION|PIKPI33,92,1.000000000000,Marion,097
MARION|PIKPI34,92,1.000000000000,Marion,097
MARION|PIKPI35,92,0.000097953467,Marion,097
MARION|PIKPI35,94,0.999902046533,Marion,097
MARION|PIKPI36,92,0.000103064986,Marion,097
MARION|PIKPI36,94,0.999896935014,Marion,097
MARION|PIKPI37,94,1.000000000000,Marion,097
MARION|PIKPI38,94,1.000000000000,Marion,097
MARION|PIKPI39,94,1.000000000000,Marion,097
MARION|PIKPI4,86,1.000000000000,Marion,097
MARION|PIKPI40,94,0.998321511949,Marion,097
MARION|PIKPI40,99,0.001678488051,Marion,097
MARION|PIKPI41,92,0.999978214542,Marion,097
MARION|PIKPI41,94,0.000021785458,Marion,097
MARION|PIKPI42,92,0.000038862895,Marion,097
MARION|PIKPI42,94,0.999961137105,Marion,097
MARION|PIKPI43,94,1.000000000000,Marion,097
MARION|PIKPI44,92,1.000000000000,Marion,097
MARION|PIKPI45,92,0.996336174555,Marion,097
MARION|PIKPI45,94,0.003663825445,Marion,097
MARION|PIKPI46,92,0.003639439258,Marion,097
MARION|PIKPI46,94,0.996360560742,Marion,097
MARION|PIKPI47,92,0.000125552320,Marion,097
MARION|PIKPI47,94,0.999859194946,Marion,097
MARION|PIKPI47,99,0.000015252735,Marion,097
MARION|PIKPI48,94,1.000000000000,Marion,097
MARION|PIKPI49,94,0.999840083234,Marion,097
MARION|PIKPI49,99,0.000159916766,Marion,097
MARION|PIKPI5,86,1.000000000000,Marion,097
MARION|PIKPI50,94,1.000000000000,Marion,097
MARION|PIKPI51,94,0.999953217946,Marion,097
MARION|PIKPI51,99,0.000046782054,Marion,097
MARION|PIKPI6,24,0.000031494526,Marion,097
MARION|PIKPI6,32,0.000026008575,Marion,097
MARION|PIKPI6,86,0.999942496899,Marion,097
MARION|PIKPI7,86,1.000000000000,Marion,097
MARION|PIKPI8,25,0.000138000701,Marion,097
MARION|PIKPI8,86,0.999535477707,Marion,097
MARION|PIKPI8,92,0.000326521592,Marion,097
MARION|PIKPI9,86,1.000000000000,Marion,097
MARION|WAR181,100,1.000000000000,Marion,097
MARION|WAR182,100,1.000000000000,Marion,097
MARION|WAR183,100,1.000000000000,Marion,097
MARION|WAR184,100,1.000000000000,Marion,097
MARION|WAR185,100,1.000000000000,Marion,097
MARION|WAR186,89,0.000102629934,Marion,097
MARION|WAR186,100,0.999897370066,Marion,097
MARION|WAR187,89,0.003331472944,Marion,097
MARION|WAR187,100,0.996668527056,Marion,097
MARION|WAR281,98,1.000000000000,Marion,097
MARION|WAR2810,100,1.000000000000,Marion,097
MARION|WAR2811,98,0.000091132810,Marion,097
MARION|WAR2811,100,0.999908867190,Marion,097
MARION|WAR2812,98,1.000000000000,Marion,097
MARION|WAR2813,95,0.001544582563,Marion,097
MARION|WAR2813,98,0.998455417437,Marion,097
MARION|WAR2814,95,0.000016710805,Marion,097
MARION|WAR2814,98,0.999983289195,Marion,097
MARION|WAR2815,95,0.000024475389,Marion,097
MARION|WAR2815,98,0.999975524611,Marion,097
MARION|WAR2816,95,0.000028577168,Marion,097
MARION|WAR2816,98,0.999971422832,Marion,097
MARION|WAR2817,98,1.000000000000,Marion,097
MARION|WAR282,98,1.000000000000,Marion,097
MARION|WAR283,98,1.000000000000,Marion,097
MARION|WAR284,98,0.999998791524,Marion,097
MARION|WAR284,100,0.000001208476,Marion,097
MARION|WAR285,98,0.999773206313,Marion,097
MARION|WAR285,100,0.000226793687,Marion,097
MARION|WAR286,98,0.000043958267,Marion,097
MARION|WAR286,100,0.999956041733,Marion,097
MARION|WAR287,98,0.000045021707,Marion,097
MARION|WAR287,100,0.999954978293,Marion,097
MARION|WAR288,89,0.000000389228,Marion,097
MARION|WAR288,98,0.000068108761,Marion,097
MARION|WAR288,100,0.999931502012,Marion,097
MARION|WAR289,100,1.000000000000,Marion,097
MARION|WARWR1,95,0.000003790973,Marion,097
MARION|WARWR1,98,0.999996209027,Marion,097
MARION|WARWR10,89,0.000040595690,Marion,097
MARION|WARWR10,98,0.999959404310,Marion,097
MARION|WARWR11,98,1.000000000000,Marion,097
MARION|WARWR12,88,0.000168366352,Marion,097
MARION|WARWR12,89,0.000020022806,Marion,097
MARION|WARWR12,98,0.999811610841,Marion,097
MARION|WARWR13,89,0.003665613668,Marion,097
MARION|WARWR13,98,0.000648213719,Marion,097
MARION|WARWR13,100,0.995686172613,Marion,097
MARION|WARWR14,89,0.996090338403,Marion,097
MARION|WARWR14,98,0.000005065288,Marion,097
MARION|WARWR14,100,0.003904596309,Marion,097
MARION|WARWR15,89,0.999971917203,Marion,097
MARION|WARWR15,98,0.000028082797,Marion,097
MARION|WARWR16,89,0.999869855673,Marion,097
MARION|WARWR16,98,0.000130144327,Marion,097
MARION|WARWR17,88,0.000004812581,Marion,097
MARION|WARWR17,89,0.999995187419,Marion,097
MARION|WARWR18,100,1.000000000000,Marion,097
MARION|WARWR19,89,1.000000000000,Marion,097
MARION|WARWR2,98,0.999929905759,Marion,097
MARION|WARWR2,100,0.000070094241,Marion,097
MARION|WARWR20,89,0.999999978791,Marion,097
MARION|WARWR20,98,0.000000021209,Marion,097
MARION|WARWR21,88,0.000010961289,Marion,097
MARION|WARWR21,89,0.999989038711,Marion,097
MARION|WARWR22,89,0.000133732827,Marion,097
MARION|WARWR22,100,0.999866267173,Marion,097
MARION|WARWR23,89,0.997674129325,Marion,097
MARION|WARWR23,100,0.002325870675,Marion,097
MARION|WARWR24,89,1.000000000000,Marion,097
MARION|WARWR25,53,0.000051297858,Marion,097
MARION|WARWR25,89,0.999948702142,Marion,097
MARION|WARWR26,89,0.999721375274,Marion,097
MARION|WARWR26,100,0.000278624726,Marion,097
MARION|WARWR27,89,1.000000000000,Marion,097
MARION|WARWR28,89,1.000000000000,Marion,097
MARION|WARWR29,53,0.000066630678,Marion,097
MARION|WARWR29,89,0.999933369322,Marion,097
MARION|WARWR3,89,0.000046652910,Marion,097
MARION|WARWR3,98,0.999953347090,Marion,097
MARION|WARWR30,89,0.999986342102,Marion,097
MARION|WARWR30,100,0.000013657898,Marion,097
MARION|WARWR31,89,0.999974552900,Marion,097
MARION|WARWR31,100,0.000025447100,Marion,097
MARION|WARWR32,89,1.000000000000,Marion,097
MARION|WARWR33,89,1.000000000000,Marion,097
MARION|WARWR34,89,0.999837432074,Marion,097
MARION|WARWR34,93,0.000162567926,Marion,097
MARION|WARWR35,89,1.000000000000,Marion,097
MARION|WARWR36,53,0.000257139333,Marion,097
MARION|WARWR36,89,0.999639850902,Marion,097
MARION|WARWR36,90,0.000103009765,Marion,097
MARION|WARWR4,98,1.000000000000,Marion,097
MARION|WARWR5,98,1.000000000000,Marion,097
MARION|WARWR6,98,1.000000000000,Marion,097
MARION|WARWR7,98,1.000000000000,Marion,097
MARION|WARWR8,88,0.000675093567,Marion,097
MARION|WARWR8,98,0.999324906433,Marion,097
MARION|WARWR9,89,0.000003778321,Marion,097
MARION|WARWR9,98,0.999996221679,Marion,097
MARION|WAS201,86,0.000894701682,Marion,097
MARION|WAS201,96,0.999105298318,Marion,097
MARION|WAS2010,86,0.000048774015,Marion,097
MARION|WAS2010,96,0.999951225985,Marion,097
MARION|WAS2011,96,1.000000000000,Marion,097
MARION|WAS2012,96,1.000000000000,Marion,097
MARION|WAS202,86,1.000000000000,Marion,097
MARION|WAS203,86,0.000296934979,Marion,097
MARION|WAS203,96,0.999703065021,Marion,097
MARION|WAS204,86,0.999829821160,Marion,097
MARION|WAS204,96,0.000170178840,Marion,097
MARION|WAS205,86,0.999314249018,Marion,097
MARION|WAS205,96,0.000685750982,Marion,097
MARION|WAS206,96,1.000000000000,Marion,097
MARION|WAS207,86,1.000000000000,Marion,097
MARION|WAS208,86,1.000000000000,Marion,097
MARION|WAS209,96,0.999604893681,Marion,097
MARION|WAS209,99,0.000395106319,Marion,097
MARION|WAS211,86,0.999749737775,Marion,097
MARION|WAS211,87,0.000012707730,Marion,097
MARION|WAS211,96,0.000237554495,Marion,097
MARION|WAS2110,86,1.000000000000,Marion,097
MARION|WAS2111,86,0.000385419309,Marion,097
MARION|WAS2111,87,0.998548775175,Marion,097
MARION|WAS2111,96,0.001065805516,Marion,097
MARION|WAS2112,86,0.001069185896,Marion,097
MARION|WAS2112,87,0.998930814104,Marion,097
MARION|WAS2113,86,0.000027618335,Marion,097
MARION|WAS2113,87,0.994288460464,Marion,097
MARION|WAS2113,96,0.005683921202,Marion,097
MARION|WAS212,86,0.998210275522,Marion,097
MARION|WAS212,87,0.001789724478,Marion,097
MARION|WAS213,86,0.999409234880,Marion,097
MARION|WAS213,96,0.000590765120,Marion,097
MARION|WAS214,86,1.000000000000,Marion,097
MARION|WAS215,86,1.000000000000,Marion,097
MARION|WAS216,86,0.997699520096,Marion,097
MARION|WAS216,87,0.002300479904,Marion,097
MARION|WAS217,86,1.000000000000,Marion,097
MARION|WAS218,86,0.999121674745,Marion,097
MARION|WAS218,87,0.000878325255,Marion,097
MARION|WAS219,86,0.997905931064,Marion,097
MARION|WAS219,87,0.002094068936,Marion,097
MARION|WAS221,86,1.000000000000,Marion,097
MARION|WAS222,96,1.000000000000,Marion,097
MARION|WAS223,86,0.002985711407,Marion,097
MARION|WAS223,96,0.997014288593,Marion,097
MARION|WAS224,87,0.001472449088,Marion,097
MARION|WAS224,96,0.998527550912,Marion,097
MARION|WAS225,87,0.002822818134,Marion,097
MARION|WAS225,96,0.997177181866,Marion,097
MARION|WAS226,86,0.999993098283,Marion,097
MARION|WAS226,96,0.000006901717,Marion,097
MARION|WAS227,96,1.000000000000,Marion,097
MARION|WAS228,86,0.000003350765,Marion,097
MARION|WAS228,96,0.999996649235,Marion,097
MARION|WAS311,96,1.000000000000,Marion,097
MARION|WAS312,96,1.000000000000,Marion,097
MARION|WAS313,96,1.000000000000,Marion,097
MARION|WAS314,96,1.000000000000,Marion,097
MARION|WASWS1,32,0.000136793691,Marion,097
MARION|WASWS1,86,0.999863206309,Marion,097
MARION|WASWS10,32,0.018258808067,Marion,097
MARION|WASWS10,87,0.981741191933,Marion,097
MARION|WASWS11,86,1.000000000000,Marion,097
MARION|WASWS12,86,1.000000000000,Marion,097
MARION|WASWS13,86,0.996479717171,Marion,097
MARION|WASWS13,94,0.003520282829,Marion,097
MARION|WASWS14,86,1.000000000000,Marion,097
MARION|WASWS15,86,1.000000000000,Marion,097
MARION|WASWS16,86,1.000000000000,Marion,097
MARION|WASWS17,86,0.994405141951,Marion,097
MARION|WASWS17,87,0.005594858049,Marion,097
MARION|WASWS18,32,0.000053204245,Marion,097
MARION|WASWS18,86,0.001500966449,Marion,097
MARION|WASWS18,87,0.998445829306,Marion,097
MARION|WASWS19,87,1.000000000000,Marion,097
MARION|WASWS2,32,0.000288171321,Marion,097
MARION|WASWS2,86,0.999711828679,Marion,097
MARION|WASWS20,87,1.000000000000,Marion,097
MARION|WASWS21,32,0.001479461155,Marion,097
MARION|WASWS21,87,0.998520538845,Marion,097
MARION|WASWS22,32,0.003408746449,Marion,097
MARION|WASWS22,87,0.996591253551,Marion,097
MARION|WASWS23,86,0.000146843965,Marion,097
MARION|WASWS23,94,0.999853156035,Marion,097
MARION|WASWS24,86,0.002336231287,Marion,097
MARION|WASWS24,94,0.997663768713,Marion,097
MARION|WASWS25,86,1.000000000000,Marion,097
MARION|WASWS26,86,0.999390529649,Marion,097
MARION|WASWS26,87,0.000609470351,Marion,097
MARION|WASWS27,86,0.000128107954,Marion,097
MARION|WASWS27,87,0.999871892046,Marion,097
MARION|WASWS28,87,1.000000000000,Marion,097
MARION|WASWS29,87,1.000000000000,Marion,097
MARION|WASWS3,32,0.000041478363,Marion,097
MARION|WASWS3,86,0.999958521637,Marion,097
MARION|WASWS30,86,0.000013839910,Marion,097
MARION|WASWS30,94,0.999986160090,Marion,097
MARION|WASWS31,86,0.999156626284,Marion,097
MARION|WASWS31,94,0.000843373716,Marion,097
MARION|WASWS32,86,1.000000000000,Marion,097
MARION|WASWS33,86,1.000000000000,Marion,097
MARION|WASWS34,86,1.000000000000,Marion,097
MARION|WASWS35,87,1.000000000000,Marion,097
MARION|WASWS36,87,1.000000000000,Marion,097
MARION|WASWS37,87,1.000000000000,Marion,097
MARION|WASWS38,87,1.000000000000,Marion,097
MARION|WASWS39,94,1.000000000000,Marion,097
MARION|WASWS4,32,0.000171879459,Marion,097
MARION|WASWS4,86,0.999828120541,Marion,097
MARION|WASWS40,86,0.991458290206,Marion,097
MARION|WASWS40,94,0.008541709794,Marion,097
MARION|WASWS41,86,0.999317035999,Marion,097
MARION|WASWS41,94,0.000682964001,Marion,097
MARION|WASWS42,86,0.006124062813,Marion,097
MARION|WASWS42,87,0.993875937187,Marion,097
MARION|WASWS43,86,0.995398672701,Marion,097
MARION|WASWS43,87,0.004601327299,Marion,097
MARION|WASWS44,86,0.002055583782,Marion,097
MARION|WASWS44,87,0.997944416218,Marion,097
MARION|WASWS45,87,1.000000000000,Marion,097
MARION|WASWS46,87,1.000000000000,Marion,097
MARION|WASWS47,87,1.000000000000,Marion,097
MARION|WASWS48,87,0.999934546886,Marion,097
MARION|WASWS48,95,0.000065453114,Marion,097
MARION|WASWS49,94,0.997549372752,Marion,097
MARION|WASWS49,96,0.002450627248,Marion,097
MARION|WASWS5,32,0.998675083808,Marion,097
MARION|WASWS5,86,0.001324916192,Marion,097
MARION|WASWS50,86,0.005161465820,Marion,097
MARION|WASWS50,94,0.993373770683,Marion,097
MARION|WASWS50,96,0.001464763497,Marion,097
MARION|WASWS51,86,0.002756544618,Marion,097
MARION|WASWS51,94,0.996983014458,Marion,097
MARION|WASWS51,96,0.000260440924,Marion,097
MARION|WASWS52,94,0.000136050679,Marion,097
MARION|WASWS52,96,0.000001651330,Marion,097
MARION|WASWS52,99,0.999862297991,Marion,097
MARION|WASWS53,94,0.000351667140,Marion,097
MARION|WASWS53,96,0.999631185897,Marion,097
MARION|WASWS53,99,0.000017146963,Marion,097
MARION|WASWS54,94,0.001811200211,Marion,097
MARION|WASWS54,96,0.998188799789,Marion,097
MARION|WASWS55,86,0.000375358546,Marion,097
MARION|WASWS55,96,0.999624641454,Marion,097
MARION|WASWS56,87,0.997981944360,Marion,097
MARION|WASWS56,95,0.002018055640,Marion,097
MARION|WASWS57,94,0.000024579655,Marion,097
MARION|WASWS57,96,0.000143684161,Marion,097
MARION|WASWS57,99,0.999831736184,Marion,097
MARION|WASWS58,96,0.999989954287,Marion,097
MARION|WASWS58,99,0.000010045713,Marion,097
MARION|WASWS59,86,0.002177993040,Marion,097
MARION|WASWS59,96,0.997817703110,Marion,097
MARION|WASWS59,99,0.000004303850,Marion,097
MARION|WASWS6,32,1.000000000000,Marion,097
MARION|WASWS60,87,0.000492960177,Marion,097
MARION|WASWS60,95,0.000000601955,Marion,097
MARION|WASWS60,96,0.999506437869,Marion,097
MARION|WASWS61,87,0.998880601377,Marion,097
MARION|WASWS61,95,0.001099923639,Marion,097
MARION|WASWS61,96,0.000019474984,Marion,097
MARION|WASWS62,87,0.000021672473,Marion,097
MARION|WASWS62,95,0.997001621981,Marion,097
MARION|WASWS62,96,0.002976705546,Marion,097
MARION|WASWS63,95,0.999201887035,Marion,097
MARION|WASWS63,96,0.000798112965,Marion,097
MARION|WASWS64,94,0.000070917741,Marion,097
MARION|WASWS64,96,0.000168166668,Marion,097
MARION|WASWS64,99,0.999760915590,Marion,097
MARION|WASWS65,95,0.000642281705,Marion,097
MARION|WASWS65,96,0.999357718295,Marion,097
MARION|WASWS66,95,0.014321420813,Marion,097
MARION|WASWS66,96,0.985678579187,Marion,097
MARION|WASWS67,94,0.000596401775,Marion,097
MARION|WASWS67,99,0.999403598225,Marion,097
MARION|WASWS68,96,0.001414835935,Marion,097
MARION|WASWS68,99,0.998585164065,Marion,097
MARION|WASWS69,96,1.000000000000,Marion,097
MARION|WASWS7,32,0.999135593467,Marion,097
MARION|WASWS7,86,0.000864406533,Marion,097
MARION|WASWS8,32,0.999975086862,Marion,097
MARION|WASWS8,87,0.000024913138,Marion,097
MARION|WASWS9,32,0.995653134386,Marion,097
MARION|WASWS9,87,0.004346865614,Marion,097
MARION|WAY191,92,0.001557367840,Marion,097
MARION|WAY191,97,0.000001192213,Marion,097
MARION|WAY191,99,0.998441439946,Marion,097
MARION|WAY192,99,1.000000000000,Marion,097
MARION|WAY193,99,1.000000000000,Marion,097
MARION|WAY194,92,0.000033887742,Marion,097
MARION|WAY194,97,0.999161992732,Marion,097
MARION|WAY194,99,0.000804119526,Marion,097
MARION|WAY195,97,0.000530571564,Marion,097
MARION|WAY195,99,0.999469428436,Marion,097
MARION|WAY196,97,0.000026091218,Marion,097
MARION|WAY196,99,0.999973908782,Marion,097
MARION|WAY241,97,0.999999576433,Marion,097
MARION|WAY241,99,0.000000423567,Marion,097
MARION|WAY242,97,1.000000000000,Marion,097
MARION|WAY243,97,0.999939757625,Marion,097
MARION|WAY243,99,0.000060242375,Marion,097
MARION|WAY244,97,1.000000000000,Marion,097
MARION|WAY245,97,1.000000000000,Marion,097
MARION|WAY291,94,0.000449323096,Marion,097
MARION|WAY291,99,0.999550676904,Marion,097
MARION|WAY2910,92,0.001761498022,Marion,097
MARION|WAY2910,99,0.998238501978,Marion,097
MARION|WAY2911,92,0.000092872668,Marion,097
MARION|WAY2911,99,0.999907127332,Marion,097
MARION|WAY2912,92,0.999352888524,Marion,097
MARION|WAY2912,99,0.000647111476,Marion,097
MARION|WAY2913,92,0.999936351614,Marion,097
MARION|WAY2913,99,0.000063648386,Marion,097
MARION|WAY2914,92,0.000000987079,Marion,097
MARION|WAY2914,99,0.999999012921,Marion,097
MARION|WAY2915,99,1.000000000000,Marion,097
MARION|WAY2916,99,1.000000000000,Marion,097
MARION|WAY2917,92,0.000006101237,Marion,097
MARION|WAY2917,99,0.999993898763,Marion,097
MARION|WAY2918,99,1.000000000000,Marion,097
MARION|WAY292,94,0.000014886939,Marion,097
MARION|WAY292,99,0.999985113061,Marion,097
MARION|WAY293,99,1.000000000000,Marion,097
MARION|WAY294,94,0.000066084541,Marion,097
MARION|WAY294,99,0.999933915459,Marion,097
MARION|WAY295,94,0.001541082853,Marion,097
MARION|WAY295,99,0.998458917147,Marion,097
MARION|WAY296,99,1.000000000000,Marion,097
MARION|WAY297,99,1.000000000000,Marion,097
MARION|WAY298,92,0.000069310775,Marion,097
MARION|WAY298,99,0.999930689225,Marion,097
MARION|WAY299,92,0.000550602096,Marion,097
MARION|WAY299,99,0.999449397904,Marion,097
MARION|WAYWY1,25,0.000047651509,Marion,097
MARION|WAYWY1,92,0.999952348491,Marion,097
MARION|WAYWY10,92,0.999614871529,Marion,097
MARION|WAYWY10,99,0.000385128471,Marion,097
MARION|WAYWY11,25,0.000029320583,Marion,097
MARION|WAYWY11,92,0.999970679417,Marion,097
MARION|WAYWY12,40,0.000063635366,Marion,097
MARION|WAYWY12,92,0.999936364634,Marion,097
MARION|WAYWY13,92,0.999997597804,Marion,097
MARION|WAYWY13,99,0.000002402196,Marion,097
MARION|WAYWY14,92,0.001314530375,Marion,097
MARION|WAYWY14,99,0.998685469625,Marion,097
MARION|WAYWY15,92,1.000000000000,Marion,097
MARION|WAYWY16,40,0.000016711284,Marion,097
MARION|WAYWY16,92,0.999983288716,Marion,097
MARION|WAYWY17,92,1.000000000000,Marion,097
MARION|WAYWY18,92,0.998776646125,Marion,097
MARION|WAYWY18,99,0.001223353875,Marion,097
MARION|WAYWY19,92,0.996206050342,Marion,097
MARION|WAYWY19,99,0.003793949658,Marion,097
MARION|WAYWY2,92,0.999129060583,Marion,097
MARION|WAYWY2,99,0.000870939417,Marion,097
MARION|WAYWY20,92,1.000000000000,Marion,097
MARION|WAYWY21,92,1.000000000000,Marion,097
MARION|WAYWY22,40,0.000696097988,Marion,097
MARION|WAYWY22,92,0.999303902012,Marion,097
MARION|WAYWY23,92,1.000000000000,Marion,097
MARION|WAYWY24,92,1.000000000000,Marion,097
MARION|WAYWY25,92,1.000000000000,Marion,097
MARION|WAYWY26,92,1.000000000000,Marion,097
MARION|WAYWY27,92,0.998609820160,Marion,097
MARION|WAYWY27,97,0.001390179840,Marion,097
MARION|WAYWY28,92,0.997160455192,Marion,097
MARION|WAYWY28,99,0.002839544808,Marion,097
MARION|WAYWY29,40,0.000000378398,Marion,097
MARION|WAYWY29,92,0.999999621602,Marion,097
MARION|WAYWY3,92,0.991991883883,Marion,097
MARION|WAYWY3,94,0.000045461697,Marion,097
MARION|WAYWY3,99,0.007962654420,Marion,097
MARION|WAYWY30,92,1.000000000000,Marion,097
MARION|WAYWY31,92,1.000000000000,Marion,097
MARION|WAYWY32,92,1.000000000000,Marion,097
MARION|WAYWY33,92,1.000000000000,Marion,097
MARION|WAYWY34,92,1.000000000000,Marion,097
MARION|WAYWY35,92,1.000000000000,Marion,097
MARION|WAYWY36,92,0.000502714891,Marion,097
MARION|WAYWY36,97,0.999497285109,Marion,097
MARION|WAYWY37,97,1.000000000000,Marion,097
MARION|WAYWY38,40,0.000000238132,Marion,097
MARION|WAYWY38,92,0.999999761868,Marion,097
MARION|WAYWY39,92,1.000000000000,Marion,097
MARION|WAYWY4,92,0.001486487022,Marion,097
MARION|WAYWY4,94,0.000910607697,Marion,097
MARION|WAYWY4,99,0.997602905280,Marion,097
MARION|WAYWY40,92,0.999894413384,Marion,097
MARION|WAYWY40,97,0.000105586616,Marion,097
MARION|WAYWY41,92,1.000000000000,Marion,097
MARION|WAYWY42,92,0.999803099416,Marion,097
MARION|WAYWY42,97,0.000196900584,Marion,097
MARION|WAYWY43,40,0.000004962924,Marion,097
MARION|WAYWY43,91,0.000134329230,Marion,097
MARION|WAYWY43,92,0.999661562644,Marion,097
MARION|WAYWY43,97,0.000199145203,Marion,097
MARION|WAYWY44,92,0.000447199557,Marion,097
MARION|WAYWY44,97,0.999552800443,Marion,097
MARION|WAYWY45,92,0.000008505697,Marion,097
MARION|WAYWY45,97,0.999991494303,Marion,097
MARION|WAYWY46,92,0.000077206011,Marion,097
MARION|WAYWY46,97,0.999922793989,Marion,097
MARION|WAYWY47,97,1.000000000000,Marion,097
MARION|WAYWY48,97,1.000000000000,Marion,097
MARION|WAYWY49,91,0.000827882144,Marion,097
MARION|WAYWY49,92,0.000000890655,Marion,097
MARION|WAYWY49,97,0.999171227201,Marion,097
MARION|WAYWY5,92,0.007512065229,Marion,097
MARION|WAYWY5,99,0.992487934771,Marion,097
MARION|WAYWY50,97,1.000000000000,Marion,097
MARION|WAYWY51,40,0.000053168867,Marion,097
MARION|WAYWY51,91,0.001128488430,Marion,097
MARION|WAYWY51,92,0.998818342703,Marion,097
MARION|WAYWY52,91,0.999986112939,Marion,097
MARION|WAYWY52,92,0.000000095587,Marion,097
MARION|WAYWY52,97,0.000013791474,Marion,097
MARION|WAYWY53,91,0.000094632307,Marion,097
MARION|WAYWY53,97,0.999905367693,Marion,097
MARION|WAYWY54,97,1.000000000000,Marion,097
MARION|WAYWY55,40,0.000005512024,Marion,097
MARION|WAYWY55,91,0.002834170448,Marion,097
MARION|WAYWY55,92,0.997160317529,Marion,097
MARION|WAYWY56,40,0.000007611939,Marion,097
MARION|WAYWY56,91,0.997902948277,Marion,097
MARION|WAYWY56,92,0.002089439783,Marion,097
MARION|WAYWY57,91,0.999954057879,Marion,097
MARION|WAYWY57,97,0.000045942121,Marion,097
MARION|WAYWY58,91,0.000031898853,Marion,097
MARION|WAYWY58,97,0.999968101147,Marion,097
MARION|WAYWY59,91,0.000379656593,Marion,097
MARION|WAYWY59,97,0.999620343407,Marion,097
MARION|WAYWY6,92,0.000136951332,Marion,097
MARION|WAYWY6,99,0.999863048668,Marion,097
MARION|WAYWY60,91,0.000198620463,Marion,097
MARION|WAYWY60,97,0.999801379537,Marion,097
MARION|WAYWY7,92,0.003007607258,Marion,097
MARION|WAYWY7,99,0.996992392742,Marion,097
MARION|WAYWY8,92,0.999969750280,Marion,097
MARION|WAYWY8,99,0.000030249720,Marion,097
MARION|WAYWY9,92,0.999872685040,Marion,097
MARION|WAYWY9,99,0.000127314960,Marion,097
MARSHALL|BOURBON1,17,0.999996283628,Marshall,099
MARSHALL|BOURBON1,22,0.000003716372,Marshall,099
MARSHALL|BOURBON2,17,0.999953980615,Marshall,099
MARSHALL|BOURBON2,22,0.000046019385,Marshall,099
MARSHALL|CENTER1,17,1.000000000000,Marshall,099
MARSHALL|CENTER2,17,1.000000000000,Marshall,099
MARSHALL|CENTER3,17,1.000000000000,Marshall,099
MARSHALL|CENTER4,17,1.000000000000,Marshall,099
MARSHALL|CENTER5,17,1.000000000000,Marshall,099
MARSHALL|CENTER6,17,1.000000000000,Marshall,099
MARSHALL|CENTER7,17,1.000000000000,Marshall,099
MARSHALL|CENTER8,17,1.000000000000,Marshall,099
MARSHALL|GERMAN1,7,0.000041259790,Marshall,099
MARSHALL|GERMAN1,17,0.999958740210,Marshall,099
MARSHALL|GERMAN2,7,0.000016633265,Marshall,099
MARSHALL|GERMAN2,17,0.999968270777,Marshall,099
MARSHALL|GERMAN2,21,0.000004938858,Marshall,099
MARSHALL|GERMAN2,22,0.000010157100,Marshall,099
MARSHALL|GERMAN3,17,1.000000000000,Marshall,099
MARSHALL|GERMAN4,17,1.000000000000,Marshall,099
MARSHALL|GERMAN5,17,1.000000000000,Marshall,099
MARSHALL|GREEN,17,1.000000000000,Marshall,099
MARSHALL|NORTH1,7,0.999647216270,Marshall,099
MARSHALL|NORTH1,17,0.000352783730,Marshall,099
MARSHALL|NORTH2,7,0.000082766253,Marshall,099
MARSHALL|NORTH2,17,0.999917233747,Marshall,099
MARSHALL|NORTH3,7,0.000053169901,Marshall,099
MARSHALL|NORTH3,17,0.999946830099,Marshall,099
MARSHALL|POLK1,7,0.000100035013,Marshall,099
MARSHALL|POLK1,17,0.999899964987,Marshall,099
MARSHALL|POLK2,7,0.000001728066,Marshall,099
MARSHALL|POLK2,17,0.999969405889,Marshall,099
MARSHALL|POLK2,20,0.000028866045,Marshall,099
MARSHALL|TIPPECANOE,17,0.999997035997,Marshall,099
MARSHALL|TIPPECANOE,22,0.000002964003,Marshall,099
MARSHALL|UNION1,17,1.000000000000,Marshall,099
MARSHALL|UNION2,16,0.000045017659,Marshall,099
MARSHALL|UNION2,17,0.999954982341,Marshall,099
MARSHALL|WALNUT1,17,1.000000000000,Marshall,099
MARSHALL|WALNUT2,17,1.000000000000,Marshall,099
MARSHALL|WEST1,17,0.999957264384,Marshall,099
MARSHALL|WEST1,20,0.000042735616,Marshall,099
MARSHALL|WEST2,16,0.000006463460,Marshall,099
MARSHALL|WEST2,17,0.999983627799,Marshall,099
MARSHALL|WEST2,20,0.000009908742,Marshall,099
MARSHALL|WEST3,17,1.000000000000,Marshall,099
MARSHALL|WESTCITYOFPLYMOUTH,17,1.000000000000,Marshall,099
MARTIN|CRANE,45,0.000031546522,Martin,101
MARTIN|CRANE,63,0.999968453478,Martin,101
MARTIN|EASTMEMPHIS,63,1.000000000000,Martin,101
MARTIN|LOSTRIVER,63,0.999965450339,Martin,101
MARTIN|LOSTRIVER,65,0.000005488602,Martin,101
MARTIN|LOSTRIVER,74,0.000029061060,Martin,101
MARTIN|MITCHELTREE,45,0.000001049062,Martin,101
MARTIN|MITCHELTREE,63,0.999938915693,Martin,101
MARTIN|MITCHELTREE,65,0.000060035245,Martin,101
MARTIN|NORTHCENTER,63,1.000000000000,Martin,101
MARTIN|NORTHHALBERT,63,1.000000000000,Martin,101
MARTIN|PERRY1,63,1.000000000000,Martin,101
MARTIN|PERRY2,63,1.000000000000,Martin,101
MARTIN|PERRY3,63,1.000000000000,Martin,101
MARTIN|PERRY4,63,1.000000000000,Martin,101
MARTIN|PERRY5,63,1.000000000000,Martin,101
MARTIN|PERRY6,63,1.000000000000,Martin,101
MARTIN|PERRY7,45,0.000015531398,Martin,101
MARTIN|PERRY7,63,0.999984468602,Martin,101
MARTIN|RUTHERFORD,63,1.000000000000,Martin,101
MARTIN|SOUTHCENTER,63,1.000000000000,Martin,101
MARTIN|SOUTHEASTHALBERT,63,0.999938492856,Martin,101
MARTIN|SOUTHEASTHALBERT,65,0.000061507144,Martin,101
MARTIN|SOUTHHALBERT,63,0.999981821199,Martin,101
MARTIN|SOUTHHALBERT,65,0.000018178801,Martin,101
MARTIN|WESTMEMPHIS,63,1.000000000000,Martin,101
MIAMI|ALLEN,17,0.000051922726,Miami,103
MIAMI|ALLEN,23,0.999948077274,Miami,103
MIAMI|BUTLER,23,0.999951953245,Miami,103
MIAMI|BUTLER,50,0.000048046755,Miami,103
MIAMI|CLAY,23,0.999998990400,Miami,103
MIAMI|CLAY,30,0.000001009600,Miami,103
MIAMI|DEERCREEK,23,0.999908524593,Miami,103
MIAMI|DEERCREEK,30,0.000004188008,Miami,103
MIAMI|DEERCREEK,38,0.000087287399,Miami,103
MIAMI|ERIE,23,0.999983018432,Miami,103
MIAMI|ERIE,50,0.000016981568,Miami,103
MIAMI|HARRISON,23,0.999970405026,Miami,103
MIAMI|HARRISON,30,0.000028105511,Miami,103
MIAMI|HARRISON,50,0.000001489462,Miami,103
MIAMI|JACKSON,23,0.000064824304,Miami,103
MIAMI|JACKSON,30,0.000013816299,Miami,103
MIAMI|JACKSON,31,0.000093738466,Miami,103
MIAMI|JACKSON,50,0.999827620932,Miami,103
MIAMI|JEFFERSON,23,1.000000000000,Miami,103
MIAMI|PERRY,17,0.000021613754,Miami,103
MIAMI|PERRY,22,0.000014679939,Miami,103
MIAMI|PERRY,23,0.999960835241,Miami,103
MIAMI|PERRY,50,0.000002871066,Miami,103
MIAMI|PERU10,23,1.000000000000,Miami,103
MIAMI|PERU11,23,1.000000000000,Miami,103
MIAMI|PERU2,23,1.000000000000,Miami,103
MIAMI|PERU3,23,1.000000000000,Miami,103
MIAMI|PERU5,23,1.000000000000,Miami,103
MIAMI|PERU6,23,1.000000000000,Miami,103
MIAMI|PERU7,23,1.000000000000,Miami,103
MIAMI|PERU9,23,1.000000000000,Miami,103
MIAMI|PIPECREEK2,23,1.000000000000,Miami,103
MIAMI|PIPECREEK3,23,1.000000000000,Miami,103
MIAMI|PIPECREEK4,23,1.000000000000,Miami,103
MIAMI|RICHLAND,23,0.999981458116,Miami,103
MIAMI|RICHLAND,50,0.000018541884,Miami,103
MIAMI|UNION,17,0.000000002091,Miami,103
MIAMI|UNION,23,0.999999997909,Miami,103
MIAMI|WASHINGTON1,23,1.000000000000,Miami,103
MIAMI|WASHINGTON2,23,1.000000000000,Miami,103
MONROE|BEANBLOSSOM1,46,1.000000000000,Monroe,105
MONROE|BEANBLOSSOM2,46,0.999930456702,Monroe,105
MONROE|BEANBLOSSOM2,60,0.000017716771,Monroe,105
MONROE|BEANBLOSSOM2,62,0.000051826528,Monroe,105
MONROE|BENTON1,60,0.999614679331,Monroe,105
MONROE|BENTON1,62,0.000385320669,Monroe,105
MONROE|BENTON2,60,0.000496450255,Monroe,105
MONROE|BENTON2,62,0.999503549745,Monroe,105
MONROE|BLOOMINGTON1,61,1.000000000000,Monroe,105
MONROE|BLOOMINGTON10,61,0.998806692725,Monroe,105
MONROE|BLOOMINGTON10,62,0.001193307275,Monroe,105
MONROE|BLOOMINGTON11,60,0.000020399358,Monroe,105
MONROE|BLOOMINGTON11,61,0.000547800833,Monroe,105
MONROE|BLOOMINGTON11,62,0.999431799809,Monroe,105
MONROE|BLOOMINGTON12,60,0.000143801673,Monroe,105
MONROE|BLOOMINGTON12,61,0.000022594271,Monroe,105
MONROE|BLOOMINGTON12,62,0.999833604056,Monroe,105
MONROE|BLOOMINGTON13,61,0.999971902278,Monroe,105
MONROE|BLOOMINGTON13,62,0.000028097722,Monroe,105
MONROE|BLOOMINGTON14,61,0.996636799128,Monroe,105
MONROE|BLOOMINGTON14,62,0.003363200872,Monroe,105
MONROE|BLOOMINGTON15,46,0.000072229250,Monroe,105
MONROE|BLOOMINGTON15,60,0.001102307967,Monroe,105
MONROE|BLOOMINGTON15,61,0.000732623779,Monroe,105
MONROE|BLOOMINGTON15,62,0.998092839004,Monroe,105
MONROE|BLOOMINGTON16,61,0.996173079811,Monroe,105
MONROE|BLOOMINGTON16,62,0.003826920189,Monroe,105
MONROE|BLOOMINGTON17,61,0.998878631286,Monroe,105
MONROE|BLOOMINGTON17,62,0.001121368714,Monroe,105
MONROE|BLOOMINGTON18,61,1.000000000000,Monroe,105
MONROE|BLOOMINGTON19,61,1.000000000000,Monroe,105
MONROE|BLOOMINGTON2,61,1.000000000000,Monroe,105
MONROE|BLOOMINGTON20,61,1.000000000000,Monroe,105
MONROE|BLOOMINGTON21,61,1.000000000000,Monroe,105
MONROE|BLOOMINGTON22,61,0.999182372382,Monroe,105
MONROE|BLOOMINGTON22,62,0.000817627618,Monroe,105
MONROE|BLOOMINGTON23,61,1.000000000000,Monroe,105
MONROE|BLOOMINGTON24,61,0.999394868850,Monroe,105
MONROE|BLOOMINGTON24,62,0.000605131150,Monroe,105
MONROE|BLOOMINGTON3,61,1.000000000000,Monroe,105
MONROE|BLOOMINGTON4,61,1.000000000000,Monroe,105
MONROE|BLOOMINGTON5,61,1.000000000000,Monroe,105
MONROE|BLOOMINGTON6,46,0.000184648664,Monroe,105
MONROE|BLOOMINGTON6,61,0.998746106083,Monroe,105
MONROE|BLOOMINGTON6,62,0.001069245253,Monroe,105
MONROE|BLOOMINGTON7,61,1.000000000000,Monroe,105
MONROE|BLOOMINGTON8,61,1.000000000000,Monroe,105
MONROE|BLOOMINGTON9,61,0.997888032833,Monroe,105
MONROE|BLOOMINGTON9,62,0.002111967167,Monroe,105
MONROE|CLEARCREEK1,62,1.000000000000,Monroe,105
MONROE|CLEARCREEK2,62,1.000000000000,Monroe,105
MONROE|CLEARCREEK3,62,0.999845328226,Monroe,105
MONROE|CLEARCREEK3,65,0.000154671774,Monroe,105
MONROE|INDIANCREEK,45,0.000020367449,Monroe,105
MONROE|INDIANCREEK,62,0.999978262027,Monroe,105
MONROE|INDIANCREEK,65,0.000001370524,Monroe,105
MONROE|PERRY1,61,1.000000000000,Monroe,105
MONROE|PERRY10,61,0.000094145742,Monroe,105
MONROE|PERRY10,62,0.999905854258,Monroe,105
MONROE|PERRY11,62,1.000000000000,Monroe,105
MONROE|PERRY12,61,0.003514732396,Monroe,105
MONROE|PERRY12,62,0.996485267604,Monroe,105
MONROE|PERRY13,61,0.999562538596,Monroe,105
MONROE|PERRY13,62,0.000437461404,Monroe,105
MONROE|PERRY14,61,0.999199400812,Monroe,105
MONROE|PERRY14,62,0.000800599188,Monroe,105
MONROE|PERRY15,61,1.000000000000,Monroe,105
MONROE|PERRY16,61,1.000000000000,Monroe,105
MONROE|PERRY17,61,0.999625363858,Monroe,105
MONROE|PERRY17,62,0.000374636142,Monroe,105
MONROE|PERRY18,61,0.002271468190,Monroe,105
MONROE|PERRY18,62,0.997728531810,Monroe,105
MONROE|PERRY19,61,0.011277820851,Monroe,105
MONROE|PERRY19,62,0.988722179149,Monroe,105
MONROE|PERRY2,61,1.000000000000,Monroe,105
MONROE|PERRY20,61,1.000000000000,Monroe,105
MONROE|PERRY21,61,0.998789451080,Monroe,105
MONROE|PERRY21,62,0.001210548920,Monroe,105
MONROE|PERRY22,61,0.000048762881,Monroe,105
MONROE|PERRY22,62,0.999951237119,Monroe,105
MONROE|PERRY23,62,1.000000000000,Monroe,105
MONROE|PERRY24,62,1.000000000000,Monroe,105
MONROE|PERRY25,62,1.000000000000,Monroe,105
MONROE|PERRY26,61,0.992165672163,Monroe,105
MONROE|PERRY26,62,0.007834327837,Monroe,105
MONROE|PERRY27,62,1.000000000000,Monroe,105
MONROE|PERRY28,62,1.000000000000,Monroe,105
MONROE|PERRY29,61,0.999853681494,Monroe,105
MONROE|PERRY29,62,0.000146318506,Monroe,105
MONROE|PERRY3,61,0.999287738851,Monroe,105
MONROE|PERRY3,62,0.000712261149,Monroe,105
MONROE|PERRY30,61,1.000000000000,Monroe,105
MONROE|PERRY31,61,0.999879741915,Monroe,105
MONROE|PERRY31,62,0.000120258085,Monroe,105
MONROE|PERRY32,61,1.000000000000,Monroe,105
MONROE|PERRY4,61,0.000187348696,Monroe,105
MONROE|PERRY4,62,0.999812651304,Monroe,105
MONROE|PERRY5,61,0.001938800986,Monroe,105
MONROE|PERRY5,62,0.998061199014,Monroe,105
MONROE|PERRY6,61,0.993903229139,Monroe,105
MONROE|PERRY6,62,0.006096770861,Monroe,105
MONROE|PERRY7,61,1.000000000000,Monroe,105
MONROE|PERRY8,61,1.000000000000,Monroe,105
MONROE|PERRY9,61,1.000000000000,Monroe,105
MONROE|POLK,62,0.999958175904,Monroe,105
MONROE|POLK,65,0.000041824096,Monroe,105
MONROE|RICHLAND1,46,1.000000000000,Monroe,105
MONROE|RICHLAND2,46,1.000000000000,Monroe,105
MONROE|RICHLAND3,46,0.999858968222,Monroe,105
MONROE|RICHLAND3,61,0.000026896641,Monroe,105
MONROE|RICHLAND3,62,0.000114135137,Monroe,105
MONROE|RICHLAND4,46,0.999995820156,Monroe,105
MONROE|RICHLAND4,62,0.000004179844,Monroe,105
MONROE|RICHLAND5,46,1.000000000000,Monroe,105
MONROE|RICHLAND6,46,0.999965366352,Monroe,105
MONROE|RICHLAND6,62,0.000034633648,Monroe,105
MONROE|RICHLAND7,46,0.999279720375,Monroe,105
MONROE|RICHLAND7,62,0.000720279625,Monroe,105
MONROE|RICHLAND8,46,1.000000000000,Monroe,105
MONROE|RICHLAND9,46,0.999028084671,Monroe,105
MONROE|RICHLAND9,62,0.000971915329,Monroe,105
MONROE|SALTCREEK,62,1.000000000000,Monroe,105
MONROE|VANBUREN1,46,0.000010904838,Monroe,105
MONROE|VANBUREN1,61,0.000129595983,Monroe,105
MONROE|VANBUREN1,62,0.999859499179,Monroe,105
MONROE|VANBUREN2,46,0.000042949478,Monroe,105
MONROE|VANBUREN2,61,0.000563637137,Monroe,105
MONROE|VANBUREN2,62,0.999393413385,Monroe,105
MONROE|VANBUREN3,62,1.000000000000,Monroe,105
MONROE|VANBUREN4,45,0.000052050242,Monroe,105
MONROE|VANBUREN4,46,0.000006974736,Monroe,105
MONROE|VANBUREN4,62,0.999940975022,Monroe,105
MONROE|VANBUREN5,62,1.000000000000,Monroe,105
MONROE|VANBUREN6,62,1.000000000000,Monroe,105
MONROE|WASHINGTON,46,0.000041657934,Monroe,105
MONROE|WASHINGTON,60,0.999379256934,Monroe,105
MONROE|WASHINGTON,62,0.000579085133,Monroe,105
MONTGOMERY|BROWN,42,0.000017938204,Montgomery,107
MONTGOMERY|BROWN,44,0.999982061796,Montgomery,107
MONTGOMERY|CLARK,28,0.999952341716,Montgomery,107
MONTGOMERY|CLARK,44,0.000047658284,Montgomery,107
MONTGOMERY|COALCREEK,13,0.999921187060,Montgomery,107
MONTGOMERY|COALCREEK,44,0.000078812940,Montgomery,107
MONTGOMERY|CRAWFORDSVILLE1,44,1.000000000000,Montgomery,107
MONTGOMERY|CRAWFORDSVILLE10,44,1.000000000000,Montgomery,107
MONTGOMERY|CRAWFORDSVILLE2,44,1.000000000000,Montgomery,107
MONTGOMERY|CRAWFORDSVILLE3,44,1.000000000000,Montgomery,107
MONTGOMERY|CRAWFORDSVILLE4,44,1.000000000000,Montgomery,107
MONTGOMERY|CRAWFORDSVILLE5,44,1.000000000000,Montgomery,107
MONTGOMERY|CRAWFORDSVILLE6,44,1.000000000000,Montgomery,107
MONTGOMERY|CRAWFORDSVILLE7,44,1.000000000000,Montgomery,107
MONTGOMERY|CRAWFORDSVILLE8,44,1.000000000000,Montgomery,107
MONTGOMERY|CRAWFORDSVILLE9,44,1.000000000000,Montgomery,107
MONTGOMERY|FRANKLIN,28,0.999704725216,Montgomery,107
MONTGOMERY|FRANKLIN,41,0.000233749816,Montgomery,107
MONTGOMERY|FRANKLIN,44,0.000061524968,Montgomery,107
MONTGOMERY|MADISON,13,0.000037823514,Montgomery,107
MONTGOMERY|MADISON,41,0.000034656105,Montgomery,107
MONTGOMERY|MADISON,44,0.999927520381,Montgomery,107
MONTGOMERY|RIPLEY,13,0.000082925476,Montgomery,107
MONTGOMERY|RIPLEY,44,0.999917074524,Montgomery,107
MONTGOMERY|SCOTT,28,0.000026971878,Montgomery,107
MONTGOMERY|SCOTT,44,0.999973028122,Montgomery,107
MONTGOMERY|SUGARCREEK,28,0.000175438935,Montgomery,107
MONTGOMERY|SUGARCREEK,41,0.999788757128,Montgomery,107
MONTGOMERY|SUGARCREEK,44,0.000035803937,Montgomery,107
MONTGOMERY|UNION1,44,1.000000000000,Montgomery,107
MONTGOMERY|UNION2,13,0.000011120877,Montgomery,107
MONTGOMERY|UNION2,44,0.999988879123,Montgomery,107
MONTGOMERY|UNION3,28,0.000034988742,Montgomery,107
MONTGOMERY|UNION3,44,0.999965011258,Montgomery,107
MONTGOMERY|UNION4,28,0.000051365315,Montgomery,107
MONTGOMERY|UNION4,44,0.999948634685,Montgomery,107
MONTGOMERY|UNION5,44,1.000000000000,Montgomery,107
MONTGOMERY|UNION6,44,1.000000000000,Montgomery,107
MONTGOMERY|UNION7,44,1.000000000000,Montgomery,107
MONTGOMERY|WALNUT,28,0.999995365345,Montgomery,107
MONTGOMERY|WALNUT,41,0.000000238756,Montgomery,107
MONTGOMERY|WALNUT,44,0.000004395899,Montgomery,107
MONTGOMERY|WAYNE,13,0.000078489343,Montgomery,107
MONTGOMERY|WAYNE,44,0.999921510657,Montgomery,107
MORGAN|ADAMS1,28,0.000076421606,Morgan,109
MORGAN|ADAMS1,44,0.000422805513,Morgan,109
MORGAN|ADAMS1,60,0.999500772881,Morgan,109
MORGAN|ASHLAND1,44,0.000001370087,Morgan,109
MORGAN|ASHLAND1,46,0.000014542570,Morgan,109
MORGAN|ASHLAND1,60,0.999984087343,Morgan,109
MORGAN|ASHLAND2,60,1.000000000000,Morgan,109
MORGAN|BAKER1,46,0.000109305604,Morgan,109
MORGAN|BAKER1,60,0.999890694396,Morgan,109
MORGAN|BROWN1,57,1.000000000000,Morgan,109
MORGAN|BROWN10,57,1.000000000000,Morgan,109
MORGAN|BROWN11,57,1.000000000000,Morgan,109
MORGAN|BROWN2,57,1.000000000000,Morgan,109
MORGAN|BROWN3,57,1.000000000000,Morgan,109
MORGAN|BROWN4,57,1.000000000000,Morgan,109
MORGAN|BROWN5,57,1.000000000000,Morgan,109
MORGAN|BROWN6,57,1.000000000000,Morgan,109
MORGAN|BROWN7,57,0.999631681936,Morgan,109
MORGAN|BROWN7,60,0.000368318064,Morgan,109
MORGAN|BROWN8,57,0.999996077711,Morgan,109
MORGAN|BROWN8,60,0.000003922289,Morgan,109
MORGAN|BROWN9,57,0.998860388545,Morgan,109
MORGAN|BROWN9,60,0.001139611455,Morgan,109
MORGAN|CLAY1,57,0.000068033670,Morgan,109
MORGAN|CLAY1,60,0.999931966330,Morgan,109
MORGAN|CLAY2,57,0.000006619204,Morgan,109
MORGAN|CLAY2,60,0.999993380796,Morgan,109
MORGAN|CLAY3,57,0.000005771190,Morgan,109
MORGAN|CLAY3,60,0.999994228810,Morgan,109
MORGAN|GREEN1,47,0.000055789326,Morgan,109
MORGAN|GREEN1,60,0.999944210674,Morgan,109
MORGAN|GREEN2,47,0.000049974852,Morgan,109
MORGAN|GREEN2,60,0.999950025148,Morgan,109
MORGAN|GREGG1,60,1.000000000000,Morgan,109
MORGAN|GREGG2,60,1.000000000000,Morgan,109
MORGAN|HARRISON1,57,0.000113922692,Morgan,109
MORGAN|HARRISON1,60,0.999886077308,Morgan,109
MORGAN|JACKSON1,47,0.000008760031,Morgan,109
MORGAN|JACKSON1,60,0.999991239969,Morgan,109
MORGAN|JACKSON2,47,0.000067999297,Morgan,109
MORGAN|JACKSON2,60,0.999808405298,Morgan,109
MORGAN|JACKSON2,62,0.000123595405,Morgan,109
MORGAN|JACKSON3,60,1.000000000000,Morgan,109
MORGAN|JEFFERSON1,60,1.000000000000,Morgan,109
MORGAN|JEFFERSON2,60,1.000000000000,Morgan,109
MORGAN|JEFFERSON3,60,1.000000000000,Morgan,109
MORGAN|MADISON1,57,0.000081797019,Morgan,109
MORGAN|MADISON1,60,0.999918202981,Morgan,109
MORGAN|MADISON2,57,0.000224802263,Morgan,109
MORGAN|MADISON2,60,0.999775197737,Morgan,109
MORGAN|MADISON3,57,0.999626368836,Morgan,109
MORGAN|MADISON3,60,0.000332068517,Morgan,109
MORGAN|MADISON3,91,0.000041562646,Morgan,109
MORGAN|MADISON4,57,0.999670003889,Morgan,109
MORGAN|MADISON4,60,0.000329996111,Morgan,109
MORGAN|MADISON5,57,0.999884865086,Morgan,109
MORGAN|MADISON5,60,0.000115130017,Morgan,109
MORGAN|MADISON5,91,0.000000004897,Morgan,109
MORGAN|MADISON6,57,0.999999382319,Morgan,109
MORGAN|MADISON6,91,0.000000617681,Morgan,109
MORGAN|MONROE1,28,0.000065433491,Morgan,109
MORGAN|MONROE1,57,0.000124695112,Morgan,109
MORGAN|MONROE1,60,0.999809871397,Morgan,109
MORGAN|MONROE2,57,0.000011080492,Morgan,109
MORGAN|MONROE2,60,0.999988919508,Morgan,109
MORGAN|MONROE3,28,0.000039564419,Morgan,109
MORGAN|MONROE3,60,0.999960435581,Morgan,109
MORGAN|RAY1,60,1.000000000000,Morgan,109
MORGAN|RAY2,46,0.000109644317,Morgan,109
MORGAN|RAY2,60,0.999890355683,Morgan,109
MORGAN|WASHINGTON1,60,1.000000000000,Morgan,109
MORGAN|WASHINGTON10,60,1.000000000000,Morgan,109
MORGAN|WASHINGTON11,60,1.000000000000,Morgan,109
MORGAN|WASHINGTON12,60,1.000000000000,Morgan,109
MORGAN|WASHINGTON13,60,1.000000000000,Morgan,109
MORGAN|WASHINGTON14,60,1.000000000000,Morgan,109
MORGAN|WASHINGTON2,60,1.000000000000,Morgan,109
MORGAN|WASHINGTON3,60,1.000000000000,Morgan,109
MORGAN|WASHINGTON4,60,1.000000000000,Morgan,109
MORGAN|WASHINGTON5,60,1.000000000000,Morgan,109
MORGAN|WASHINGTON6,60,1.000000000000,Morgan,109
MORGAN|WASHINGTON7,60,0.999985794965,Morgan,109
MORGAN|WASHINGTON7,62,0.000014205035,Morgan,109
MORGAN|WASHINGTON8,60,1.000000000000,Morgan,109
MORGAN|WASHINGTON9,60,1.000000000000,Morgan,109
NEWTON|BEAVER1,11,1.000000000000,Newton,111
NEWTON|BEAVER2,11,1.000000000000,Newton,111
NEWTON|COLFAX,11,0.999957527761,Newton,111
NEWTON|COLFAX,16,0.000042472239,Newton,111
NEWTON|GRANT1,11,0.000006125920,Newton,111
NEWTON|GRANT1,13,0.999993874080,Newton,111
NEWTON|GRANT2,11,0.000064456623,Newton,111
NEWTON|GRANT2,13,0.999935543377,Newton,111
NEWTON|IROQUOIS1,11,0.999904877148,Newton,111
NEWTON|IROQUOIS1,13,0.000092478901,Newton,111
NEWTON|IROQUOIS1,16,0.000002643951,Newton,111
NEWTON|IROQUOIS2,11,0.999975187404,Newton,111
NEWTON|IROQUOIS2,16,0.000024812596,Newton,111
NEWTON|JACKSON,11,0.999982889690,Newton,111
NEWTON|JACKSON,16,0.000017110310,Newton,111
NEWTON|JEFFERSON1,11,0.000904078635,Newton,111
NEWTON|JEFFERSON1,13,0.999095921365,Newton,111
NEWTON|JEFFERSON2,11,0.000464557489,Newton,111
NEWTON|JEFFERSON2,13,0.999535442511,Newton,111
NEWTON|JEFFERSON3,13,1.000000000000,Newton,111
NEWTON|LAKE1,11,1.000000000000,Newton,111
NEWTON|LAKE2,11,1.000000000000,Newton,111
NEWTON|LINCOLN1,11,1.000000000000,Newton,111
NEWTON|LINCOLN2,11,0.999999862918,Newton,111
NEWTON|LINCOLN2,16,0.000000137082,Newton,111
NEWTON|LINCOLN3,11,0.999920771713,Newton,111
NEWTON|LINCOLN3,16,0.000079228287,Newton,111
NEWTON|MCCLELLAN,11,1.000000000000,Newton,111
NEWTON|WASHINGTON,11,0.999422163433,Newton,111
NEWTON|WASHINGTON,13,0.000577836567,Newton,111
NOBLE|ALBION28,18,1.000000000000,Noble,113
NOBLE|ALLEN23,52,1.000000000000,Noble,113
NOBLE|ALLEN24,18,0.000083477338,Noble,113
NOBLE|ALLEN24,52,0.999916522662,Noble,113
NOBLE|ALLEN25,18,0.000404195703,Noble,113
NOBLE|ALLEN25,52,0.999595804297,Noble,113
NOBLE|ALLEN26,18,0.000071206878,Noble,113
NOBLE|ALLEN26,52,0.999928793122,Noble,113
NOBLE|ELKHART7,18,0.999986152528,Noble,113
NOBLE|ELKHART7,51,0.000013847472,Noble,113
NOBLE|GREEN10,18,1.000000000000,Noble,113
NOBLE|JEFFERSON11,18,0.999917186975,Noble,113
NOBLE|JEFFERSON11,52,0.000082813025,Noble,113
NOBLE|NOBLE29,18,1.000000000000,Noble,113
NOBLE|NOBLE9,18,1.000000000000,Noble,113
NOBLE|ORANGE12,18,1.000000000000,Noble,113
NOBLE|ORANGE13,18,0.999998433812,Noble,113
NOBLE|ORANGE13,52,0.000001566188,Noble,113
NOBLE|ORANGE14,18,0.999698901694,Noble,113
NOBLE|ORANGE14,51,0.000062895104,Noble,113
NOBLE|ORANGE14,52,0.000238203201,Noble,113
NOBLE|PERRY3,18,0.999962865482,Noble,113
NOBLE|PERRY3,51,0.000037134518,Noble,113
NOBLE|PERRY4,18,1.000000000000,Noble,113
NOBLE|PERRY5,18,1.000000000000,Noble,113
NOBLE|PERRY6,18,1.000000000000,Noble,113
NOBLE|SPARTA2,18,1.000000000000,Noble,113
NOBLE|SWAN27,18,0.999877551754,Noble,113
NOBLE|SWAN27,52,0.000095972515,Noble,113
NOBLE|SWAN27,81,0.000026475731,Noble,113
NOBLE|WASHINGTON1,18,1.000000000000,Noble,113
NOBLE|WAYNE15,18,0.000019382569,Noble,113
NOBLE|WAYNE15,51,0.000060809056,Noble,113
NOBLE|WAYNE15,52,0.999919808376,Noble,113
NOBLE|WAYNE16,18,0.000126678950,Noble,113
NOBLE|WAYNE16,52,0.999873321050,Noble,113
NOBLE|WAYNE17,52,1.000000000000,Noble,113
NOBLE|WAYNE18,52,1.000000000000,Noble,113
NOBLE|WAYNE19,52,1.000000000000,Noble,113
NOBLE|WAYNE20,52,1.000000000000,Noble,113
NOBLE|WAYNE21,52,1.000000000000,Noble,113
NOBLE|WAYNE22,52,1.000000000000,Noble,113
NOBLE|YORK8,18,1.000000000000,Noble,113
OHIO|CASS7,68,1.000000000000,Ohio,115
OHIO|PIKE8,67,0.000000654791,Ohio,115
OHIO|PIKE8,68,0.999999345209,Ohio,115
OHIO|RANDOLPH1,68,1.000000000000,Ohio,115
OHIO|RANDOLPH10,68,1.000000000000,Ohio,115
OHIO|RANDOLPH11,68,1.000000000000,Ohio,115
OHIO|RANDOLPH2,68,1.000000000000,Ohio,115
OHIO|RANDOLPH3,68,1.000000000000,Ohio,115
OHIO|RANDOLPH4,68,1.000000000000,Ohio,115
OHIO|RANDOLPH5,68,1.000000000000,Ohio,115
OHIO|RANDOLPH6,68,1.000000000000,Ohio,115
OHIO|UNION9,68,1.000000000000,Ohio,115
ORANGE|FLEWESTBADEN,65,1.000000000000,Orange,117
ORANGE|FLWWESTBADEN,63,0.000125406497,Orange,117
ORANGE|FLWWESTBADEN,65,0.999874593503,Orange,117
ORANGE|FRENCHLICKEAST,65,1.000000000000,Orange,117
ORANGE|FRENCHLICKNORTH,65,0.999917421572,Orange,117
ORANGE|FRENCHLICKNORTH,74,0.000082578428,Orange,117
ORANGE|FRENCHLICKSOUTH,65,0.999948099206,Orange,117
ORANGE|FRENCHLICKSOUTH,74,0.000051900794,Orange,117
ORANGE|FRENCHLICKWEST,63,0.000215902329,Orange,117
ORANGE|FRENCHLICKWEST,65,0.999783018108,Orange,117
ORANGE|FRENCHLICKWEST,74,0.000001079563,Orange,117
ORANGE|GREENFIELD,65,0.000063009002,Orange,117
ORANGE|GREENFIELD,74,0.999936990998,Orange,117
ORANGE|JACKSON,65,0.000001819804,Orange,117
ORANGE|JACKSON,74,0.999998180196,Orange,117
ORANGE|NORTHEAST,65,1.000000000000,Orange,117
ORANGE|NORTHWEST,63,0.000002606937,Orange,117
ORANGE|NORTHWEST,65,0.999997393063,Orange,117
ORANGE|ORANGEVILLE,65,1.000000000000,Orange,117
ORANGE|ORLEANSEAST,65,1.000000000000,Orange,117
ORANGE|ORLEANSNORTHWEST,65,1.000000000000,Orange,117
ORANGE|ORLEANSSOUTHWEST,65,1.000000000000,Orange,117
ORANGE|PAOLINORTH,65,1.000000000000,Orange,117
ORANGE|PAOLINORTHEAST,65,1.000000000000,Orange,117
ORANGE|PAOLINORTHWEST,65,1.000000000000,Orange,117
ORANGE|PAOLISOUTH,65,1.000000000000,Orange,117
ORANGE|PAOLISOUTHEAST,65,1.000000000000,Orange,117
ORANGE|PAOLISOUTHWEST,65,0.999996144843,Orange,117
ORANGE|PAOLISOUTHWEST,74,0.000003855157,Orange,117
ORANGE|SOUTHEAST,65,0.999927586437,Orange,117
ORANGE|SOUTHEAST,70,0.000001923676,Orange,117
ORANGE|SOUTHEAST,74,0.000070489887,Orange,117
ORANGE|STAMPERSCREEK,65,1.000000000000,Orange,117
OWEN|CLAY1,45,0.000027615196,Owen,119
OWEN|CLAY1,46,0.999972384804,Owen,119
OWEN|CLAY2,45,0.000016233195,Owen,119
OWEN|CLAY2,46,0.999983766805,Owen,119
OWEN|FRANKLIN,45,0.000014722772,Owen,119
OWEN|FRANKLIN,46,0.999985277228,Owen,119
OWEN|HARRISON,44,0.000062174704,Owen,119
OWEN|HARRISON,46,0.999800697879,Owen,119
OWEN|HARRISON,60,0.000137127417,Owen,119
OWEN|JACKSON,42,0.000017285061,Owen,119
OWEN|JACKSON,44,0.000058707899,Owen,119
OWEN|JACKSON,46,0.999924007040,Owen,119
OWEN|JEFFERSON,45,0.000032776510,Owen,119
OWEN|JEFFERSON,46,0.999967223490,Owen,119
OWEN|JENNINGS,44,0.000005233750,Owen,119
OWEN|JENNINGS,46,0.999994766250,Owen,119
OWEN|LAFAYETTE,46,1.000000000000,Owen,119
OWEN|MARION,46,1.000000000000,Owen,119
OWEN|MONTGOMERY,46,1.000000000000,Owen,119
OWEN|MORGAN,46,1.000000000000,Owen,119
OWEN|TAYLOR,44,0.000087766627,Owen,119
OWEN|TAYLOR,46,0.999912233373,Owen,119
OWEN|WASHINGTON1,46,1.000000000000,Owen,119
OWEN|WASHINGTON2,46,1.000000000000,Owen,119
OWEN|WASHINGTON3,46,1.000000000000,Owen,119
OWEN|WASHINGTON4,46,1.000000000000,Owen,119
OWEN|WAYNE1,46,0.999840451477,Owen,119
OWEN|WAYNE1,60,0.000159548523,Owen,119
OWEN|WAYNE2,46,1.000000000000,Owen,119
PARKE|ADAMS1,42,1.000000000000,Parke,121
PARKE|ADAMS2,42,1.000000000000,Parke,121
PARKE|ADAMS3,42,1.000000000000,Parke,121
PARKE|ADAMS4,42,1.000000000000,Parke,121
PARKE|FLORIDA1,42,1.000000000000,Parke,121
PARKE|FLORIDA2,42,1.000000000000,Parke,121
PARKE|GREENE,42,0.999956887187,Parke,121
PARKE|GREENE,44,0.000043112813,Parke,121
PARKE|HOWARD,13,0.000003317629,Parke,121
PARKE|HOWARD,42,0.999977812285,Parke,121
PARKE|HOWARD,44,0.000018870087,Parke,121
PARKE|JACKSON,42,0.999988609904,Parke,121
PARKE|JACKSON,44,0.000011390096,Parke,121
PARKE|LIBERTY,42,1.000000000000,Parke,121
PARKE|PENN,42,1.000000000000,Parke,121
PARKE|RACCOON,42,1.000000000000,Parke,121
PARKE|RESERVE,42,1.000000000000,Parke,121
PARKE|SUGARCREEK,13,0.000049079064,Parke,121
PARKE|SUGARCREEK,42,0.999950920936,Parke,121
PARKE|UNION,42,0.999983714951,Parke,121
PARKE|UNION,44,0.000016285049,Parke,121
PARKE|WABASH,42,1.000000000000,Parke,121
PARKE|WASHINGTON,42,1.000000000000,Parke,121
PERRY|ANDERSON,74,1.000000000000,Perry,123
PERRY|CANNELTON,74,1.000000000000,Perry,123
PERRY|CLARK,74,1.000000000000,Perry,123
PERRY|DERBY,74,1.000000000000,Perry,123
PERRY|LEOPOLD,74,1.000000000000,Perry,123
PERRY|OIL,74,1.000000000000,Perry,123
PERRY|RONO,74,1.000000000000,Perry,123
PERRY|TELLCITY1,74,1.000000000000,Perry,123
PERRY|TELLCITY2,74,1.000000000000,Perry,123
PERRY|TELLCITY3,74,1.000000000000,Perry,123
PERRY|TELLCITY4,74,1.000000000000,Perry,123
PERRY|TELLCITY5,74,1.000000000000,Perry,123
PERRY|TELLCITY6,74,1.000000000000,Perry,123
PERRY|TELLCITY7,74,1.000000000000,Perry,123
PERRY|TELLCITY8,74,1.000000000000,Perry,123
PERRY|TOBIN,74,1.000000000000,Perry,123
PERRY|TROY,74,1.000000000000,Perry,123
PERRY|TROYTOWNSHIP1,74,1.000000000000,Perry,123
PERRY|TROYTOWNSHIP2,74,1.000000000000,Perry,123
PIKE|CLAY,64,0.000484902553,Pike,125
PIKE|CLAY,75,0.999515097447,Pike,125
PIKE|JEFFERSON1,63,0.999984671330,Pike,125
PIKE|JEFFERSON1,75,0.000015328670,Pike,125
PIKE|JEFFERSON2,63,0.999999786014,Pike,125
PIKE|JEFFERSON2,75,0.000000213986,Pike,125
PIKE|LOCKHART,63,0.000051818916,Pike,125
PIKE|LOCKHART,75,0.999948181084,Pike,125
PIKE|LOGAN,64,0.000024428710,Pike,125
PIKE|LOGAN,75,0.999975571290,Pike,125
PIKE|MADISON,64,0.000361241664,Pike,125
PIKE|MADISON,75,0.999638758336,Pike,125
PIKE|MARION,63,0.000139723987,Pike,125
PIKE|MARION,75,0.999860276013,Pike,125
PIKE|MONROE,75,1.000000000000,Pike,125
PIKE|PATOKA1,63,0.000004873553,Pike,125
PIKE|PATOKA1,75,0.999995126447,Pike,125
PIKE|PATOKA2,75,1.000000000000,Pike,125
PIKE|PETERSBURG1,63,0.000179962421,Pike,125
PIKE|PETERSBURG1,75,0.999820037579,Pike,125
PIKE|PETERSBURG2,75,1.000000000000,Pike,125
PIKE|PETERSBURG3,75,1.000000000000,Pike,125
PIKE|PETERSBURG4,75,1.000000000000,Pike,125
PIKE|WASHINGTON1,63,0.999508709844,Pike,125
PIKE|WASHINGTON1,75,0.000491290156,Pike,125
PIKE|WASHINGTON2,63,0.000368037439,Pike,125
PIKE|WASHINGTON2,75,0.999631962561,Pike,125
PIKE|WASHINGTON3,63,0.000634294532,Pike,125
PIKE|WASHINGTON3,64,0.000965897469,Pike,125
PIKE|WASHINGTON3,75,0.998399807999,Pike,125
PIKE|WINSLOW,75,1.000000000000,Pike,125
PORTER|BOONE1,4,0.664972690546,Porter,127
PORTER|BOONE1,11,0.334885301253,Porter,127
PORTER|BOONE1,19,0.000142008201,Porter,127
PORTER|BOONE2,4,0.000079052443,Porter,127
PORTER|BOONE2,11,0.999920947557,Porter,127
PORTER|BOONE3,11,0.999904551206,Porter,127
PORTER|BOONE3,19,0.000095448794,Porter,127
PORTER|BOONE4,11,0.999999948326,Porter,127
PORTER|BOONE4,19,0.000000051674,Porter,127
PORTER|BOONE5,11,0.999991454943,Porter,127
PORTER|BOONE5,19,0.000008545057,Porter,127
PORTER|CENTER1,4,1.000000000000,Porter,127
PORTER|CENTER11,4,0.999762105517,Porter,127
PORTER|CENTER11,10,0.000237894483,Porter,127
PORTER|CENTER13,4,1.000000000000,Porter,127
PORTER|CENTER14,4,1.000000000000,Porter,127
PORTER|CENTER15,4,1.000000000000,Porter,127
PORTER|CENTER16,4,1.000000000000,Porter,127
PORTER|CENTER17,4,1.000000000000,Porter,127
PORTER|CENTER18,4,0.999994634683,Porter,127
PORTER|CENTER18,10,0.000005365317,Porter,127
PORTER|CENTER19,4,1.000000000000,Porter,127
PORTER|CENTER2,4,1.000000000000,Porter,127
PORTER|CENTER20,4,0.998376803019,Porter,127
PORTER|CENTER20,10,0.001623196981,Porter,127
PORTER|CENTER21,4,1.000000000000,Porter,127
PORTER|CENTER22,4,1.000000000000,Porter,127
PORTER|CENTER23,4,1.000000000000,Porter,127
PORTER|CENTER24,4,0.999977737957,Porter,127
PORTER|CENTER24,19,0.000022262043,Porter,127
PORTER|CENTER25,4,1.000000000000,Porter,127
PORTER|CENTER26,4,1.000000000000,Porter,127
PORTER|CENTER27,4,1.000000000000,Porter,127
PORTER|CENTER28,4,1.000000000000,Porter,127
PORTER|CENTER29,4,1.000000000000,Porter,127
PORTER|CENTER3,4,1.000000000000,Porter,127
PORTER|CENTER30,4,1.000000000000,Porter,127
PORTER|CENTER31,4,1.000000000000,Porter,127
PORTER|CENTER32,4,1.000000000000,Porter,127
PORTER|CENTER33,4,1.000000000000,Porter,127
PORTER|CENTER34,4,0.999771509155,Porter,127
PORTER|CENTER34,10,0.000228490845,Porter,127
PORTER|CENTER35,4,1.000000000000,Porter,127
PORTER|CENTER5,4,1.000000000000,Porter,127
PORTER|CENTER6,4,1.000000000000,Porter,127
PORTER|CENTER7,4,1.000000000000,Porter,127
PORTER|CENTER8,4,1.000000000000,Porter,127
PORTER|CENTER9,4,1.000000000000,Porter,127
PORTER|JACKSON1,4,0.000016361753,Porter,127
PORTER|JACKSON1,9,0.999847186973,Porter,127
PORTER|JACKSON1,10,0.000136451273,Porter,127
PORTER|JACKSON2,4,0.000097026596,Porter,127
PORTER|JACKSON2,9,0.999902973404,Porter,127
PORTER|JACKSON3,9,0.999996675037,Porter,127
PORTER|JACKSON3,20,0.000003324963,Porter,127
PORTER|JACKSON4,9,0.999997409228,Porter,127
PORTER|JACKSON4,10,0.000002590772,Porter,127
PORTER|JACKSON5,9,0.999795364693,Porter,127
PORTER|JACKSON5,20,0.000204635307,Porter,127
PORTER|LAKEMICHIGANNV,3,0.000001720383,Porter,127
PORTER|LAKEMICHIGANNV,9,0.000063039470,Porter,127
PORTER|LAKEMICHIGANNV,10,0.999935240147,Porter,127
PORTER|LIBERTY1,9,0.000010010354,Porter,127
PORTER|LIBERTY1,10,0.999989989646,Porter,127
PORTER|LIBERTY2,10,1.000000000000,Porter,127
PORTER|LIBERTY3,4,0.000033203253,Porter,127
PORTER|LIBERTY3,9,0.000264648592,Porter,127
PORTER|LIBERTY3,10,0.999702148155,Porter,127
PORTER|LIBERTY4,10,1.000000000000,Porter,127
PORTER|LIBERTY5,9,0.999880478605,Porter,127
PORTER|LIBERTY5,10,0.000119521395,Porter,127
PORTER|LIBERTY6,9,0.000002545377,Porter,127
PORTER|LIBERTY6,10,0.999997454623,Porter,127
PORTER|LIBERTY7,4,0.000569516671,Porter,127
PORTER|LIBERTY7,10,0.999430483329,Porter,127
PORTER|MORGAN1,4,0.999940177905,Porter,127
PORTER|MORGAN1,19,0.000020990052,Porter,127
PORTER|MORGAN1,20,0.000038832043,Porter,127
PORTER|MORGAN2,4,0.999698401222,Porter,127
PORTER|MORGAN2,19,0.000301598778,Porter,127
PORTER|MORGAN3,4,0.999998541869,Porter,127
PORTER|MORGAN3,20,0.000001458131,Porter,127
PORTER|PINE1,9,0.999998521707,Porter,127
PORTER|PINE1,20,0.000001478293,Porter,127
PORTER|PINE2,9,0.999462486879,Porter,127
PORTER|PINE2,10,0.000537513121,Porter,127
PORTER|PLEASANT1,4,0.999825320508,Porter,127
PORTER|PLEASANT1,16,0.000095529480,Porter,127
PORTER|PLEASANT1,20,0.000079150012,Porter,127
PORTER|PLEASANT2,4,0.999822155811,Porter,127
PORTER|PLEASANT2,11,0.000150231086,Porter,127
PORTER|PLEASANT2,16,0.000027613104,Porter,127
PORTER|PLEASANT3,4,1.000000000000,Porter,127
PORTER|PORTAGE1,3,0.000007944398,Porter,127
PORTER|PORTAGE1,10,0.999850179254,Porter,127
PORTER|PORTAGE1,19,0.000141876348,Porter,127
PORTER|PORTAGE10,10,1.000000000000,Porter,127
PORTER|PORTAGE12,3,0.000005043591,Porter,127
PORTER|PORTAGE12,10,0.999994956409,Porter,127
PORTER|PORTAGE13,10,1.000000000000,Porter,127
PORTER|PORTAGE14,10,1.000000000000,Porter,127
PORTER|PORTAGE15,10,1.000000000000,Porter,127
PORTER|PORTAGE16,10,1.000000000000,Porter,127
PORTER|PORTAGE17,3,0.000080355705,Porter,127
PORTER|PORTAGE17,10,0.999919644295,Porter,127
PORTER|PORTAGE18,10,1.000000000000,Porter,127
PORTER|PORTAGE19,10,1.000000000000,Porter,127
PORTER|PORTAGE2,10,1.000000000000,Porter,127
PORTER|PORTAGE20,3,0.000083090554,Porter,127
PORTER|PORTAGE20,10,0.999916909446,Porter,127
PORTER|PORTAGE21,10,1.000000000000,Porter,127
PORTER|PORTAGE22,10,1.000000000000,Porter,127
PORTER|PORTAGE23,10,1.000000000000,Porter,127
PORTER|PORTAGE24,10,1.000000000000,Porter,127
PORTER|PORTAGE25,10,1.000000000000,Porter,127
PORTER|PORTAGE26,10,1.000000000000,Porter,127
PORTER|PORTAGE27,10,1.000000000000,Porter,127
PORTER|PORTAGE28,10,1.000000000000,Porter,127
PORTER|PORTAGE3,3,0.000084305456,Porter,127
PORTER|PORTAGE3,10,0.999915694544,Porter,127
PORTER|PORTAGE31,10,1.000000000000,Porter,127
PORTER|PORTAGE32,3,0.000014645150,Porter,127
PORTER|PORTAGE32,10,0.999985354850,Porter,127
PORTER|PORTAGE33,10,1.000000000000,Porter,127
PORTER|PORTAGE35,10,1.000000000000,Porter,127
PORTER|PORTAGE36,10,1.000000000000,Porter,127
PORTER|PORTAGE37,10,1.000000000000,Porter,127
PORTER|PORTAGE38,10,1.000000000000,Porter,127
PORTER|PORTAGE4,3,0.000161950319,Porter,127
PORTER|PORTAGE4,10,0.999838049681,Porter,127
PORTER|PORTAGE5,10,1.000000000000,Porter,127
PORTER|PORTAGE6,3,0.000014557049,Porter,127
PORTER|PORTAGE6,10,0.999985442951,Porter,127
PORTER|PORTAGE7,3,0.000119147246,Porter,127
PORTER|PORTAGE7,10,0.999880852754,Porter,127
PORTER|PORTAGE9,10,1.000000000000,Porter,127
PORTER|PORTER1,4,0.000183391634,Porter,127
PORTER|PORTER1,19,0.999816608366,Porter,127
PORTER|PORTER2,19,1.000000000000,Porter,127
PORTER|PORTER3,4,0.000112067884,Porter,127
PORTER|PORTER3,11,0.000000017089,Porter,127
PORTER|PORTER3,19,0.999887915027,Porter,127
PORTER|PORTER4,4,0.000062203515,Porter,127
PORTER|PORTER4,19,0.999937796485,Porter,127
PORTER|PORTER5,19,1.000000000000,Porter,127
PORTER|PORTER6,19,1.000000000000,Porter,127
PORTER|PORTER7,19,1.000000000000,Porter,127
PORTER|UNION1,4,0.999720766962,Porter,127
PORTER|UNION1,10,0.000002634724,Porter,127
PORTER|UNION1,19,0.000276598314,Porter,127
PORTER|UNION2,4,0.000398390182,Porter,127
PORTER|UNION2,19,0.999601609818,Porter,127
PORTER|UNION3,4,0.999212988192,Porter,127
PORTER|UNION3,19,0.000787011808,Porter,127
PORTER|UNION4,3,0.000022762023,Porter,127
PORTER|UNION4,4,0.170164557838,Porter,127
PORTER|UNION4,10,0.000093354716,Porter,127
PORTER|UNION4,19,0.829719325423,Porter,127
PORTER|UNION5,4,0.999459551644,Porter,127
PORTER|UNION5,19,0.000540448356,Porter,127
PORTER|UNION6,4,0.999211589176,Porter,127
PORTER|UNION6,10,0.000788410824,Porter,127
PORTER|UNION7,4,0.398388498448,Porter,127
PORTER|UNION7,19,0.601611501552,Porter,127
PORTER|WASHINGTON1,4,0.999902963251,Porter,127
PORTER|WASHINGTON1,9,0.000091747169,Porter,127
PORTER|WASHINGTON1,20,0.000005289580,Porter,127
PORTER|WASHINGTON2,4,0.999903863891,Porter,127
PORTER|WASHINGTON2,20,0.000096136109,Porter,127
PORTER|WASHINGTON3,4,0.999855757940,Porter,127
PORTER|WASHINGTON3,9,0.000144242060,Porter,127
PORTER|WESTCHESTER1,9,1.000000000000,Porter,127
PORTER|WESTCHESTER10,9,0.000074797404,Porter,127
PORTER|WESTCHESTER10,10,0.999925202596,Porter,127
PORTER|WESTCHESTER11,10,1.000000000000,Porter,127
PORTER|WESTCHESTER12,9,0.999661397590,Porter,127
PORTER|WESTCHESTER12,10,0.000338602410,Porter,127
PORTER|WESTCHESTER13,9,0.999857282923,Porter,127
PORTER|WESTCHESTER13,10,0.000142717077,Porter,127
PORTER|WESTCHESTER14,9,1.000000000000,Porter,127
PORTER|WESTCHESTER16,10,1.000000000000,Porter,127
PORTER|WESTCHESTER17,10,1.000000000000,Porter,127
PORTER|WESTCHESTER18,10,1.000000000000,Porter,127
PORTER|WESTCHESTER3,9,0.999997041298,Porter,127
PORTER|WESTCHESTER3,10,0.000002958702,Porter,127
PORTER|WESTCHESTER4,9,0.000322338795,Porter,127
PORTER|WESTCHESTER4,10,0.999677661205,Porter,127
PORTER|WESTCHESTER5,9,0.000114396033,Porter,127
PORTER|WESTCHESTER5,10,0.999885603967,Porter,127
PORTER|WESTCHESTER6,10,1.000000000000,Porter,127
PORTER|WESTCHESTER7,9,0.000127886060,Porter,127
PORTER|WESTCHESTER7,10,0.999872113940,Porter,127
PORTER|WESTCHESTER8,9,0.999605269979,Porter,127
PORTER|WESTCHESTER8,10,0.000394730021,Porter,127
PORTER|WESTCHESTER9,9,0.999710784917,Porter,127
PORTER|WESTCHESTER9,10,0.000289215083,Porter,127
POSEY|BETHEL,64,0.000177009358,Posey,129
POSEY|BETHEL,76,0.999822990642,Posey,129
POSEY|BLACK1,76,1.000000000000,Posey,129
POSEY|BLACK10,76,1.000000000000,Posey,129
POSEY|BLACK11,76,1.000000000000,Posey,129
POSEY|BLACK12,76,1.000000000000,Posey,129
POSEY|BLACK13,76,1.000000000000,Posey,129
POSEY|BLACK2,76,1.000000000000,Posey,129
POSEY|BLACK3,76,1.000000000000,Posey,129
POSEY|BLACK4,76,1.000000000000,Posey,129
POSEY|BLACK5,76,1.000000000000,Posey,129
POSEY|BLACK6,76,1.000000000000,Posey,129
POSEY|BLACK7,76,1.000000000000,Posey,129
POSEY|BLACK8,76,1.000000000000,Posey,129
POSEY|BLACK9,76,1.000000000000,Posey,129
POSEY|CENTERNORTH,76,1.000000000000,Posey,129
POSEY|CENTERSOUTH,76,1.000000000000,Posey,129
POSEY|HARMONY1,76,1.000000000000,Posey,129
POSEY|HARMONY2,76,1.000000000000,Posey,129
POSEY|HARMONY3,76,1.000000000000,Posey,129
POSEY|LYNNEAST,76,1.000000000000,Posey,129
POSEY|LYNNWEST,76,1.000000000000,Posey,129
POSEY|MARRSCENTER,76,1.000000000000,Posey,129
POSEY|MARRSNORTH,76,1.000000000000,Posey,129
POSEY|MARRSSOUTH,76,1.000000000000,Posey,129
POSEY|MARRSWEST,76,1.000000000000,Posey,129
POSEY|POINT,76,1.000000000000,Posey,129
POSEY|ROBB1,76,1.000000000000,Posey,129
POSEY|ROBB2,64,0.000112442773,Posey,129
POSEY|ROBB2,76,0.999887557227,Posey,129
POSEY|ROBB3,64,0.000009916175,Posey,129
POSEY|ROBB3,76,0.999990083825,Posey,129
POSEY|ROBINSON1,76,1.000000000000,Posey,129
POSEY|ROBINSON2,76,1.000000000000,Posey,129
POSEY|ROBINSON3,64,0.000256989906,Posey,129
POSEY|ROBINSON3,76,0.999743010094,Posey,129
POSEY|SMITHEAST,64,0.000039434152,Posey,129
POSEY|SMITHEAST,76,0.999960565848,Posey,129
POSEY|SMITHWEST,64,0.000001281785,Posey,129
POSEY|SMITHWEST,76,0.999998718215,Posey,129
PULASKI|BEAVER,16,1.000000000000,Pulaski,131
PULASKI|CASS,16,1.000000000000,Pulaski,131
PULASKI|FRANKLIN,16,0.999896976736,Pulaski,131
PULASKI|FRANKLIN,17,0.000103023264,Pulaski,131
PULASKI|HARRISON,16,0.000020761034,Pulaski,131
PULASKI|HARRISON,17,0.999979238966,Pulaski,131
PULASKI|INDIANCREEK,16,0.999992350235,Pulaski,131
PULASKI|INDIANCREEK,17,0.000007649765,Pulaski,131
PULASKI|JEFFERSON,16,1.000000000000,Pulaski,131
PULASKI|MONROE1,16,0.999825859637,Pulaski,131
PULASKI|MONROE1,17,0.000174140363,Pulaski,131
PULASKI|MONROE2,16,0.999410251666,Pulaski,131
PULASKI|MONROE2,17,0.000589748334,Pulaski,131
PULASKI|MONROE3,16,0.999981797669,Pulaski,131
PULASKI|MONROE3,17,0.000018202331,Pulaski,131
PULASKI|MONROE4,16,1.000000000000,Pulaski,131
PULASKI|RICHGROVE,16,1.000000000000,Pulaski,131
PULASKI|SALEM,16,1.000000000000,Pulaski,131
PULASKI|TIPPECANOE,16,0.000048962237,Pulaski,131
PULASKI|TIPPECANOE,17,0.999951037763,Pulaski,131
PULASKI|VANBUREN,16,0.000053384494,Pulaski,131
PULASKI|VANBUREN,17,0.999914242877,Pulaski,131
PULASKI|VANBUREN,23,0.000032372629,Pulaski,131
PULASKI|WHITEPOST,16,1.000000000000,Pulaski,131
PUTNAM|CLINTON,42,0.000060138315,Putnam,133
PUTNAM|CLINTON,44,0.999939861685,Putnam,133
PUTNAM|CLOVERDALE1,44,0.999913584782,Putnam,133
PUTNAM|CLOVERDALE1,46,0.000038084432,Putnam,133
PUTNAM|CLOVERDALE1,60,0.000048330786,Putnam,133
PUTNAM|CLOVERDALE2,44,1.000000000000,Putnam,133
PUTNAM|CLOVERDALE3,44,0.999885900779,Putnam,133
PUTNAM|CLOVERDALE3,46,0.000114099221,Putnam,133
PUTNAM|EAST,44,1.000000000000,Putnam,133
PUTNAM|FLOYDEAST,28,0.000005894894,Putnam,133
PUTNAM|FLOYDEAST,44,0.999994105106,Putnam,133
PUTNAM|FLOYDSOUTH,28,0.000012710734,Putnam,133
PUTNAM|FLOYDSOUTH,44,0.999987289266,Putnam,133
PUTNAM|FLOYDWEST,28,0.000008806265,Putnam,133
PUTNAM|FLOYDWEST,44,0.999991193735,Putnam,133
PUTNAM|FOXRIDGE,44,1.000000000000,Putnam,133
PUTNAM|FRANKLINNORTH,28,0.000053137493,Putnam,133
PUTNAM|FRANKLINNORTH,44,0.999946862507,Putnam,133
PUTNAM|FRANKLINSOUTH,44,1.000000000000,Putnam,133
PUTNAM|GREENCASTLENORTH,44,1.000000000000,Putnam,133
PUTNAM|JACKSON,28,0.000049934280,Putnam,133
PUTNAM|JACKSON,44,0.999950065720,Putnam,133
PUTNAM|JEFFERSON,28,0.000175747972,Putnam,133
PUTNAM|JEFFERSON,44,0.999412455454,Putnam,133
PUTNAM|JEFFERSON,60,0.000411796574,Putnam,133
PUTNAM|LIMEDALE,44,1.000000000000,Putnam,133
PUTNAM|MADISON,42,0.000050779181,Putnam,133
PUTNAM|MADISON,44,0.999949220819,Putnam,133
PUTNAM|MARIONNORTH,28,0.000023152981,Putnam,133
PUTNAM|MARIONNORTH,44,0.999976847019,Putnam,133
PUTNAM|MARIONSOUTH,44,1.000000000000,Putnam,133
PUTNAM|MONROEEAST,44,1.000000000000,Putnam,133
PUTNAM|MONROEWEST,44,1.000000000000,Putnam,133
PUTNAM|NORTH,44,1.000000000000,Putnam,133
PUTNAM|RUSSELL,42,0.000024657172,Putnam,133
PUTNAM|RUSSELL,44,0.999975342828,Putnam,133
PUTNAM|SOUTH,44,1.000000000000,Putnam,133
PUTNAM|WARREN,44,1.000000000000,Putnam,133
PUTNAM|WASHINGTONNORTH,42,0.000049873177,Putnam,133
PUTNAM|WASHINGTONNORTH,44,0.999950126823,Putnam,133
PUTNAM|WASHINGTONSOUTH,42,0.000080375825,Putnam,133
PUTNAM|WASHINGTONSOUTH,44,0.999901105033,Putnam,133
PUTNAM|WASHINGTONSOUTH,46,0.000018519141,Putnam,133
PUTNAM|WEST,44,1.000000000000,Putnam,133
RANDOLPH|FARMLAND,33,1.000000000000,Randolph,135
RANDOLPH|GREEN,33,1.000000000000,Randolph,135
RANDOLPH|JACKSON,33,1.000000000000,Randolph,135
RANDOLPH|PARKER,33,1.000000000000,Randolph,135
RANDOLPH|RIDGEVILLE,33,1.000000000000,Randolph,135
RANDOLPH|SPARTANBURG,33,0.999985391709,Randolph,135
RANDOLPH|SPARTANBURG,56,0.000014608291,Randolph,135
RANDOLPH|STONEYCREEK,33,1.000000000000,Randolph,135
RANDOLPH|UNION,33,0.999925735288,Randolph,135
RANDOLPH|UNION,54,0.000016236702,Randolph,135
RANDOLPH|UNION,56,0.000058028010,Randolph,135
RANDOLPH|UNIONCITY1,33,1.000000000000,Randolph,135
RANDOLPH|UNIONCITY2,33,1.000000000000,Randolph,135
RANDOLPH|WARD,33,1.000000000000,Randolph,135
RANDOLPH|WASHINGTON,33,0.999977266566,Randolph,135
RANDOLPH|WASHINGTON,56,0.000022733434,Randolph,135
RANDOLPH|WAYNE,33,1.000000000000,Randolph,135
RANDOLPH|WHITERIVER1,33,1.000000000000,Randolph,135
RANDOLPH|WHITERIVER2,33,1.000000000000,Randolph,135
RANDOLPH|WINCHESTER12,33,1.000000000000,Randolph,135
RANDOLPH|WINCHESTER3,33,1.000000000000,Randolph,135
RANDOLPH|WINCHESTER4,33,1.000000000000,Randolph,135
RIPLEY|ADAMS1,55,0.999950096423,Ripley,137
RIPLEY|ADAMS1,67,0.000039791936,Ripley,137
RIPLEY|ADAMS1,68,0.000010111642,Ripley,137
RIPLEY|ADAMS2,55,0.999820811103,Ripley,137
RIPLEY|ADAMS2,67,0.000025417464,Ripley,137
RIPLEY|ADAMS2,68,0.000153771433,Ripley,137
RIPLEY|ADAMS3,55,1.000000000000,Ripley,137
RIPLEY|BROWN1,67,0.999977431731,Ripley,137
RIPLEY|BROWN1,68,0.000022568269,Ripley,137
RIPLEY|BROWN2,67,0.999938924334,Ripley,137
RIPLEY|BROWN2,68,0.000061075666,Ripley,137
RIPLEY|CENTER1,67,1.000000000000,Ripley,137
RIPLEY|CENTER2,67,1.000000000000,Ripley,137
RIPLEY|CENTER3,67,1.000000000000,Ripley,137
RIPLEY|DELAWARE,55,0.000019652440,Ripley,137
RIPLEY|DELAWARE,67,0.999980347560,Ripley,137
RIPLEY|FRANKLIN1,55,0.000030442644,Ripley,137
RIPLEY|FRANKLIN1,67,0.999871844730,Ripley,137
RIPLEY|FRANKLIN1,68,0.000097712626,Ripley,137
RIPLEY|FRANKLIN2,67,0.999969952411,Ripley,137
RIPLEY|FRANKLIN2,68,0.000030047589,Ripley,137
RIPLEY|FRANKLIN3,67,1.000000000000,Ripley,137
RIPLEY|JACKSON,55,0.000037397384,Ripley,137
RIPLEY|JACKSON,67,0.999962602616,Ripley,137
RIPLEY|JOHNSON1,67,1.000000000000,Ripley,137
RIPLEY|JOHNSON2,67,1.000000000000,Ripley,137
RIPLEY|JOHNSON3,67,1.000000000000,Ripley,137
RIPLEY|LAUGHERY1,55,0.999977624227,Ripley,137
RIPLEY|LAUGHERY1,67,0.000022375773,Ripley,137
RIPLEY|LAUGHERY11,55,1.000000000000,Ripley,137
RIPLEY|LAUGHERY21,55,1.000000000000,Ripley,137
RIPLEY|LAUGHERY31,55,1.000000000000,Ripley,137
RIPLEY|OTTERCREEK1,67,1.000000000000,Ripley,137
RIPLEY|OTTERCREEK2,67,1.000000000000,Ripley,137
RIPLEY|SHELBY,67,1.000000000000,Ripley,137
RIPLEY|WASHINGTON1,67,0.999992199631,Ripley,137
RIPLEY|WASHINGTON1,68,0.000007800369,Ripley,137
RIPLEY|WASHINGTON2,67,0.999975053853,Ripley,137
RIPLEY|WASHINGTON2,68,0.000024946147,Ripley,137
RUSH|ANDERSON14,54,0.999893777250,Rush,139
RUSH|ANDERSON14,55,0.000106222750,Rush,139
RUSH|CENTER16,54,1.000000000000,Rush,139
RUSH|JACKSON15,54,1.000000000000,Rush,139
RUSH|NOBLE19,54,0.999936845167,Rush,139
RUSH|NOBLE19,55,0.000063154833,Rush,139
RUSH|ORANGE13,54,0.999949195584,Rush,139
RUSH|ORANGE13,73,0.000050804416,Rush,139
RUSH|POSEY11,54,0.999994838285,Rush,139
RUSH|POSEY11,73,0.000005161715,Rush,139
RUSH|RICHLAND20,54,0.000070595514,Rush,139
RUSH|RICHLAND20,55,0.999929404486,Rush,139
RUSH|RIPLEY10,53,0.000000080055,Rush,139
RUSH|RIPLEY10,54,0.999999919945,Rush,139
RUSH|RIPLEY9,54,1.000000000000,Rush,139
RUSH|RUSHVILLECITY1,54,1.000000000000,Rush,139
RUSH|RUSHVILLECITY2,54,1.000000000000,Rush,139
RUSH|RUSHVILLECITY3,54,1.000000000000,Rush,139
RUSH|RUSHVILLETOWNSHIP7,54,1.000000000000,Rush,139
RUSH|RUSHVILLETOWNSHIP8,54,1.000000000000,Rush,139
RUSH|UNION18,54,0.999960633847,Rush,139
RUSH|UNION18,55,0.000039366153,Rush,139
RUSH|WALKER12,54,0.999996125371,Rush,139
RUSH|WALKER12,73,0.000003874629,Rush,139
RUSH|WASHINGTON17,54,0.999983484056,Rush,139
RUSH|WASHINGTON17,55,0.000016515944,Rush,139
SCOTT|FINLEY1,66,0.000199755901,Scott,143
SCOTT|FINLEY1,69,0.999791450516,Scott,143
SCOTT|FINLEY1,70,0.000008793583,Scott,143
SCOTT|JENNINGS1,69,1.000000000000,Scott,143
SCOTT|JENNINGS2,69,1.000000000000,Scott,143
SCOTT|JENNINGS3,69,1.000000000000,Scott,143
SCOTT|JENNINGS4,66,0.000165384177,Scott,143
SCOTT|JENNINGS4,67,0.000380769525,Scott,143
SCOTT|JENNINGS4,69,0.999453846298,Scott,143
SCOTT|JENNINGS5,67,0.000466723500,Scott,143
SCOTT|JENNINGS5,69,0.999533276500,Scott,143
SCOTT|JOHNSON1,66,0.000022225465,Scott,143
SCOTT|JOHNSON1,67,0.000490851172,Scott,143
SCOTT|JOHNSON1,69,0.999486923362,Scott,143
SCOTT|LEXINGTON1,66,0.999987283672,Scott,143
SCOTT|LEXINGTON1,67,0.000007055749,Scott,143
SCOTT|LEXINGTON1,69,0.000005660579,Scott,143
SCOTT|LEXINGTON2,66,0.999925679940,Scott,143
SCOTT|LEXINGTON2,69,0.000074320060,Scott,143
SCOTT|LEXINGTON3,66,0.999867855424,Scott,143
SCOTT|LEXINGTON3,69,0.000132144576,Scott,143
SCOTT|VIENNA1,66,0.999956158717,Scott,143
SCOTT|VIENNA1,69,0.000043841283,Scott,143
SCOTT|VIENNA2,66,1.000000000000,Scott,143
SCOTT|VIENNA3,66,0.999998278184,Scott,143
SCOTT|VIENNA3,69,0.000001721816,Scott,143
SCOTT|VIENNA4,66,1.000000000000,Scott,143
SCOTT|VIENNA5,66,1.000000000000,Scott,143
SCOTT|VIENNA6,66,0.999459863198,Scott,143
SCOTT|VIENNA6,69,0.000540136802,Scott,143
SHELBY|ADDISONEAST,47,0.000056983585,Shelby,145
SHELBY|ADDISONEAST,73,0.999943016415,Shelby,145
SHELBY|ADDISONWEST,47,0.000187437781,Shelby,145
SHELBY|ADDISONWEST,73,0.999812562219,Shelby,145
SHELBY|BRANDYWINE,47,0.999916085293,Shelby,145
SHELBY|BRANDYWINE,73,0.000083914707,Shelby,145
SHELBY|BRANDYWINENW,47,1.000000000000,Shelby,145
SHELBY|BRANDYWINESHELBYVILLE,47,1.000000000000,Shelby,145
SHELBY|EAST,73,1.000000000000,Shelby,145
SHELBY|HANOVERNORTH,47,0.000079585394,Shelby,145
SHELBY|HANOVERNORTH,53,0.000000208202,Shelby,145
SHELBY|HANOVERNORTH,54,0.999920206404,Shelby,145
SHELBY|HANOVERSOUTH,54,0.999958340385,Shelby,145
SHELBY|HANOVERSOUTH,73,0.000041659615,Shelby,145
SHELBY|HENDRICKS,47,0.999948748544,Shelby,145
SHELBY|HENDRICKS,73,0.000051251456,Shelby,145
SHELBY|JACKSON,47,0.999859387489,Shelby,145
SHELBY|JACKSON,59,0.000019676539,Shelby,145
SHELBY|JACKSON,73,0.000120935973,Shelby,145
SHELBY|LIBERTYEAST,54,0.000080234886,Shelby,145
SHELBY|LIBERTYEAST,73,0.999919765114,Shelby,145
SHELBY|LIBERTYWEST,73,1.000000000000,Shelby,145
SHELBY|MARION,47,0.999863461390,Shelby,145
SHELBY|MARION,54,0.000000270130,Shelby,145
SHELBY|MARION,73,0.000136268480,Shelby,145
SHELBY|MORALNORTH,47,0.999821960209,Shelby,145
SHELBY|MORALNORTH,53,0.000123757311,Shelby,145
SHELBY|MORALNORTH,90,0.000054282480,Shelby,145
SHELBY|MORALNORTHWEST,47,0.999842013647,Shelby,145
SHELBY|MORALNORTHWEST,90,0.000157986353,Shelby,145
SHELBY|MORALSOUTH,47,1.000000000000,Shelby,145
SHELBY|MORALSOUTHWEST,47,0.999792099981,Shelby,145
SHELBY|MORALSOUTHWEST,58,0.000127586330,Shelby,145
SHELBY|MORALSOUTHWEST,90,0.000080313689,Shelby,145
SHELBY|NOBLE,73,1.000000000000,Shelby,145
SHELBY|NORTH,47,0.623420508615,Shelby,145
SHELBY|NORTH,73,0.376579491385,Shelby,145
SHELBY|NORTHEAST,73,1.000000000000,Shelby,145
SHELBY|NORTHWEST,73,1.000000000000,Shelby,145
SHELBY|SHELBYEAST,73,1.000000000000,Shelby,145
SHELBY|SHELBYWEST,47,0.000000108439,Shelby,145
SHELBY|SHELBYWEST,73,0.999999891561,Shelby,145
SHELBY|SOUTH,73,1.000000000000,Shelby,145
SHELBY|SOUTHEAST,73,1.000000000000,Shelby,145
SHELBY|SUGARCREEK,47,0.999996873826,Shelby,145
SHELBY|SUGARCREEK,58,0.000003126174,Shelby,145
SHELBY|UNION,47,0.000033219446,Shelby,145
SHELBY|UNION,54,0.000067682437,Shelby,145
SHELBY|UNION,73,0.999899098118,Shelby,145
SHELBY|VANBUREN,47,0.999920660409,Shelby,145
SHELBY|VANBUREN,53,0.000030327639,Shelby,145
SHELBY|VANBUREN,54,0.000049011952,Shelby,145
SHELBY|VANBURENMORRISTOWN,47,1.000000000000,Shelby,145
SHELBY|WASHINGTON,47,0.000158427140,Shelby,145
SHELBY|WASHINGTON,73,0.999841572860,Shelby,145
SHELBY|WEST,47,0.000000374002,Shelby,145
SHELBY|WEST,73,0.999999625998,Shelby,145
SPENCER|CARTER1,74,1.000000000000,Spencer,147
SPENCER|CARTER2,63,0.000029562109,Spencer,147
SPENCER|CARTER2,74,0.999791508843,Spencer,147
SPENCER|CARTER2,75,0.000178929047,Spencer,147
SPENCER|CARTER3,74,0.999896212046,Spencer,147
SPENCER|CARTER3,75,0.000103787954,Spencer,147
SPENCER|CARTER4,74,1.000000000000,Spencer,147
SPENCER|CLAY1,74,1.000000000000,Spencer,147
SPENCER|CLAY2,74,1.000000000000,Spencer,147
SPENCER|CLAY3,74,1.000000000000,Spencer,147
SPENCER|GRASS1,74,1.000000000000,Spencer,147
SPENCER|GRASS2,74,0.999877595706,Spencer,147
SPENCER|GRASS2,75,0.000122404294,Spencer,147
SPENCER|HAMMOND1,74,1.000000000000,Spencer,147
SPENCER|HAMMOND2,74,1.000000000000,Spencer,147
SPENCER|HARRISON1,74,1.000000000000,Spencer,147
SPENCER|HARRISON2,74,1.000000000000,Spencer,147
SPENCER|HUFF,74,1.000000000000,Spencer,147
SPENCER|JACKSON,74,0.999414456268,Spencer,147
SPENCER|JACKSON,75,0.000585543732,Spencer,147
SPENCER|LUCE1,74,0.999986062028,Spencer,147
SPENCER|LUCE1,75,0.000013937972,Spencer,147
SPENCER|LUCE2,74,0.999986819173,Spencer,147
SPENCER|LUCE2,75,0.000013180827,Spencer,147
SPENCER|LUCE3,74,0.999901020555,Spencer,147
SPENCER|LUCE3,75,0.000098979445,Spencer,147
SPENCER|OHIO1,74,1.000000000000,Spencer,147
SPENCER|OHIO2,74,1.000000000000,Spencer,147
SPENCER|OHIO3,74,1.000000000000,Spencer,147
SPENCER|OHIO4,74,1.000000000000,Spencer,147
SPENCER|OHIO5,74,1.000000000000,Spencer,147
SPENCER|OHIO6,74,1.000000000000,Spencer,147
ST JOSEPH|100001,7,0.999918641524,St. Joseph,141
ST JOSEPH|100001,20,0.000081358476,St. Joseph,141
ST JOSEPH|100002,7,1.000000000000,St. Joseph,141
ST JOSEPH|100003,7,0.999968185782,St. Joseph,141
ST JOSEPH|100003,8,0.000031814218,St. Joseph,141
ST JOSEPH|100004,7,0.999964463210,St. Joseph,141
ST JOSEPH|100004,20,0.000035536790,St. Joseph,141
ST JOSEPH|10001,7,1.000000000000,St. Joseph,141
ST JOSEPH|10002,7,1.000000000000,St. Joseph,141
ST JOSEPH|10003,7,1.000000000000,St. Joseph,141
ST JOSEPH|10004,7,1.000000000000,St. Joseph,141
ST JOSEPH|10005,7,1.000000000000,St. Joseph,141
ST JOSEPH|110001,5,1.000000000000,St. Joseph,141
ST JOSEPH|110002,5,0.999358282808,St. Joseph,141
ST JOSEPH|110002,21,0.000623194461,St. Joseph,141
ST JOSEPH|110002,48,0.000018522731,St. Joseph,141
ST JOSEPH|110003,7,0.000252708009,St. Joseph,141
ST JOSEPH|110003,21,0.999747291991,St. Joseph,141
ST JOSEPH|110004,5,0.997667355690,St. Joseph,141
ST JOSEPH|110004,21,0.002332644310,St. Joseph,141
ST JOSEPH|110005,5,0.001354894051,St. Joseph,141
ST JOSEPH|110005,7,0.000074612243,St. Joseph,141
ST JOSEPH|110005,21,0.998570493706,St. Joseph,141
ST JOSEPH|110006,5,1.000000000000,St. Joseph,141
ST JOSEPH|110007,5,1.000000000000,St. Joseph,141
ST JOSEPH|110008,7,0.999882508666,St. Joseph,141
ST JOSEPH|110008,21,0.000117491334,St. Joseph,141
ST JOSEPH|110009,7,1.000000000000,St. Joseph,141
ST JOSEPH|110010,5,0.999995396957,St. Joseph,141
ST JOSEPH|110010,48,0.000004603043,St. Joseph,141
ST JOSEPH|110011,5,1.000000000000,St. Joseph,141
ST JOSEPH|110012,5,0.999306285508,St. Joseph,141
ST JOSEPH|110012,48,0.000693714492,St. Joseph,141
ST JOSEPH|110013,5,0.000000549675,St. Joseph,141
ST JOSEPH|110013,7,0.999999450325,St. Joseph,141
ST JOSEPH|110014,6,0.000179915750,St. Joseph,141
ST JOSEPH|110014,7,0.999820084250,St. Joseph,141
ST JOSEPH|110015,5,1.000000000000,St. Joseph,141
ST JOSEPH|110016,5,0.999984364452,St. Joseph,141
ST JOSEPH|110016,48,0.000015635548,St. Joseph,141
ST JOSEPH|110017,5,1.000000000000,St. Joseph,141
ST JOSEPH|120001,8,1.000000000000,St. Joseph,141
ST JOSEPH|120002,6,0.000074653659,St. Joseph,141
ST JOSEPH|120002,7,0.999709661615,St. Joseph,141
ST JOSEPH|120002,8,0.000215684727,St. Joseph,141
ST JOSEPH|120003,6,0.000290811875,St. Joseph,141
ST JOSEPH|120003,7,0.999709188125,St. Joseph,141
ST JOSEPH|120004,6,0.004176474451,St. Joseph,141
ST JOSEPH|120004,8,0.995823525549,St. Joseph,141
ST JOSEPH|120005,6,0.000054047841,St. Joseph,141
ST JOSEPH|120005,7,0.999945377666,St. Joseph,141
ST JOSEPH|120005,8,0.000000574494,St. Joseph,141
ST JOSEPH|130101,6,0.997230369022,St. Joseph,141
ST JOSEPH|130101,8,0.002769630978,St. Joseph,141
ST JOSEPH|130102,6,0.999739709187,St. Joseph,141
ST JOSEPH|130102,8,0.000260290813,St. Joseph,141
ST JOSEPH|130103,6,0.000008784669,St. Joseph,141
ST JOSEPH|130103,7,0.000000203105,St. Joseph,141
ST JOSEPH|130103,8,0.999991012226,St. Joseph,141
ST JOSEPH|130104,6,1.000000000000,St. Joseph,141
ST JOSEPH|130105,6,1.000000000000,St. Joseph,141
ST JOSEPH|130106,6,0.980495080544,St. Joseph,141
ST JOSEPH|130106,8,0.019504919456,St. Joseph,141
ST JOSEPH|130107,6,1.000000000000,St. Joseph,141
ST JOSEPH|130108,6,0.005873495457,St. Joseph,141
ST JOSEPH|130108,8,0.994126504543,St. Joseph,141
ST JOSEPH|130109,8,1.000000000000,St. Joseph,141
ST JOSEPH|130110,8,1.000000000000,St. Joseph,141
ST JOSEPH|130111,8,1.000000000000,St. Joseph,141
ST JOSEPH|130112,8,1.000000000000,St. Joseph,141
ST JOSEPH|130114,8,1.000000000000,St. Joseph,141
ST JOSEPH|130115,6,0.999969525059,St. Joseph,141
ST JOSEPH|130115,8,0.000030474941,St. Joseph,141
ST JOSEPH|130201,6,1.000000000000,St. Joseph,141
ST JOSEPH|130202,6,1.000000000000,St. Joseph,141
ST JOSEPH|130203,6,0.999431515103,St. Joseph,141
ST JOSEPH|130203,7,0.000568484897,St. Joseph,141
ST JOSEPH|130204,6,1.000000000000,St. Joseph,141
ST JOSEPH|130205,6,1.000000000000,St. Joseph,141
ST JOSEPH|130206,6,0.999919218448,St. Joseph,141
ST JOSEPH|130206,7,0.000078229948,St. Joseph,141
ST JOSEPH|130206,8,0.000002551604,St. Joseph,141
ST JOSEPH|130207,6,0.999905793585,St. Joseph,141
ST JOSEPH|130207,7,0.000094206415,St. Joseph,141
ST JOSEPH|130208,6,1.000000000000,St. Joseph,141
ST JOSEPH|130209,6,0.999718904400,St. Joseph,141
ST JOSEPH|130209,7,0.000281095600,St. Joseph,141
ST JOSEPH|130210,6,0.999998074756,St. Joseph,141
ST JOSEPH|130210,7,0.000001925244,St. Joseph,141
ST JOSEPH|130211,6,1.000000000000,St. Joseph,141
ST JOSEPH|130301,6,1.000000000000,St. Joseph,141
ST JOSEPH|130302,6,1.000000000000,St. Joseph,141
ST JOSEPH|130303,6,1.000000000000,St. Joseph,141
ST JOSEPH|130304,6,1.000000000000,St. Joseph,141
ST JOSEPH|130305,6,1.000000000000,St. Joseph,141
ST JOSEPH|130306,6,1.000000000000,St. Joseph,141
ST JOSEPH|130307,6,1.000000000000,St. Joseph,141
ST JOSEPH|130308,6,0.999883621316,St. Joseph,141
ST JOSEPH|130308,7,0.000116378684,St. Joseph,141
ST JOSEPH|130309,5,0.000011474964,St. Joseph,141
ST JOSEPH|130309,6,0.999988525036,St. Joseph,141
ST JOSEPH|130310,6,1.000000000000,St. Joseph,141
ST JOSEPH|130311,5,0.000065540922,St. Joseph,141
ST JOSEPH|130311,6,0.999934459078,St. Joseph,141
ST JOSEPH|130312,6,1.000000000000,St. Joseph,141
ST JOSEPH|130313,5,0.000088408149,St. Joseph,141
ST JOSEPH|130313,6,0.999853967640,St. Joseph,141
ST JOSEPH|130313,8,0.000057624211,St. Joseph,141
ST JOSEPH|130314,6,1.000000000000,St. Joseph,141
ST JOSEPH|130401,5,0.000070452208,St. Joseph,141
ST JOSEPH|130401,6,0.003971805932,St. Joseph,141
ST JOSEPH|130401,8,0.995957741860,St. Joseph,141
ST JOSEPH|130402,5,0.000076531379,St. Joseph,141
ST JOSEPH|130402,8,0.999923468621,St. Joseph,141
ST JOSEPH|130403,8,1.000000000000,St. Joseph,141
ST JOSEPH|130404,6,1.000000000000,St. Joseph,141
ST JOSEPH|130405,6,0.996225254533,St. Joseph,141
ST JOSEPH|130405,8,0.003774745467,St. Joseph,141
ST JOSEPH|130406,8,1.000000000000,St. Joseph,141
ST JOSEPH|130407,6,0.999264521027,St. Joseph,141
ST JOSEPH|130407,8,0.000735478973,St. Joseph,141
ST JOSEPH|130408,6,0.000021474004,St. Joseph,141
ST JOSEPH|130408,8,0.999978525996,St. Joseph,141
ST JOSEPH|130409,8,1.000000000000,St. Joseph,141
ST JOSEPH|130410,6,0.002619098320,St. Joseph,141
ST JOSEPH|130410,8,0.997380901680,St. Joseph,141
ST JOSEPH|130411,8,1.000000000000,St. Joseph,141
ST JOSEPH|130412,8,1.000000000000,St. Joseph,141
ST JOSEPH|130413,8,1.000000000000,St. Joseph,141
ST JOSEPH|130414,6,0.999965559202,St. Joseph,141
ST JOSEPH|130414,8,0.000034440798,St. Joseph,141
ST JOSEPH|130415,6,0.000235459936,St. Joseph,141
ST JOSEPH|130415,8,0.999764540064,St. Joseph,141
ST JOSEPH|130416,6,0.000364178892,St. Joseph,141
ST JOSEPH|130416,8,0.999635821108,St. Joseph,141
ST JOSEPH|130417,8,1.000000000000,St. Joseph,141
ST JOSEPH|130501,7,1.000000000000,St. Joseph,141
ST JOSEPH|130502,6,0.999410295156,St. Joseph,141
ST JOSEPH|130502,7,0.000589704844,St. Joseph,141
ST JOSEPH|130503,6,0.999850399097,St. Joseph,141
ST JOSEPH|130503,7,0.000149600903,St. Joseph,141
ST JOSEPH|130504,6,0.000011770214,St. Joseph,141
ST JOSEPH|130504,7,0.999988229786,St. Joseph,141
ST JOSEPH|130505,6,0.000346980602,St. Joseph,141
ST JOSEPH|130505,7,0.999653019398,St. Joseph,141
ST JOSEPH|130506,7,1.000000000000,St. Joseph,141
ST JOSEPH|130507,6,0.000592388830,St. Joseph,141
ST JOSEPH|130507,7,0.999407611170,St. Joseph,141
ST JOSEPH|130508,7,1.000000000000,St. Joseph,141
ST JOSEPH|130509,6,0.999563111975,St. Joseph,141
ST JOSEPH|130509,7,0.000436888025,St. Joseph,141
ST JOSEPH|130510,6,1.000000000000,St. Joseph,141
ST JOSEPH|130511,6,0.999767111834,St. Joseph,141
ST JOSEPH|130511,7,0.000232888166,St. Joseph,141
ST JOSEPH|130512,6,0.999844634836,St. Joseph,141
ST JOSEPH|130512,7,0.000155365164,St. Joseph,141
ST JOSEPH|130513,7,1.000000000000,St. Joseph,141
ST JOSEPH|130514,6,0.000114259950,St. Joseph,141
ST JOSEPH|130514,7,0.999885740050,St. Joseph,141
ST JOSEPH|130515,7,1.000000000000,St. Joseph,141
ST JOSEPH|130516,6,1.000000000000,St. Joseph,141
ST JOSEPH|130517,6,0.999675977987,St. Joseph,141
ST JOSEPH|130517,7,0.000324022013,St. Joseph,141
ST JOSEPH|130601,6,0.000052973443,St. Joseph,141
ST JOSEPH|130601,7,0.999947026557,St. Joseph,141
ST JOSEPH|130602,6,0.000020947028,St. Joseph,141
ST JOSEPH|130602,7,0.999979052972,St. Joseph,141
ST JOSEPH|130603,6,0.000318317807,St. Joseph,141
ST JOSEPH|130603,7,0.999681682193,St. Joseph,141
ST JOSEPH|130604,6,0.999993965981,St. Joseph,141
ST JOSEPH|130604,7,0.000006034019,St. Joseph,141
ST JOSEPH|130605,6,0.997477469075,St. Joseph,141
ST JOSEPH|130605,7,0.002522530925,St. Joseph,141
ST JOSEPH|130606,7,1.000000000000,St. Joseph,141
ST JOSEPH|130607,6,0.000080386423,St. Joseph,141
ST JOSEPH|130607,7,0.999919613577,St. Joseph,141
ST JOSEPH|130608,6,0.999676522604,St. Joseph,141
ST JOSEPH|130608,7,0.000323477396,St. Joseph,141
ST JOSEPH|130609,6,0.002523675596,St. Joseph,141
ST JOSEPH|130609,7,0.997476324404,St. Joseph,141
ST JOSEPH|130610,7,1.000000000000,St. Joseph,141
ST JOSEPH|130611,6,0.999914968972,St. Joseph,141
ST JOSEPH|130611,7,0.000085031028,St. Joseph,141
ST JOSEPH|130612,6,0.990395139721,St. Joseph,141
ST JOSEPH|130612,7,0.009604860279,St. Joseph,141
ST JOSEPH|140001,7,1.000000000000,St. Joseph,141
ST JOSEPH|140002,7,0.999991101539,St. Joseph,141
ST JOSEPH|140002,17,0.000008898461,St. Joseph,141
ST JOSEPH|140003,7,1.000000000000,St. Joseph,141
ST JOSEPH|150001,7,0.999936454421,St. Joseph,141
ST JOSEPH|150001,8,0.000063545579,St. Joseph,141
ST JOSEPH|150002,7,1.000000000000,St. Joseph,141
ST JOSEPH|150003,7,0.000219589342,St. Joseph,141
ST JOSEPH|150003,8,0.999780410658,St. Joseph,141
ST JOSEPH|150004,7,1.000000000000,St. Joseph,141
ST JOSEPH|150005,7,0.000212490801,St. Joseph,141
ST JOSEPH|150005,8,0.999787509199,St. Joseph,141
ST JOSEPH|150006,8,1.000000000000,St. Joseph,141
ST JOSEPH|20001,8,1.000000000000,St. Joseph,141
ST JOSEPH|20002,8,1.000000000000,St. Joseph,141
ST JOSEPH|20003,8,1.000000000000,St. Joseph,141
ST JOSEPH|20004,8,1.000000000000,St. Joseph,141
ST JOSEPH|20005,8,1.000000000000,St. Joseph,141
ST JOSEPH|20006,8,1.000000000000,St. Joseph,141
ST JOSEPH|20007,5,0.000007291077,St. Joseph,141
ST JOSEPH|20007,8,0.999992708923,St. Joseph,141
ST JOSEPH|20008,8,1.000000000000,St. Joseph,141
ST JOSEPH|20009,8,1.000000000000,St. Joseph,141
ST JOSEPH|20010,8,1.000000000000,St. Joseph,141
ST JOSEPH|20011,8,1.000000000000,St. Joseph,141
ST JOSEPH|20012,8,1.000000000000,St. Joseph,141
ST JOSEPH|20013,8,1.000000000000,St. Joseph,141
ST JOSEPH|20014,8,1.000000000000,St. Joseph,141
ST JOSEPH|20015,8,1.000000000000,St. Joseph,141
ST JOSEPH|20016,8,1.000000000000,St. Joseph,141
ST JOSEPH|20017,5,0.000011727311,St. Joseph,141
ST JOSEPH|20017,8,0.999988272689,St. Joseph,141
ST JOSEPH|20018,8,1.000000000000,St. Joseph,141
ST JOSEPH|20019,8,1.000000000000,St. Joseph,141
ST JOSEPH|20020,8,1.000000000000,St. Joseph,141
ST JOSEPH|20021,5,0.000368207178,St. Joseph,141
ST JOSEPH|20021,8,0.999631792822,St. Joseph,141
ST JOSEPH|20022,8,1.000000000000,St. Joseph,141
ST JOSEPH|20023,8,1.000000000000,St. Joseph,141
ST JOSEPH|20024,8,1.000000000000,St. Joseph,141
ST JOSEPH|20025,8,1.000000000000,St. Joseph,141
ST JOSEPH|30001,8,1.000000000000,St. Joseph,141
ST JOSEPH|30002,8,1.000000000000,St. Joseph,141
ST JOSEPH|30003,6,0.000002840921,St. Joseph,141
ST JOSEPH|30003,7,0.000047825991,St. Joseph,141
ST JOSEPH|30003,8,0.999949333088,St. Joseph,141
ST JOSEPH|30004,8,1.000000000000,St. Joseph,141
ST JOSEPH|40001,7,1.000000000000,St. Joseph,141
ST JOSEPH|40002,7,1.000000000000,St. Joseph,141
ST JOSEPH|40003,7,1.000000000000,St. Joseph,141
ST JOSEPH|50001,5,1.000000000000,St. Joseph,141
ST JOSEPH|50002,5,0.999762764853,St. Joseph,141
ST JOSEPH|50002,8,0.000237235147,St. Joseph,141
ST JOSEPH|50003,5,1.000000000000,St. Joseph,141
ST JOSEPH|50004,5,1.000000000000,St. Joseph,141
ST JOSEPH|50005,5,1.000000000000,St. Joseph,141
ST JOSEPH|50006,5,1.000000000000,St. Joseph,141
ST JOSEPH|50007,5,1.000000000000,St. Joseph,141
ST JOSEPH|50008,5,1.000000000000,St. Joseph,141
ST JOSEPH|50009,5,0.999944540550,St. Joseph,141
ST JOSEPH|50009,48,0.000055459450,St. Joseph,141
ST JOSEPH|50010,5,0.999976071732,St. Joseph,141
ST JOSEPH|50010,8,0.000023928268,St. Joseph,141
ST JOSEPH|50011,5,0.999967476217,St. Joseph,141
ST JOSEPH|50011,48,0.000032523783,St. Joseph,141
ST JOSEPH|50012,5,1.000000000000,St. Joseph,141
ST JOSEPH|50013,5,1.000000000000,St. Joseph,141
ST JOSEPH|50014,5,1.000000000000,St. Joseph,141
ST JOSEPH|50015,5,1.000000000000,St. Joseph,141
ST JOSEPH|50016,5,1.000000000000,St. Joseph,141
ST JOSEPH|50017,5,0.999994360478,St. Joseph,141
ST JOSEPH|50017,48,0.000005639522,St. Joseph,141
ST JOSEPH|60001,7,1.000000000000,St. Joseph,141
ST JOSEPH|60002,7,0.999959558448,St. Joseph,141
ST JOSEPH|60002,20,0.000040441552,St. Joseph,141
ST JOSEPH|60003,7,0.999912259634,St. Joseph,141
ST JOSEPH|60003,17,0.000087740366,St. Joseph,141
ST JOSEPH|70001,7,0.999801219236,St. Joseph,141
ST JOSEPH|70001,17,0.000012421798,St. Joseph,141
ST JOSEPH|70001,20,0.000186358966,St. Joseph,141
ST JOSEPH|70002,7,1.000000000000,St. Joseph,141
ST JOSEPH|70003,7,1.000000000000,St. Joseph,141
ST JOSEPH|80001,7,0.999958733907,St. Joseph,141
ST JOSEPH|80001,17,0.000024638020,St. Joseph,141
ST JOSEPH|80001,21,0.000016628073,St. Joseph,141
ST JOSEPH|90101,5,0.000087231144,St. Joseph,141
ST JOSEPH|90101,6,0.999876821660,St. Joseph,141
ST JOSEPH|90101,7,0.000035947196,St. Joseph,141
ST JOSEPH|90102,6,0.997278051450,St. Joseph,141
ST JOSEPH|90102,7,0.002721948550,St. Joseph,141
ST JOSEPH|90103,6,0.002827851216,St. Joseph,141
ST JOSEPH|90103,7,0.997172148784,St. Joseph,141
ST JOSEPH|90104,5,0.000087448202,St. Joseph,141
ST JOSEPH|90104,6,0.999910971682,St. Joseph,141
ST JOSEPH|90104,7,0.000001580116,St. Joseph,141
ST JOSEPH|90105,5,0.999952880936,St. Joseph,141
ST JOSEPH|90105,6,0.000047119064,St. Joseph,141
ST JOSEPH|90106,5,0.000560368019,St. Joseph,141
ST JOSEPH|90106,6,0.995225170093,St. Joseph,141
ST JOSEPH|90106,7,0.004214461888,St. Joseph,141
ST JOSEPH|90201,5,0.999967149172,St. Joseph,141
ST JOSEPH|90201,7,0.000011533775,St. Joseph,141
ST JOSEPH|90201,21,0.000021317052,St. Joseph,141
ST JOSEPH|90202,7,1.000000000000,St. Joseph,141
ST JOSEPH|90203,5,0.549163144106,St. Joseph,141
ST JOSEPH|90203,7,0.450836855894,St. Joseph,141
ST JOSEPH|90204,5,0.328954888497,St. Joseph,141
ST JOSEPH|90204,6,0.001098631757,St. Joseph,141
ST JOSEPH|90204,7,0.669946479746,St. Joseph,141
ST JOSEPH|90205,5,0.000082034991,St. Joseph,141
ST JOSEPH|90205,7,0.999917965009,St. Joseph,141
ST JOSEPH|90206,7,1.000000000000,St. Joseph,141
ST JOSEPH|90207,5,1.000000000000,St. Joseph,141
ST JOSEPH|90208,5,0.999848471405,St. Joseph,141
ST JOSEPH|90208,21,0.000151528595,St. Joseph,141
ST JOSEPH|90301,5,0.852585809118,St. Joseph,141
ST JOSEPH|90301,21,0.147414190882,St. Joseph,141
ST JOSEPH|90302,5,0.998400164062,St. Joseph,141
ST JOSEPH|90302,21,0.001599835938,St. Joseph,141
ST JOSEPH|90303,7,0.999782534825,St. Joseph,141
ST JOSEPH|90303,21,0.000217465175,St. Joseph,141
ST JOSEPH|90304,7,0.999832140871,St. Joseph,141
ST JOSEPH|90304,21,0.000167859129,St. Joseph,141
ST JOSEPH|90305,5,0.001710245511,St. Joseph,141
ST JOSEPH|90305,7,0.000106773636,St. Joseph,141
ST JOSEPH|90305,21,0.998182980854,St. Joseph,141
ST JOSEPH|90306,7,0.000000091683,St. Joseph,141
ST JOSEPH|90306,21,0.999999908317,St. Joseph,141
ST JOSEPH|90307,5,0.999383961703,St. Joseph,141
ST JOSEPH|90307,21,0.000616038297,St. Joseph,141
ST JOSEPH|90401,5,1.000000000000,St. Joseph,141
ST JOSEPH|90402,5,0.999445633991,St. Joseph,141
ST JOSEPH|90402,6,0.000554366009,St. Joseph,141
ST JOSEPH|90403,5,0.999989921057,St. Joseph,141
ST JOSEPH|90403,6,0.000010078943,St. Joseph,141
ST JOSEPH|90404,5,1.000000000000,St. Joseph,141
ST JOSEPH|90405,5,0.999930300433,St. Joseph,141
ST JOSEPH|90405,6,0.000069699567,St. Joseph,141
ST JOSEPH|90406,5,0.999992474654,St. Joseph,141
ST JOSEPH|90406,6,0.000007525346,St. Joseph,141
ST JOSEPH|90407,5,0.999968468434,St. Joseph,141
ST JOSEPH|90407,6,0.000031531566,St. Joseph,141
ST JOSEPH|90501,5,1.000000000000,St. Joseph,141
ST JOSEPH|90502,5,0.998245177108,St. Joseph,141
ST JOSEPH|90502,8,0.001754822892,St. Joseph,141
ST JOSEPH|90503,5,0.999408621995,St. Joseph,141
ST JOSEPH|90503,21,0.000591378005,St. Joseph,141
ST JOSEPH|90504,5,1.000000000000,St. Joseph,141
ST JOSEPH|90505,5,1.000000000000,St. Joseph,141
ST JOSEPH|90506,5,1.000000000000,St. Joseph,141
ST JOSEPH|90507,5,1.000000000000,St. Joseph,141
ST JOSEPH|90601,5,0.999905240361,St. Joseph,141
ST JOSEPH|90601,8,0.000094759639,St. Joseph,141
ST JOSEPH|90602,5,0.999883906966,St. Joseph,141
ST JOSEPH|90602,8,0.000116093034,St. Joseph,141
ST JOSEPH|90603,5,0.000897439875,St. Joseph,141
ST JOSEPH|90603,8,0.999102560125,St. Joseph,141
ST JOSEPH|90604,5,0.000025274430,St. Joseph,141
ST JOSEPH|90604,8,0.999974725570,St. Joseph,141
ST JOSEPH|90605,5,1.000000000000,St. Joseph,141
ST JOSEPH|90606,5,0.999861507684,St. Joseph,141
ST JOSEPH|90606,8,0.000138492316,St. Joseph,141
ST JOSEPH|90608,5,0.000016085455,St. Joseph,141
ST JOSEPH|90608,8,0.999983914545,St. Joseph,141
ST JOSEPH|NV,8,1.000000000000,St. Joseph,141
STARKE|CALIFORNIA1,16,1.000000000000,Starke,149
STARKE|CALIFORNIA2,16,1.000000000000,Starke,149
STARKE|CENTER1,16,1.000000000000,Starke,149
STARKE|CENTER2,16,1.000000000000,Starke,149
STARKE|CENTER3,16,1.000000000000,Starke,149
STARKE|CENTER4,16,1.000000000000,Starke,149
STARKE|CENTER5,16,0.999898431222,Starke,149
STARKE|CENTER5,20,0.000101568778,Starke,149
STARKE|CENTER6,16,0.999875472918,Starke,149
STARKE|CENTER6,20,0.000124527082,Starke,149
STARKE|DAVIS,16,0.000050049278,Starke,149
STARKE|DAVIS,20,0.999949950722,Starke,149
STARKE|JACKSON,16,0.000124283326,Starke,149
STARKE|JACKSON,20,0.999875716674,Starke,149
STARKE|NORTHBEND,16,0.999961147119,Starke,149
STARKE|NORTHBEND,17,0.000038852881,Starke,149
STARKE|OREGON1,17,0.000019554928,Starke,149
STARKE|OREGON1,20,0.999980445072,Starke,149
STARKE|OREGON2,7,0.000037023975,Starke,149
STARKE|OREGON2,17,0.000033932085,Starke,149
STARKE|OREGON2,20,0.999929043940,Starke,149
STARKE|OREGON3,7,0.000101916924,Starke,149
STARKE|OREGON3,20,0.999898083076,Starke,149
STARKE|RAILROAD,16,0.999835974078,Starke,149
STARKE|RAILROAD,20,0.000164025922,Starke,149
STARKE|WASHINGTON1,16,0.000259884208,Starke,149
STARKE|WASHINGTON1,17,0.000011767691,Starke,149
STARKE|WASHINGTON1,20,0.999728348101,Starke,149
STARKE|WASHINGTON2,16,0.999963412001,Starke,149
STARKE|WASHINGTON2,17,0.000029133130,Starke,149
STARKE|WASHINGTON2,20,0.000007454870,Starke,149
STARKE|WAYNE1,16,1.000000000000,Starke,149
STARKE|WAYNE2,16,0.999978822369,Starke,149
STARKE|WAYNE2,20,0.000021177631,Starke,149
STARKE|WAYNE3,16,0.999984565585,Starke,149
STARKE|WAYNE3,20,0.000015434415,Starke,149
STARKE|WAYNE4,16,1.000000000000,Starke,149
STEUBEN|CLEARLAKE,51,0.999968434721,Steuben,151
STEUBEN|CLEARLAKE,52,0.000031565279,Steuben,151
STEUBEN|FREMONT1,51,1.000000000000,Steuben,151
STEUBEN|FREMONT2,51,1.000000000000,Steuben,151
STEUBEN|FREMONT3,51,0.999995803110,Steuben,151
STEUBEN|FREMONT3,52,0.000004196890,Steuben,151
STEUBEN|JACKSON,51,1.000000000000,Steuben,151
STEUBEN|JAMESTOWN1,51,1.000000000000,Steuben,151
STEUBEN|JAMESTOWN2,51,1.000000000000,Steuben,151
STEUBEN|MILLGROVE,51,1.000000000000,Steuben,151
STEUBEN|OSTEGO1,52,1.000000000000,Steuben,151
STEUBEN|OSTEGO2,51,0.000037827392,Steuben,151
STEUBEN|OSTEGO2,52,0.999962172608,Steuben,151
STEUBEN|PLEASANT1,51,1.000000000000,Steuben,151
STEUBEN|PLEASANT2,51,1.000000000000,Steuben,151
STEUBEN|PLEASANT3,51,1.000000000000,Steuben,151
STEUBEN|PLEASANT4,51,1.000000000000,Steuben,151
STEUBEN|PLEASANT5,51,0.999939371630,Steuben,151
STEUBEN|PLEASANT5,52,0.000060628370,Steuben,151
STEUBEN|PLEASANT6,51,1.000000000000,Steuben,151
STEUBEN|PLEASANT7,51,1.000000000000,Steuben,151
STEUBEN|RICHLAND,52,1.000000000000,Steuben,151
STEUBEN|SALEM,51,0.999968104206,Steuben,151
STEUBEN|SALEM,52,0.000031895794,Steuben,151
STEUBEN|SCOTT,51,0.999969708206,Steuben,151
STEUBEN|SCOTT,52,0.000030291794,Steuben,151
STEUBEN|STEUBEN1,51,0.000041630127,Steuben,151
STEUBEN|STEUBEN1,52,0.999958369873,Steuben,151
STEUBEN|STEUBEN2,51,0.000024425210,Steuben,151
STEUBEN|STEUBEN2,52,0.999975574790,Steuben,151
STEUBEN|YORK,51,0.000107480844,Steuben,151
STEUBEN|YORK,52,0.999892519156,Steuben,151
SULLIVAN|CASS1,45,1.000000000000,Sullivan,153
SULLIVAN|CASS2,45,1.000000000000,Sullivan,153
SULLIVAN|CURRY1,45,1.000000000000,Sullivan,153
SULLIVAN|CURRY2,45,1.000000000000,Sullivan,153
SULLIVAN|CURRY3,45,1.000000000000,Sullivan,153
SULLIVAN|FAIRBANKS,45,1.000000000000,Sullivan,153
SULLIVAN|GILL1,45,1.000000000000,Sullivan,153
SULLIVAN|GILL2,45,1.000000000000,Sullivan,153
SULLIVAN|HADDON1,45,1.000000000000,Sullivan,153
SULLIVAN|HADDON2,45,1.000000000000,Sullivan,153
SULLIVAN|HAMILTON1,45,1.000000000000,Sullivan,153
SULLIVAN|HAMILTON2,45,1.000000000000,Sullivan,153
SULLIVAN|HAMILTON3,45,1.000000000000,Sullivan,153
SULLIVAN|HAMILTON4,45,1.000000000000,Sullivan,153
SULLIVAN|HAMILTON5,45,1.000000000000,Sullivan,153
SULLIVAN|HAMILTON6,45,1.000000000000,Sullivan,153
SULLIVAN|JACKSON1,45,0.999882373391,Sullivan,153
SULLIVAN|JACKSON1,46,0.000117626609,Sullivan,153
SULLIVAN|JACKSON2,45,0.999997964943,Sullivan,153
SULLIVAN|JACKSON2,46,0.000002035057,Sullivan,153
SULLIVAN|JEFFERSON,45,1.000000000000,Sullivan,153
SULLIVAN|TURMAN,45,1.000000000000,Sullivan,153
SWITZERLAND|COTTON1,68,1.000000000000,Switzerland,155
SWITZERLAND|COTTON2,68,1.000000000000,Switzerland,155
SWITZERLAND|CRAIG1,68,1.000000000000,Switzerland,155
SWITZERLAND|CRAIG2,68,1.000000000000,Switzerland,155
SWITZERLAND|JEFFERSON1,68,1.000000000000,Switzerland,155
SWITZERLAND|JEFFERSON2,68,1.000000000000,Switzerland,155
SWITZERLAND|JEFFERSON3,68,1.000000000000,Switzerland,155
SWITZERLAND|PLEASANT1,68,1.000000000000,Switzerland,155
SWITZERLAND|PLEASANT2,67,0.000062905919,Switzerland,155
SWITZERLAND|PLEASANT2,68,0.999937094081,Switzerland,155
SWITZERLAND|POSEY1,68,1.000000000000,Switzerland,155
SWITZERLAND|POSEY2,68,1.000000000000,Switzerland,155
SWITZERLAND|YORK,68,1.000000000000,Switzerland,155
TIPPECANOE|FAIRFIELD1,13,0.000000069588,Tippecanoe,157
TIPPECANOE|FAIRFIELD1,26,0.000172760382,Tippecanoe,157
TIPPECANOE|FAIRFIELD1,27,0.999580162501,Tippecanoe,157
TIPPECANOE|FAIRFIELD1,38,0.000234996256,Tippecanoe,157
TIPPECANOE|FAIRFIELD1,41,0.000012011274,Tippecanoe,157
TIPPECANOE|FAIRFIELD10,27,1.000000000000,Tippecanoe,157
TIPPECANOE|FAIRFIELD11,27,1.000000000000,Tippecanoe,157
TIPPECANOE|FAIRFIELD12,27,1.000000000000,Tippecanoe,157
TIPPECANOE|FAIRFIELD13,27,1.000000000000,Tippecanoe,157
TIPPECANOE|FAIRFIELD14,27,1.000000000000,Tippecanoe,157
TIPPECANOE|FAIRFIELD15,27,1.000000000000,Tippecanoe,157
TIPPECANOE|FAIRFIELD16,27,1.000000000000,Tippecanoe,157
TIPPECANOE|FAIRFIELD17,27,1.000000000000,Tippecanoe,157
TIPPECANOE|FAIRFIELD18,27,0.999594831221,Tippecanoe,157
TIPPECANOE|FAIRFIELD18,41,0.000405168779,Tippecanoe,157
TIPPECANOE|FAIRFIELD19,27,1.000000000000,Tippecanoe,157
TIPPECANOE|FAIRFIELD2,27,1.000000000000,Tippecanoe,157
TIPPECANOE|FAIRFIELD20,27,1.000000000000,Tippecanoe,157
TIPPECANOE|FAIRFIELD21,27,1.000000000000,Tippecanoe,157
TIPPECANOE|FAIRFIELD22,27,1.000000000000,Tippecanoe,157
TIPPECANOE|FAIRFIELD23,27,1.000000000000,Tippecanoe,157
TIPPECANOE|FAIRFIELD24,27,1.000000000000,Tippecanoe,157
TIPPECANOE|FAIRFIELD25,27,1.000000000000,Tippecanoe,157
TIPPECANOE|FAIRFIELD26,27,1.000000000000,Tippecanoe,157
TIPPECANOE|FAIRFIELD27,27,1.000000000000,Tippecanoe,157
TIPPECANOE|FAIRFIELD28,27,1.000000000000,Tippecanoe,157
TIPPECANOE|FAIRFIELD29,27,1.000000000000,Tippecanoe,157
TIPPECANOE|FAIRFIELD3,27,1.000000000000,Tippecanoe,157
TIPPECANOE|FAIRFIELD30,27,1.000000000000,Tippecanoe,157
TIPPECANOE|FAIRFIELD31,27,1.000000000000,Tippecanoe,157
TIPPECANOE|FAIRFIELD32,27,1.000000000000,Tippecanoe,157
TIPPECANOE|FAIRFIELD33,27,1.000000000000,Tippecanoe,157
TIPPECANOE|FAIRFIELD34,27,1.000000000000,Tippecanoe,157
TIPPECANOE|FAIRFIELD35,27,1.000000000000,Tippecanoe,157
TIPPECANOE|FAIRFIELD36,13,0.000000076476,Tippecanoe,157
TIPPECANOE|FAIRFIELD36,27,0.999999923524,Tippecanoe,157
TIPPECANOE|FAIRFIELD37NV,27,0.999526245978,Tippecanoe,157
TIPPECANOE|FAIRFIELD37NV,41,0.000473754022,Tippecanoe,157
TIPPECANOE|FAIRFIELD4,27,1.000000000000,Tippecanoe,157
TIPPECANOE|FAIRFIELD5,27,1.000000000000,Tippecanoe,157
TIPPECANOE|FAIRFIELD6,27,1.000000000000,Tippecanoe,157
TIPPECANOE|FAIRFIELD7,27,1.000000000000,Tippecanoe,157
TIPPECANOE|FAIRFIELD8,27,1.000000000000,Tippecanoe,157
TIPPECANOE|FAIRFIELD9,27,1.000000000000,Tippecanoe,157
TIPPECANOE|JACKSON1,13,1.000000000000,Tippecanoe,157
TIPPECANOE|LAURAMIE1,13,0.000056616288,Tippecanoe,157
TIPPECANOE|LAURAMIE1,41,0.999943383712,Tippecanoe,157
TIPPECANOE|LAURAMIE2,13,0.002338477220,Tippecanoe,157
TIPPECANOE|LAURAMIE2,41,0.997613261219,Tippecanoe,157
TIPPECANOE|LAURAMIE2,44,0.000048261561,Tippecanoe,157
TIPPECANOE|PERRY1,27,0.000357483927,Tippecanoe,157
TIPPECANOE|PERRY1,38,0.000208190558,Tippecanoe,157
TIPPECANOE|PERRY1,41,0.999434325515,Tippecanoe,157
TIPPECANOE|PERRY2,41,1.000000000000,Tippecanoe,157
TIPPECANOE|PERRY3,27,0.012161864533,Tippecanoe,157
TIPPECANOE|PERRY3,41,0.987838135467,Tippecanoe,157
TIPPECANOE|PERRY4,27,0.000056976841,Tippecanoe,157
TIPPECANOE|PERRY4,41,0.999943023159,Tippecanoe,157
TIPPECANOE|PERRY5,27,0.000007084922,Tippecanoe,157
TIPPECANOE|PERRY5,41,0.999992915078,Tippecanoe,157
TIPPECANOE|PERRY6,41,1.000000000000,Tippecanoe,157
TIPPECANOE|RANDOLPH1,13,0.999975900329,Tippecanoe,157
TIPPECANOE|RANDOLPH1,41,0.000016260597,Tippecanoe,157
TIPPECANOE|RANDOLPH1,44,0.000007839073,Tippecanoe,157
TIPPECANOE|SHEFFIELD1,41,1.000000000000,Tippecanoe,157
TIPPECANOE|SHEFFIELD2,41,1.000000000000,Tippecanoe,157
TIPPECANOE|SHEFFIELD3,13,0.000812733996,Tippecanoe,157
TIPPECANOE|SHEFFIELD3,27,0.000004489728,Tippecanoe,157
TIPPECANOE|SHEFFIELD3,41,0.999182776276,Tippecanoe,157
TIPPECANOE|SHEFFIELD4NV,27,0.004043499003,Tippecanoe,157
TIPPECANOE|SHEFFIELD4NV,41,0.995956500997,Tippecanoe,157
TIPPECANOE|SHELBY1,13,0.999843044407,Tippecanoe,157
TIPPECANOE|SHELBY1,26,0.000156955593,Tippecanoe,157
TIPPECANOE|SHELBY2,13,0.000498261255,Tippecanoe,157
TIPPECANOE|SHELBY2,26,0.999501738745,Tippecanoe,157
TIPPECANOE|TIPPECANOE1,16,0.000038145496,Tippecanoe,157
TIPPECANOE|TIPPECANOE1,26,0.000327253539,Tippecanoe,157
TIPPECANOE|TIPPECANOE1,27,0.000040818763,Tippecanoe,157
TIPPECANOE|TIPPECANOE1,38,0.999593782202,Tippecanoe,157
TIPPECANOE|TIPPECANOE2,13,0.000126080909,Tippecanoe,157
TIPPECANOE|TIPPECANOE2,16,0.000004212666,Tippecanoe,157
TIPPECANOE|TIPPECANOE2,38,0.999869706424,Tippecanoe,157
TIPPECANOE|TIPPECANOE3,13,0.999862845276,Tippecanoe,157
TIPPECANOE|TIPPECANOE3,16,0.000026464584,Tippecanoe,157
TIPPECANOE|TIPPECANOE3,38,0.000110690140,Tippecanoe,157
TIPPECANOE|TIPPECANOE4,13,0.000039163494,Tippecanoe,157
TIPPECANOE|TIPPECANOE4,26,0.000231786258,Tippecanoe,157
TIPPECANOE|TIPPECANOE4,38,0.999729050248,Tippecanoe,157
TIPPECANOE|TIPPECANOE5,13,0.999891264369,Tippecanoe,157
TIPPECANOE|TIPPECANOE5,26,0.000079328260,Tippecanoe,157
TIPPECANOE|TIPPECANOE5,38,0.000029407371,Tippecanoe,157
TIPPECANOE|TIPPECANOE6,13,0.000264091244,Tippecanoe,157
TIPPECANOE|TIPPECANOE6,26,0.997516820215,Tippecanoe,157
TIPPECANOE|TIPPECANOE6,27,0.000960185592,Tippecanoe,157
TIPPECANOE|TIPPECANOE6,38,0.001258902949,Tippecanoe,157
TIPPECANOE|TIPPECANOE7,26,1.000000000000,Tippecanoe,157
TIPPECANOE|UNION1,13,0.999776841492,Tippecanoe,157
TIPPECANOE|UNION1,26,0.000214866592,Tippecanoe,157
TIPPECANOE|UNION1,27,0.000008291916,Tippecanoe,157
TIPPECANOE|WABASH1,13,0.999846101008,Tippecanoe,157
TIPPECANOE|WABASH1,16,0.000008615223,Tippecanoe,157
TIPPECANOE|WABASH1,26,0.000145283770,Tippecanoe,157
TIPPECANOE|WABASH10,26,1.000000000000,Tippecanoe,157
TIPPECANOE|WABASH11,26,1.000000000000,Tippecanoe,157
TIPPECANOE|WABASH12,26,1.000000000000,Tippecanoe,157
TIPPECANOE|WABASH13,13,0.000001866929,Tippecanoe,157
TIPPECANOE|WABASH13,26,0.999998133071,Tippecanoe,157
TIPPECANOE|WABASH14,26,1.000000000000,Tippecanoe,157
TIPPECANOE|WABASH15,26,1.000000000000,Tippecanoe,157
TIPPECANOE|WABASH16,26,1.000000000000,Tippecanoe,157
TIPPECANOE|WABASH17,26,1.000000000000,Tippecanoe,157
TIPPECANOE|WABASH18,26,1.000000000000,Tippecanoe,157
TIPPECANOE|WABASH19,26,1.000000000000,Tippecanoe,157
TIPPECANOE|WABASH2,13,0.000173711333,Tippecanoe,157
TIPPECANOE|WABASH2,26,0.999826288667,Tippecanoe,157
TIPPECANOE|WABASH20,26,1.000000000000,Tippecanoe,157
TIPPECANOE|WABASH21,26,1.000000000000,Tippecanoe,157
TIPPECANOE|WABASH22,26,1.000000000000,Tippecanoe,157
TIPPECANOE|WABASH23,26,1.000000000000,Tippecanoe,157
TIPPECANOE|WABASH24,26,1.000000000000,Tippecanoe,157
TIPPECANOE|WABASH25,26,1.000000000000,Tippecanoe,157
TIPPECANOE|WABASH26,26,1.000000000000,Tippecanoe,157
TIPPECANOE|WABASH27,26,1.000000000000,Tippecanoe,157
TIPPECANOE|WABASH28,26,1.000000000000,Tippecanoe,157
TIPPECANOE|WABASH29,26,1.000000000000,Tippecanoe,157
TIPPECANOE|WABASH3,26,1.000000000000,Tippecanoe,157
TIPPECANOE|WABASH30,13,0.000803339319,Tippecanoe,157
TIPPECANOE|WABASH30,26,0.999196660681,Tippecanoe,157
TIPPECANOE|WABASH31,26,1.000000000000,Tippecanoe,157
TIPPECANOE|WABASH4,26,1.000000000000,Tippecanoe,157
TIPPECANOE|WABASH5,13,0.000219132120,Tippecanoe,157
TIPPECANOE|WABASH5,26,0.999780867880,Tippecanoe,157
TIPPECANOE|WABASH6,26,0.999481681757,Tippecanoe,157
TIPPECANOE|WABASH6,27,0.000518318243,Tippecanoe,157
TIPPECANOE|WABASH7,26,1.000000000000,Tippecanoe,157
TIPPECANOE|WABASH8,26,1.000000000000,Tippecanoe,157
TIPPECANOE|WABASH9,26,1.000000000000,Tippecanoe,157
TIPPECANOE|WASHINGTON1,38,0.999996875462,Tippecanoe,157
TIPPECANOE|WASHINGTON1,41,0.000003124538,Tippecanoe,157
TIPPECANOE|WASHINGTON2,27,0.000163919001,Tippecanoe,157
TIPPECANOE|WASHINGTON2,38,0.999813849706,Tippecanoe,157
TIPPECANOE|WASHINGTON2,41,0.000022231293,Tippecanoe,157
TIPPECANOE|WAYNE1,13,0.999727585301,Tippecanoe,157
TIPPECANOE|WAYNE1,26,0.000272414699,Tippecanoe,157
TIPPECANOE|WEA1,13,0.000066256854,Tippecanoe,157
TIPPECANOE|WEA1,27,0.999933743146,Tippecanoe,157
TIPPECANOE|WEA10,13,0.994724668834,Tippecanoe,157
TIPPECANOE|WEA10,27,0.005275331166,Tippecanoe,157
TIPPECANOE|WEA11,13,0.999880868872,Tippecanoe,157
TIPPECANOE|WEA11,27,0.000119131128,Tippecanoe,157
TIPPECANOE|WEA12,13,1.000000000000,Tippecanoe,157
TIPPECANOE|WEA13,13,0.999959201393,Tippecanoe,157
TIPPECANOE|WEA13,27,0.000040798607,Tippecanoe,157
TIPPECANOE|WEA14,13,0.999792198502,Tippecanoe,157
TIPPECANOE|WEA14,27,0.000147749545,Tippecanoe,157
TIPPECANOE|WEA14,41,0.000060051953,Tippecanoe,157
TIPPECANOE|WEA15,13,0.999961187191,Tippecanoe,157
TIPPECANOE|WEA15,27,0.000038812809,Tippecanoe,157
TIPPECANOE|WEA16,13,0.999998813431,Tippecanoe,157
TIPPECANOE|WEA16,27,0.000001186569,Tippecanoe,157
TIPPECANOE|WEA17,13,1.000000000000,Tippecanoe,157
TIPPECANOE|WEA18,13,1.000000000000,Tippecanoe,157
TIPPECANOE|WEA19,13,1.000000000000,Tippecanoe,157
TIPPECANOE|WEA2,13,0.000145332925,Tippecanoe,157
TIPPECANOE|WEA2,27,0.999854667075,Tippecanoe,157
TIPPECANOE|WEA20,13,1.000000000000,Tippecanoe,157
TIPPECANOE|WEA21,13,0.999999839663,Tippecanoe,157
TIPPECANOE|WEA21,41,0.000000160337,Tippecanoe,157
TIPPECANOE|WEA3,27,1.000000000000,Tippecanoe,157
TIPPECANOE|WEA4,27,1.000000000000,Tippecanoe,157
TIPPECANOE|WEA5,27,1.000000000000,Tippecanoe,157
TIPPECANOE|WEA6,13,0.000341976975,Tippecanoe,157
TIPPECANOE|WEA6,27,0.999658023025,Tippecanoe,157
TIPPECANOE|WEA7,13,0.000574344422,Tippecanoe,157
TIPPECANOE|WEA7,27,0.999425655578,Tippecanoe,157
TIPPECANOE|WEA8,13,0.000120378613,Tippecanoe,157
TIPPECANOE|WEA8,27,0.999879621387,Tippecanoe,157
TIPPECANOE|WEA9,13,0.000044360458,Tippecanoe,157
TIPPECANOE|WEA9,27,0.999955639542,Tippecanoe,157
TIPTON|CICERO1,38,1.000000000000,Tipton,159
TIPTON|CICERO2,38,1.000000000000,Tipton,159
TIPTON|CICERO3,38,1.000000000000,Tipton,159
TIPTON|CICERO4,38,1.000000000000,Tipton,159
TIPTON|CICERO5,38,1.000000000000,Tipton,159
TIPTON|CICERO6,37,0.000014920003,Tipton,159
TIPTON|CICERO6,38,0.999985079997,Tipton,159
TIPTON|CICERO7,37,0.000042016220,Tipton,159
TIPTON|CICERO7,38,0.999957983780,Tipton,159
TIPTON|JEFFERSON1,24,0.000013005781,Tipton,159
TIPTON|JEFFERSON1,38,0.999986994219,Tipton,159
TIPTON|JEFFERSON2,24,0.000041291916,Tipton,159
TIPTON|JEFFERSON2,38,0.999944740753,Tipton,159
TIPTON|JEFFERSON2,41,0.000013967331,Tipton,159
TIPTON|LIBERTY1,30,0.000012661413,Tipton,159
TIPTON|LIBERTY1,38,0.999987338587,Tipton,159
TIPTON|LIBERTY2,30,0.000029187029,Tipton,159
TIPTON|LIBERTY2,38,0.999970812971,Tipton,159
TIPTON|MADISON1,31,0.000011811648,Tipton,159
TIPTON|MADISON1,38,0.999988188352,Tipton,159
TIPTON|MADISON2,35,0.000029180692,Tipton,159
TIPTON|MADISON2,37,0.000116842082,Tipton,159
TIPTON|MADISON2,38,0.999853977227,Tipton,159
TIPTON|PRAIRIE1,38,1.000000000000,Tipton,159
TIPTON|WILDCAT1,30,0.000072154151,Tipton,159
TIPTON|WILDCAT1,31,0.000037073390,Tipton,159
TIPTON|WILDCAT1,38,0.999890772458,Tipton,159
UNION|BROWNSVILLE,55,0.999933170433,Union,161
UNION|BROWNSVILLE,56,0.000066829567,Union,161
UNION|CENTER,55,1.000000000000,Union,161
UNION|CENTER1,55,1.000000000000,Union,161
UNION|CENTER2,55,1.000000000000,Union,161
UNION|CENTER3,55,1.000000000000,Union,161
UNION|HARMONY,55,1.000000000000,Union,161
UNION|HARRISON,55,0.999968726081,Union,161
UNION|HARRISON,56,0.000031273919,Union,161
UNION|LIBERTY,55,1.000000000000,Union,161
UNION|UNION,55,1.000000000000,Union,161
UNION|WESTCOLLEGECORNER,55,1.000000000000,Union,161
VANDERBURGH|ARMSTRONGPRECINCT1,64,0.999931952405,Vanderburgh,163
VANDERBURGH|ARMSTRONGPRECINCT1,76,0.000068047595,Vanderburgh,163
VANDERBURGH|CENTERPRECINCT1,78,1.000000000000,Vanderburgh,163
VANDERBURGH|CENTERPRECINCT10,76,0.001216468678,Vanderburgh,163
VANDERBURGH|CENTERPRECINCT10,78,0.998783531322,Vanderburgh,163
VANDERBURGH|CENTERPRECINCT11,64,0.000031287849,Vanderburgh,163
VANDERBURGH|CENTERPRECINCT11,78,0.999968712151,Vanderburgh,163
VANDERBURGH|CENTERPRECINCT12,78,1.000000000000,Vanderburgh,163
VANDERBURGH|CENTERPRECINCT13,78,1.000000000000,Vanderburgh,163
VANDERBURGH|CENTERPRECINCT14,64,0.000006103514,Vanderburgh,163
VANDERBURGH|CENTERPRECINCT14,75,0.000019253465,Vanderburgh,163
VANDERBURGH|CENTERPRECINCT14,78,0.999974643022,Vanderburgh,163
VANDERBURGH|CENTERPRECINCT15,64,0.000441207918,Vanderburgh,163
VANDERBURGH|CENTERPRECINCT15,78,0.999558792082,Vanderburgh,163
VANDERBURGH|CENTERPRECINCT2,76,0.999802901683,Vanderburgh,163
VANDERBURGH|CENTERPRECINCT2,78,0.000197098317,Vanderburgh,163
VANDERBURGH|CENTERPRECINCT3,78,1.000000000000,Vanderburgh,163
VANDERBURGH|CENTERPRECINCT4,75,0.000110898723,Vanderburgh,163
VANDERBURGH|CENTERPRECINCT4,78,0.999889101277,Vanderburgh,163
VANDERBURGH|CENTERPRECINCT5,64,0.000360483077,Vanderburgh,163
VANDERBURGH|CENTERPRECINCT5,78,0.999639516923,Vanderburgh,163
VANDERBURGH|CENTERPRECINCT6,76,0.001892925882,Vanderburgh,163
VANDERBURGH|CENTERPRECINCT6,78,0.998107074118,Vanderburgh,163
VANDERBURGH|CENTERPRECINCT7,64,0.000216955053,Vanderburgh,163
VANDERBURGH|CENTERPRECINCT7,78,0.999783044947,Vanderburgh,163
VANDERBURGH|CENTERPRECINCT8,64,0.000003103491,Vanderburgh,163
VANDERBURGH|CENTERPRECINCT8,76,0.000708236564,Vanderburgh,163
VANDERBURGH|CENTERPRECINCT8,78,0.999288659945,Vanderburgh,163
VANDERBURGH|CENTERPRECINCT9,76,0.998396139551,Vanderburgh,163
VANDERBURGH|CENTERPRECINCT9,77,0.001603860449,Vanderburgh,163
VANDERBURGH|GERMANPRECINCT1,76,1.000000000000,Vanderburgh,163
VANDERBURGH|GERMANPRECINCT2,76,1.000000000000,Vanderburgh,163
VANDERBURGH|GERMANPRECINCT3,64,0.000131477668,Vanderburgh,163
VANDERBURGH|GERMANPRECINCT3,76,0.999853779529,Vanderburgh,163
VANDERBURGH|GERMANPRECINCT3,78,0.000014742803,Vanderburgh,163
VANDERBURGH|GERMANPRECINCT4,64,0.000261255865,Vanderburgh,163
VANDERBURGH|GERMANPRECINCT4,76,0.999738744135,Vanderburgh,163
VANDERBURGH|GERMANPRECINCT5,76,1.000000000000,Vanderburgh,163
VANDERBURGH|GERMANPRECINCT6,76,1.000000000000,Vanderburgh,163
VANDERBURGH|GERMANPRECINCT7,76,1.000000000000,Vanderburgh,163
VANDERBURGH|KNIGHTPRECINCT1,77,0.999787133519,Vanderburgh,163
VANDERBURGH|KNIGHTPRECINCT1,78,0.000212866481,Vanderburgh,163
VANDERBURGH|KNIGHTPRECINCT2,77,0.001426499764,Vanderburgh,163
VANDERBURGH|KNIGHTPRECINCT2,78,0.998573500236,Vanderburgh,163
VANDERBURGH|KNIGHTPRECINCT3,75,0.000185059021,Vanderburgh,163
VANDERBURGH|KNIGHTPRECINCT3,78,0.999814940979,Vanderburgh,163
VANDERBURGH|KNIGHTPRECINCT4,78,1.000000000000,Vanderburgh,163
VANDERBURGH|PERRYPRECINCT1,76,1.000000000000,Vanderburgh,163
VANDERBURGH|PERRYPRECINCT10,76,1.000000000000,Vanderburgh,163
VANDERBURGH|PERRYPRECINCT2,76,1.000000000000,Vanderburgh,163
VANDERBURGH|PERRYPRECINCT3,76,1.000000000000,Vanderburgh,163
VANDERBURGH|PERRYPRECINCT4,76,0.998019293781,Vanderburgh,163
VANDERBURGH|PERRYPRECINCT4,77,0.001980706219,Vanderburgh,163
VANDERBURGH|PERRYPRECINCT5,76,1.000000000000,Vanderburgh,163
VANDERBURGH|PERRYPRECINCT6,76,1.000000000000,Vanderburgh,163
VANDERBURGH|PERRYPRECINCT7,76,1.000000000000,Vanderburgh,163
VANDERBURGH|PERRYPRECINCT8,76,1.000000000000,Vanderburgh,163
VANDERBURGH|PERRYPRECINCT9,76,1.000000000000,Vanderburgh,163
VANDERBURGH|PIGEONPRECINCT1NV,76,0.001942034344,Vanderburgh,163
VANDERBURGH|PIGEONPRECINCT1NV,77,0.998057965656,Vanderburgh,163
VANDERBURGH|PIGEONPRECINCT2,76,0.048999186999,Vanderburgh,163
VANDERBURGH|PIGEONPRECINCT2,77,0.951000813001,Vanderburgh,163
VANDERBURGH|PIGEONPRECINCT3,77,1.000000000000,Vanderburgh,163
VANDERBURGH|SCOTTPRECINCT1,64,0.999715271444,Vanderburgh,163
VANDERBURGH|SCOTTPRECINCT1,78,0.000284728556,Vanderburgh,163
VANDERBURGH|SCOTTPRECINCT2,64,0.999973302401,Vanderburgh,163
VANDERBURGH|SCOTTPRECINCT2,75,0.000011515574,Vanderburgh,163
VANDERBURGH|SCOTTPRECINCT2,78,0.000015182025,Vanderburgh,163
VANDERBURGH|SCOTTPRECINCT3,64,1.000000000000,Vanderburgh,163
VANDERBURGH|SCOTTPRECINCT4,64,0.999864969306,Vanderburgh,163
VANDERBURGH|SCOTTPRECINCT4,76,0.000117924391,Vanderburgh,163
VANDERBURGH|SCOTTPRECINCT4,78,0.000017106303,Vanderburgh,163
VANDERBURGH|SCOTTPRECINCT5,64,0.999979098681,Vanderburgh,163
VANDERBURGH|SCOTTPRECINCT5,78,0.000020901319,Vanderburgh,163
VANDERBURGH|SCOTTPRECINCT6,64,1.000000000000,Vanderburgh,163
VANDERBURGH|UNIONPRECINCT1,76,1.000000000000,Vanderburgh,163
VANDERBURGH|WARD1PRECINCT1,77,0.000422034122,Vanderburgh,163
VANDERBURGH|WARD1PRECINCT1,78,0.999577965878,Vanderburgh,163
VANDERBURGH|WARD1PRECINCT10,77,0.000026252844,Vanderburgh,163
VANDERBURGH|WARD1PRECINCT10,78,0.999973747156,Vanderburgh,163
VANDERBURGH|WARD1PRECINCT13,78,1.000000000000,Vanderburgh,163
VANDERBURGH|WARD1PRECINCT14,77,0.996926745247,Vanderburgh,163
VANDERBURGH|WARD1PRECINCT14,78,0.003073254753,Vanderburgh,163
VANDERBURGH|WARD1PRECINCT15,78,1.000000000000,Vanderburgh,163
VANDERBURGH|WARD1PRECINCT16,75,0.000515311023,Vanderburgh,163
VANDERBURGH|WARD1PRECINCT16,78,0.999484688977,Vanderburgh,163
VANDERBURGH|WARD1PRECINCT17,77,0.000121208368,Vanderburgh,163
VANDERBURGH|WARD1PRECINCT17,78,0.999878791632,Vanderburgh,163
VANDERBURGH|WARD1PRECINCT18,75,0.000051838227,Vanderburgh,163
VANDERBURGH|WARD1PRECINCT18,78,0.999948161773,Vanderburgh,163
VANDERBURGH|WARD1PRECINCT4,77,0.999915411174,Vanderburgh,163
VANDERBURGH|WARD1PRECINCT4,78,0.000084588826,Vanderburgh,163
VANDERBURGH|WARD1PRECINCT5,77,0.000615652642,Vanderburgh,163
VANDERBURGH|WARD1PRECINCT5,78,0.999384347358,Vanderburgh,163
VANDERBURGH|WARD1PRECINCT6,77,0.000039026316,Vanderburgh,163
VANDERBURGH|WARD1PRECINCT6,78,0.999960973684,Vanderburgh,163
VANDERBURGH|WARD1PRECINCT7,78,1.000000000000,Vanderburgh,163
VANDERBURGH|WARD1PRECINCT8,77,0.998228155184,Vanderburgh,163
VANDERBURGH|WARD1PRECINCT8,78,0.001771844816,Vanderburgh,163
VANDERBURGH|WARD1PRECINCT9,78,1.000000000000,Vanderburgh,163
VANDERBURGH|WARD2PRECINCT1,77,1.000000000000,Vanderburgh,163
VANDERBURGH|WARD2PRECINCT10,77,1.000000000000,Vanderburgh,163
VANDERBURGH|WARD2PRECINCT12,77,1.000000000000,Vanderburgh,163
VANDERBURGH|WARD2PRECINCT13,77,1.000000000000,Vanderburgh,163
VANDERBURGH|WARD2PRECINCT14,77,1.000000000000,Vanderburgh,163
VANDERBURGH|WARD2PRECINCT15,77,1.000000000000,Vanderburgh,163
VANDERBURGH|WARD2PRECINCT17,77,1.000000000000,Vanderburgh,163
VANDERBURGH|WARD2PRECINCT2,77,1.000000000000,Vanderburgh,163
VANDERBURGH|WARD2PRECINCT3,77,1.000000000000,Vanderburgh,163
VANDERBURGH|WARD2PRECINCT4,77,1.000000000000,Vanderburgh,163
VANDERBURGH|WARD2PRECINCT5,77,1.000000000000,Vanderburgh,163
VANDERBURGH|WARD2PRECINCT7,77,1.000000000000,Vanderburgh,163
VANDERBURGH|WARD2PRECINCT8,77,1.000000000000,Vanderburgh,163
VANDERBURGH|WARD2PRECINCT9,77,1.000000000000,Vanderburgh,163
VANDERBURGH|WARD3PRECINCT10,77,0.999960845751,Vanderburgh,163
VANDERBURGH|WARD3PRECINCT10,78,0.000039154249,Vanderburgh,163
VANDERBURGH|WARD3PRECINCT11,77,0.999984760151,Vanderburgh,163
VANDERBURGH|WARD3PRECINCT11,78,0.000015239849,Vanderburgh,163
VANDERBURGH|WARD3PRECINCT12,77,0.997721338751,Vanderburgh,163
VANDERBURGH|WARD3PRECINCT12,78,0.002278661249,Vanderburgh,163
VANDERBURGH|WARD3PRECINCT13,77,0.996671443558,Vanderburgh,163
VANDERBURGH|WARD3PRECINCT13,78,0.003328556442,Vanderburgh,163
VANDERBURGH|WARD3PRECINCT14,77,0.000479723889,Vanderburgh,163
VANDERBURGH|WARD3PRECINCT14,78,0.999520276111,Vanderburgh,163
VANDERBURGH|WARD3PRECINCT16,77,0.999282759059,Vanderburgh,163
VANDERBURGH|WARD3PRECINCT16,78,0.000717240941,Vanderburgh,163
VANDERBURGH|WARD3PRECINCT17,77,0.999892102178,Vanderburgh,163
VANDERBURGH|WARD3PRECINCT17,78,0.000107897822,Vanderburgh,163
VANDERBURGH|WARD3PRECINCT2,77,0.999822782887,Vanderburgh,163
VANDERBURGH|WARD3PRECINCT2,78,0.000177217113,Vanderburgh,163
VANDERBURGH|WARD3PRECINCT3,77,0.000099528449,Vanderburgh,163
VANDERBURGH|WARD3PRECINCT3,78,0.999900471551,Vanderburgh,163
VANDERBURGH|WARD3PRECINCT4,78,1.000000000000,Vanderburgh,163
VANDERBURGH|WARD3PRECINCT6,77,1.000000000000,Vanderburgh,163
VANDERBURGH|WARD3PRECINCT7,77,0.999612595006,Vanderburgh,163
VANDERBURGH|WARD3PRECINCT7,78,0.000387404994,Vanderburgh,163
VANDERBURGH|WARD3PRECINCT8,77,0.000265563717,Vanderburgh,163
VANDERBURGH|WARD3PRECINCT8,78,0.999734436283,Vanderburgh,163
VANDERBURGH|WARD3PRECINCT9,77,0.000062185459,Vanderburgh,163
VANDERBURGH|WARD3PRECINCT9,78,0.999937814541,Vanderburgh,163
VANDERBURGH|WARD4PRECINCT1,77,1.000000000000,Vanderburgh,163
VANDERBURGH|WARD4PRECINCT10,77,1.000000000000,Vanderburgh,163
VANDERBURGH|WARD4PRECINCT11,77,1.000000000000,Vanderburgh,163
VANDERBURGH|WARD4PRECINCT12,77,1.000000000000,Vanderburgh,163
VANDERBURGH|WARD4PRECINCT13,77,1.000000000000,Vanderburgh,163
VANDERBURGH|WARD4PRECINCT14,77,1.000000000000,Vanderburgh,163
VANDERBURGH|WARD4PRECINCT15,77,1.000000000000,Vanderburgh,163
VANDERBURGH|WARD4PRECINCT16,77,1.000000000000,Vanderburgh,163
VANDERBURGH|WARD4PRECINCT17,77,1.000000000000,Vanderburgh,163
VANDERBURGH|WARD4PRECINCT2,77,1.000000000000,Vanderburgh,163
VANDERBURGH|WARD4PRECINCT3,77,1.000000000000,Vanderburgh,163
VANDERBURGH|WARD4PRECINCT4,77,1.000000000000,Vanderburgh,163
VANDERBURGH|WARD4PRECINCT5,77,1.000000000000,Vanderburgh,163
VANDERBURGH|WARD4PRECINCT6,77,1.000000000000,Vanderburgh,163
VANDERBURGH|WARD4PRECINCT7,77,1.000000000000,Vanderburgh,163
VANDERBURGH|WARD4PRECINCT8,77,1.000000000000,Vanderburgh,163
VANDERBURGH|WARD4PRECINCT9,77,1.000000000000,Vanderburgh,163
VANDERBURGH|WARD5PRECINCT1,76,0.999933954851,Vanderburgh,163
VANDERBURGH|WARD5PRECINCT1,78,0.000066045149,Vanderburgh,163
VANDERBURGH|WARD5PRECINCT11,76,0.994101618744,Vanderburgh,163
VANDERBURGH|WARD5PRECINCT11,78,0.005898381256,Vanderburgh,163
VANDERBURGH|WARD5PRECINCT12,76,0.999998367012,Vanderburgh,163
VANDERBURGH|WARD5PRECINCT12,78,0.000001632988,Vanderburgh,163
VANDERBURGH|WARD5PRECINCT13,76,0.999457888411,Vanderburgh,163
VANDERBURGH|WARD5PRECINCT13,78,0.000542111589,Vanderburgh,163
VANDERBURGH|WARD5PRECINCT14,76,0.999399632066,Vanderburgh,163
VANDERBURGH|WARD5PRECINCT14,78,0.000600367934,Vanderburgh,163
VANDERBURGH|WARD5PRECINCT15,76,1.000000000000,Vanderburgh,163
VANDERBURGH|WARD5PRECINCT16,76,0.998863031455,Vanderburgh,163
VANDERBURGH|WARD5PRECINCT16,78,0.001136968545,Vanderburgh,163
VANDERBURGH|WARD5PRECINCT2,76,0.000404938855,Vanderburgh,163
VANDERBURGH|WARD5PRECINCT2,78,0.999595061145,Vanderburgh,163
VANDERBURGH|WARD5PRECINCT3,78,1.000000000000,Vanderburgh,163
VANDERBURGH|WARD5PRECINCT4,77,0.001336733724,Vanderburgh,163
VANDERBURGH|WARD5PRECINCT4,78,0.998663266276,Vanderburgh,163
VANDERBURGH|WARD5PRECINCT5,78,1.000000000000,Vanderburgh,163
VANDERBURGH|WARD5PRECINCT6,78,1.000000000000,Vanderburgh,163
VANDERBURGH|WARD5PRECINCT8,76,0.002693724673,Vanderburgh,163
VANDERBURGH|WARD5PRECINCT8,78,0.997306275327,Vanderburgh,163
VANDERBURGH|WARD5PRECINCT9,76,0.999235206914,Vanderburgh,163
VANDERBURGH|WARD5PRECINCT9,77,0.000395613201,Vanderburgh,163
VANDERBURGH|WARD5PRECINCT9,78,0.000369179885,Vanderburgh,163
VANDERBURGH|WARD6PRECINCT0NV,77,1.000000000000,Vanderburgh,163
VANDERBURGH|WARD6PRECINCT1,76,0.000405010636,Vanderburgh,163
VANDERBURGH|WARD6PRECINCT1,77,0.999581389308,Vanderburgh,163
VANDERBURGH|WARD6PRECINCT1,78,0.000013600056,Vanderburgh,163
VANDERBURGH|WARD6PRECINCT11,76,0.999993584105,Vanderburgh,163
VANDERBURGH|WARD6PRECINCT11,77,0.000006415895,Vanderburgh,163
VANDERBURGH|WARD6PRECINCT12,76,1.000000000000,Vanderburgh,163
VANDERBURGH|WARD6PRECINCT13,76,0.999959037396,Vanderburgh,163
VANDERBURGH|WARD6PRECINCT13,77,0.000040962604,Vanderburgh,163
VANDERBURGH|WARD6PRECINCT14,76,0.998200500631,Vanderburgh,163
VANDERBURGH|WARD6PRECINCT14,77,0.001799499369,Vanderburgh,163
VANDERBURGH|WARD6PRECINCT15,77,1.000000000000,Vanderburgh,163
VANDERBURGH|WARD6PRECINCT16,76,0.005156716386,Vanderburgh,163
VANDERBURGH|WARD6PRECINCT16,77,0.994843283614,Vanderburgh,163
VANDERBURGH|WARD6PRECINCT17,76,0.997147965811,Vanderburgh,163
VANDERBURGH|WARD6PRECINCT17,77,0.002852034189,Vanderburgh,163
VANDERBURGH|WARD6PRECINCT2,77,1.000000000000,Vanderburgh,163
VANDERBURGH|WARD6PRECINCT3,77,0.999959929218,Vanderburgh,163
VANDERBURGH|WARD6PRECINCT3,78,0.000040070782,Vanderburgh,163
VANDERBURGH|WARD6PRECINCT4,77,1.000000000000,Vanderburgh,163
VANDERBURGH|WARD6PRECINCT5,77,0.000154233876,Vanderburgh,163
VANDERBURGH|WARD6PRECINCT5,78,0.999845766124,Vanderburgh,163
VANDERBURGH|WARD6PRECINCT7,76,1.000000000000,Vanderburgh,163
VANDERBURGH|WARD6PRECINCT8,76,0.000136171542,Vanderburgh,163
VANDERBURGH|WARD6PRECINCT8,77,0.999863828458,Vanderburgh,163
VANDERBURGH|WARD6PRECINCT9,76,0.999974809237,Vanderburgh,163
VANDERBURGH|WARD6PRECINCT9,77,0.000025190763,Vanderburgh,163
VERMILLION|CAYUGA,42,1.000000000000,Vermillion,165
VERMILLION|CLINTONCITY1,42,1.000000000000,Vermillion,165
VERMILLION|CLINTONCITY2,42,1.000000000000,Vermillion,165
VERMILLION|CLINTONCITY3,42,1.000000000000,Vermillion,165
VERMILLION|CLINTONCITY4,42,1.000000000000,Vermillion,165
VERMILLION|CLINTONTOWNSHIP1,42,1.000000000000,Vermillion,165
VERMILLION|CLINTONTOWNSHIP2,42,1.000000000000,Vermillion,165
VERMILLION|CLINTONTOWNSHIP3,42,1.000000000000,Vermillion,165
VERMILLION|DANA,42,1.000000000000,Vermillion,165
VERMILLION|EASTHELT,42,1.000000000000,Vermillion,165
VERMILLION|EUGENE,42,1.000000000000,Vermillion,165
VERMILLION|FAIRVIEW1,42,1.000000000000,Vermillion,165
VERMILLION|FAIRVIEW2,42,1.000000000000,Vermillion,165
VERMILLION|HIGHLAND,13,0.000145404802,Vermillion,165
VERMILLION|HIGHLAND,42,0.999854595198,Vermillion,165
VERMILLION|STBERNICE,42,1.000000000000,Vermillion,165
VERMILLION|VERMILLION1,42,1.000000000000,Vermillion,165
VERMILLION|VERMILLION2,42,1.000000000000,Vermillion,165
VIGO|A,43,0.590599132736,Vigo,167
VIGO|A,46,0.409400867264,Vigo,167
VIGO|APRAIRIETON,43,0.999579746391,Vigo,167
VIGO|APRAIRIETON,45,0.000420253609,Vigo,167
VIGO|B,43,0.938282857833,Vigo,167
VIGO|B,46,0.061717142167,Vigo,167
VIGO|C,43,0.952779038114,Vigo,167
VIGO|C,46,0.047220961886,Vigo,167
VIGO|D,43,0.999994082819,Vigo,167
VIGO|D,46,0.000005917181,Vigo,167
VIGO|E,42,0.000000637154,Vigo,167
VIGO|E,43,0.999999362846,Vigo,167
VIGO|F,42,0.000000658431,Vigo,167
VIGO|F,43,0.999929577345,Vigo,167
VIGO|F,46,0.000069764224,Vigo,167
VIGO|FAYETTEA,42,0.999863999633,Vigo,167
VIGO|FAYETTEA,43,0.000136000367,Vigo,167
VIGO|FAYETTEB,42,0.999783890904,Vigo,167
VIGO|FAYETTEB,43,0.000216109096,Vigo,167
VIGO|G,43,1.000000000000,Vigo,167
VIGO|H,43,1.000000000000,Vigo,167
VIGO|HNV,43,1.000000000000,Vigo,167
VIGO|HONEYCREEKA,45,0.000008203993,Vigo,167
VIGO|HONEYCREEKA,46,0.999991796007,Vigo,167
VIGO|HONEYCREEKB,45,0.000106364169,Vigo,167
VIGO|HONEYCREEKB,46,0.999893635831,Vigo,167
VIGO|HONEYCREEKC,46,1.000000000000,Vigo,167
VIGO|HONEYCREEKD,46,1.000000000000,Vigo,167
VIGO|HONEYCREEKE,45,0.000115354140,Vigo,167
VIGO|HONEYCREEKE,46,0.999884645860,Vigo,167
VIGO|HONEYCREEKF,46,1.000000000000,Vigo,167
VIGO|HONEYCREEKG,46,1.000000000000,Vigo,167
VIGO|HONEYCREEKH,46,1.000000000000,Vigo,167
VIGO|HONEYCREEKI,45,0.000008431226,Vigo,167
VIGO|HONEYCREEKI,46,0.999991568774,Vigo,167
VIGO|LINTONA,45,0.999954724061,Vigo,167
VIGO|LINTONA,46,0.000045275939,Vigo,167
VIGO|LOSTCREEKA,42,0.000345435353,Vigo,167
VIGO|LOSTCREEKA,43,0.999654564647,Vigo,167
VIGO|LOSTCREEKB,42,0.999602275913,Vigo,167
VIGO|LOSTCREEKB,43,0.000389239701,Vigo,167
VIGO|LOSTCREEKB,46,0.000008484386,Vigo,167
VIGO|LOSTCREEKC,42,0.000163254293,Vigo,167
VIGO|LOSTCREEKC,43,0.999830665882,Vigo,167
VIGO|LOSTCREEKC,46,0.000006079825,Vigo,167
VIGO|LOSTCREEKD,42,0.999627293825,Vigo,167
VIGO|LOSTCREEKD,43,0.000372706175,Vigo,167
VIGO|NEVINSA,42,1.000000000000,Vigo,167
VIGO|NEVINSB,42,0.999804231564,Vigo,167
VIGO|NEVINSB,43,0.000195768436,Vigo,167
VIGO|OTTERCREEKA,42,1.000000000000,Vigo,167
VIGO|OTTERCREEKB,42,0.999585367087,Vigo,167
VIGO|OTTERCREEKB,43,0.000414632913,Vigo,167
VIGO|OTTERCREEKC,42,0.002253548720,Vigo,167
VIGO|OTTERCREEKC,43,0.997746451280,Vigo,167
VIGO|OTTERCREEKD,42,0.997344125993,Vigo,167
VIGO|OTTERCREEKD,43,0.002655874007,Vigo,167
VIGO|OTTERCREEKE,42,0.001600305826,Vigo,167
VIGO|OTTERCREEKE,43,0.998399694174,Vigo,167
VIGO|OTTERCREEKF,42,0.998773888890,Vigo,167
VIGO|OTTERCREEKF,43,0.001226111110,Vigo,167
VIGO|OTTERCREEKG,42,1.000000000000,Vigo,167
VIGO|PIERSONA,45,0.000110139558,Vigo,167
VIGO|PIERSONA,46,0.999889860442,Vigo,167
VIGO|PRAIRIECREEKA,45,1.000000000000,Vigo,167
VIGO|PRAIRIETONA,43,0.000490889309,Vigo,167
VIGO|PRAIRIETONA,45,0.999503192594,Vigo,167
VIGO|PRAIRIETONA,46,0.000005918097,Vigo,167
VIGO|RILEYA,42,0.000034449611,Vigo,167
VIGO|RILEYA,43,0.000042325401,Vigo,167
VIGO|RILEYA,46,0.999923224988,Vigo,167
VIGO|RILEYB,46,1.000000000000,Vigo,167
VIGO|SUGARCREEKA,42,0.000016667558,Vigo,167
VIGO|SUGARCREEKA,43,0.999983332442,Vigo,167
VIGO|SUGARCREEKB,43,1.000000000000,Vigo,167
VIGO|SUGARCREEKC,43,1.000000000000,Vigo,167
VIGO|SUGARCREEKD,43,0.999422247616,Vigo,167
VIGO|SUGARCREEKD,45,0.000474716587,Vigo,167
VIGO|SUGARCREEKD,46,0.000103035797,Vigo,167
VIGO|SUGARCREEKE,42,0.000183383973,Vigo,167
VIGO|SUGARCREEKE,43,0.999816616027,Vigo,167
VIGO|SUGARCREEKF,43,1.000000000000,Vigo,167
WABASH|CHESTER1,22,0.000050439411,Wabash,169
WABASH|CHESTER1,50,0.999949560589,Wabash,169
WABASH|CHESTER2,22,0.000072573171,Wabash,169
WABASH|CHESTER2,50,0.999908834321,Wabash,169
WABASH|CHESTER2,83,0.000018592508,Wabash,169
WABASH|CHESTER3,22,0.000005184453,Wabash,169
WABASH|CHESTER3,50,0.999994815547,Wabash,169
WABASH|CHESTER4,50,1.000000000000,Wabash,169
WABASH|CHESTER5,50,1.000000000000,Wabash,169
WABASH|CHESTER6,22,0.000104761299,Wabash,169
WABASH|CHESTER6,50,0.999895238701,Wabash,169
WABASH|LAGRO1,50,1.000000000000,Wabash,169
WABASH|LAGRO2,50,1.000000000000,Wabash,169
WABASH|LAGRO3,50,1.000000000000,Wabash,169
WABASH|LIBERTY1,31,0.000118358086,Wabash,169
WABASH|LIBERTY1,50,0.999881641914,Wabash,169
WABASH|LIBERTY2,31,0.000017871088,Wabash,169
WABASH|LIBERTY2,50,0.999982128912,Wabash,169
WABASH|NOBLE1,50,1.000000000000,Wabash,169
WABASH|NOBLE10,50,1.000000000000,Wabash,169
WABASH|NOBLE11,23,0.000087478357,Wabash,169
WABASH|NOBLE11,50,0.999912521643,Wabash,169
WABASH|NOBLE2,50,1.000000000000,Wabash,169
WABASH|NOBLE3,50,1.000000000000,Wabash,169
WABASH|NOBLE4,50,1.000000000000,Wabash,169
WABASH|NOBLE5,50,1.000000000000,Wabash,169
WABASH|NOBLE6,50,1.000000000000,Wabash,169
WABASH|NOBLE7,50,1.000000000000,Wabash,169
WABASH|NOBLE8,50,1.000000000000,Wabash,169
WABASH|NOBLE9,23,0.000013676427,Wabash,169
WABASH|NOBLE9,50,0.999986323573,Wabash,169
WABASH|PAWPAW,22,0.000061520151,Wabash,169
WABASH|PAWPAW,23,0.000013893552,Wabash,169
WABASH|PAWPAW,50,0.999924586297,Wabash,169
WABASH|PLEASANT1,22,1.000000000000,Wabash,169
WABASH|PLEASANT2,17,0.000059483001,Wabash,169
WABASH|PLEASANT2,22,0.999860556521,Wabash,169
WABASH|PLEASANT2,23,0.000006063905,Wabash,169
WABASH|PLEASANT2,50,0.000073896574,Wabash,169
WABASH|WALTZ,23,0.000005678469,Wabash,169
WABASH|WALTZ,31,0.000032296647,Wabash,169
WABASH|WALTZ,50,0.999962024883,Wabash,169
WARREN|ADAMS,13,1.000000000000,Warren,171
WARREN|JORDAN,13,1.000000000000,Warren,171
WARREN|KENT,13,1.000000000000,Warren,171
WARREN|LIBERTY,13,1.000000000000,Warren,171
WARREN|MEDINA,13,0.999986548734,Warren,171
WARREN|MEDINA,26,0.000013451266,Warren,171
WARREN|MOUND,13,0.999998856989,Warren,171
WARREN|MOUND,42,0.000001143011,Warren,171
WARREN|PIKE,13,1.000000000000,Warren,171
WARREN|PINE,13,1.000000000000,Warren,171
WARREN|PRAIRIE,13,1.000000000000,Warren,171
WARREN|STEUBEN,13,1.000000000000,Warren,171
WARREN|WARREN,13,0.999998815485,Warren,171
WARREN|WARREN,26,0.000001184515,Warren,171
WARREN|WASHINGTON1,13,1.000000000000,Warren,171
WARREN|WASHINGTON2,13,1.000000000000,Warren,171
WARRICK|ANDERSON,74,0.000034125784,Warrick,173
WARRICK|ANDERSON,75,0.999965874216,Warrick,173
WARRICK|BOON10,75,1.000000000000,Warrick,173
WARRICK|BOON11,75,1.000000000000,Warrick,173
WARRICK|BOON12,75,1.000000000000,Warrick,173
WARRICK|BOON13,75,1.000000000000,Warrick,173
WARRICK|BOON14,75,1.000000000000,Warrick,173
WARRICK|BOON15,75,1.000000000000,Warrick,173
WARRICK|BOON3,75,1.000000000000,Warrick,173
WARRICK|BOON5,75,1.000000000000,Warrick,173
WARRICK|BOON6,75,1.000000000000,Warrick,173
WARRICK|BOON7,75,1.000000000000,Warrick,173
WARRICK|BOON8,75,1.000000000000,Warrick,173
WARRICK|BOON9,74,0.000049671630,Warrick,173
WARRICK|BOON9,75,0.999950328370,Warrick,173
WARRICK|CAMPBELL,64,0.000059641471,Warrick,173
WARRICK|CAMPBELL,75,0.999912021842,Warrick,173
WARRICK|CAMPBELL,78,0.000028336687,Warrick,173
WARRICK|GREER1,64,0.000149009289,Warrick,173
WARRICK|GREER1,75,0.999850990711,Warrick,173
WARRICK|GREER2,64,0.000061110516,Warrick,173
WARRICK|GREER2,75,0.999938889484,Warrick,173
WARRICK|HART1,75,1.000000000000,Warrick,173
WARRICK|HART2,75,1.000000000000,Warrick,173
WARRICK|LANE,75,1.000000000000,Warrick,173
WARRICK|OHIO1,75,1.000000000000,Warrick,173
WARRICK|OHIO10,78,1.000000000000,Warrick,173
WARRICK|OHIO11,75,1.000000000000,Warrick,173
WARRICK|OHIO12,75,0.999973709472,Warrick,173
WARRICK|OHIO12,78,0.000026290528,Warrick,173
WARRICK|OHIO13,75,1.000000000000,Warrick,173
WARRICK|OHIO14,75,1.000000000000,Warrick,173
WARRICK|OHIO15,75,0.999979750961,Warrick,173
WARRICK|OHIO15,78,0.000020249039,Warrick,173
WARRICK|OHIO16,75,1.000000000000,Warrick,173
WARRICK|OHIO17,75,1.000000000000,Warrick,173
WARRICK|OHIO18,75,1.000000000000,Warrick,173
WARRICK|OHIO19,75,1.000000000000,Warrick,173
WARRICK|OHIO2,75,1.000000000000,Warrick,173
WARRICK|OHIO20,75,0.000288306729,Warrick,173
WARRICK|OHIO20,78,0.999711693271,Warrick,173
WARRICK|OHIO21,75,0.000334236377,Warrick,173
WARRICK|OHIO21,78,0.999665763623,Warrick,173
WARRICK|OHIO22,75,0.000776866070,Warrick,173
WARRICK|OHIO22,78,0.999223133930,Warrick,173
WARRICK|OHIO23,75,1.000000000000,Warrick,173
WARRICK|OHIO24,75,1.000000000000,Warrick,173
WARRICK|OHIO25,75,1.000000000000,Warrick,173
WARRICK|OHIO26,75,1.000000000000,Warrick,173
WARRICK|OHIO27,75,0.999903126422,Warrick,173
WARRICK|OHIO27,78,0.000096873578,Warrick,173
WARRICK|OHIO28,78,1.000000000000,Warrick,173
WARRICK|OHIO29,75,1.000000000000,Warrick,173
WARRICK|OHIO3,75,0.999017775174,Warrick,173
WARRICK|OHIO3,78,0.000982224826,Warrick,173
WARRICK|OHIO30,75,1.000000000000,Warrick,173
WARRICK|OHIO31,75,0.668425831551,Warrick,173
WARRICK|OHIO31,78,0.331574168449,Warrick,173
WARRICK|OHIO32,77,0.000457055279,Warrick,173
WARRICK|OHIO32,78,0.999542944721,Warrick,173
WARRICK|OHIO33,75,1.000000000000,Warrick,173
WARRICK|OHIO34,75,1.000000000000,Warrick,173
WARRICK|OHIO4,75,0.002451736281,Warrick,173
WARRICK|OHIO4,78,0.997548263719,Warrick,173
WARRICK|OHIO5,75,1.000000000000,Warrick,173
WARRICK|OHIO6,75,0.999973969759,Warrick,173
WARRICK|OHIO6,78,0.000026030241,Warrick,173
WARRICK|OHIO7,75,1.000000000000,Warrick,173
WARRICK|OHIO8,75,0.996466946523,Warrick,173
WARRICK|OHIO8,78,0.003533053477,Warrick,173
WARRICK|OHIO9,78,1.000000000000,Warrick,173
WARRICK|OWEN,75,1.000000000000,Warrick,173
WARRICK|PIGEON,63,0.000059140657,Warrick,173
WARRICK|PIGEON,74,0.000044274374,Warrick,173
WARRICK|PIGEON,75,0.999896584969,Warrick,173
WARRICK|SKELTON1,74,0.000882720518,Warrick,173
WARRICK|SKELTON1,75,0.999117279482,Warrick,173
WARRICK|SKELTON2,74,0.000049825277,Warrick,173
WARRICK|SKELTON2,75,0.999950174723,Warrick,173
WASHINGTON|BROWN,65,1.000000000000,Washington,175
WASHINGTON|FRANKLIN,69,0.999924861049,Washington,175
WASHINGTON|FRANKLIN,70,0.000075138951,Washington,175
WASHINGTON|GIBSON,69,1.000000000000,Washington,175
WASHINGTON|HOWARD,65,0.000046256757,Washington,175
WASHINGTON|HOWARD,69,0.000058464041,Washington,175
WASHINGTON|HOWARD,70,0.999895279202,Washington,175
WASHINGTON|JACKSON,70,1.000000000000,Washington,175
WASHINGTON|JEFFERSON,65,0.999913036265,Washington,175
WASHINGTON|JEFFERSON,69,0.000086963735,Washington,175
WASHINGTON|MADISON,65,0.999942752040,Washington,175
WASHINGTON|MADISON,70,0.000057247960,Washington,175
WASHINGTON|MONROE,65,0.000044343736,Washington,175
WASHINGTON|MONROE,69,0.999955656264,Washington,175
WASHINGTON|PIERCE,69,0.000049154949,Washington,175
WASHINGTON|PIERCE,70,0.999950845051,Washington,175
WASHINGTON|POLK,66,0.000002937092,Washington,175
WASHINGTON|POLK,69,0.000109825639,Washington,175
WASHINGTON|POLK,70,0.999887237269,Washington,175
WASHINGTON|POSEY,65,0.000000513341,Washington,175
WASHINGTON|POSEY,70,0.999999429900,Washington,175
WASHINGTON|POSEY,74,0.000000056759,Washington,175
WASHINGTON|SALEM1,69,1.000000000000,Washington,175
WASHINGTON|SALEM2,69,1.000000000000,Washington,175
WASHINGTON|SALEM3,69,1.000000000000,Washington,175
WASHINGTON|SALEM4,69,1.000000000000,Washington,175
WASHINGTON|VERNON,65,0.999986353713,Washington,175
WASHINGTON|VERNON,69,0.000008091897,Washington,175
WASHINGTON|VERNON,70,0.000005554389,Washington,175
WASHINGTON|WASHINGTON1,69,0.999974307720,Washington,175
WASHINGTON|WASHINGTON1,70,0.000025692280,Washington,175
WASHINGTON|WASHINGTON2,69,0.999980773011,Washington,175
WASHINGTON|WASHINGTON2,70,0.000019226989,Washington,175
WASHINGTON|WASHINGTON3,65,0.000091823654,Washington,175
WASHINGTON|WASHINGTON3,69,0.999908176346,Washington,175
WASHINGTON|WASHINGTON4,69,1.000000000000,Washington,175
WAYNE|ABINGTON,55,0.000040172877,Wayne,177
WAYNE|ABINGTON,56,0.999959827123,Wayne,177
WAYNE|BOSTON1,55,0.000014222592,Wayne,177
WAYNE|BOSTON1,56,0.999985777408,Wayne,177
WAYNE|CENTER04A,56,1.000000000000,Wayne,177
WAYNE|CENTER1,56,1.000000000000,Wayne,177
WAYNE|CENTER2,56,1.000000000000,Wayne,177
WAYNE|CENTER3,56,1.000000000000,Wayne,177
WAYNE|CENTER4,56,1.000000000000,Wayne,177
WAYNE|CENTER5,56,1.000000000000,Wayne,177
WAYNE|CENTER6,56,1.000000000000,Wayne,177
WAYNE|CLAY1,56,1.000000000000,Wayne,177
WAYNE|DALTON1,33,0.000121220471,Wayne,177
WAYNE|DALTON1,54,0.000024502587,Wayne,177
WAYNE|DALTON1,56,0.999854276942,Wayne,177
WAYNE|FRANKLIN1,33,0.000012737609,Wayne,177
WAYNE|FRANKLIN1,56,0.999987262391,Wayne,177
WAYNE|GREENE1,33,0.000063069797,Wayne,177
WAYNE|GREENE1,56,0.999936930203,Wayne,177
WAYNE|HARRISON,56,1.000000000000,Wayne,177
WAYNE|JACKSON1,54,0.000041734886,Wayne,177
WAYNE|JACKSON1,55,0.000010374524,Wayne,177
WAYNE|JACKSON1,56,0.999947890590,Wayne,177
WAYNE|JACKSON2,56,1.000000000000,Wayne,177
WAYNE|JACKSON3,56,1.000000000000,Wayne,177
WAYNE|JEFFERSON1,56,1.000000000000,Wayne,177
WAYNE|JEFFERSON2,56,1.000000000000,Wayne,177
WAYNE|JEFFERSON3,56,1.000000000000,Wayne,177
WAYNE|NEWGARDEN1,33,0.000045504882,Wayne,177
WAYNE|NEWGARDEN1,56,0.999954495118,Wayne,177
WAYNE|PERRY1,33,0.000071533749,Wayne,177
WAYNE|PERRY1,56,0.999928466251,Wayne,177
WAYNE|WASHINGTON,55,0.000060083286,Wayne,177
WAYNE|WASHINGTON,56,0.999939916714,Wayne,177
WAYNE|WAYNE1,56,1.000000000000,Wayne,177
WAYNE|WAYNE10,56,1.000000000000,Wayne,177
WAYNE|WAYNE11,56,1.000000000000,Wayne,177
WAYNE|WAYNE12,56,1.000000000000,Wayne,177
WAYNE|WAYNE13,56,1.000000000000,Wayne,177
WAYNE|WAYNE14,56,1.000000000000,Wayne,177
WAYNE|WAYNE15,56,1.000000000000,Wayne,177
WAYNE|WAYNE16,56,1.000000000000,Wayne,177
WAYNE|WAYNE17,56,1.000000000000,Wayne,177
WAYNE|WAYNE18,56,1.000000000000,Wayne,177
WAYNE|WAYNE19,56,1.000000000000,Wayne,177
WAYNE|WAYNE2,56,1.000000000000,Wayne,177
WAYNE|WAYNE20,56,1.000000000000,Wayne,177
WAYNE|WAYNE21,56,1.000000000000,Wayne,177
WAYNE|WAYNE22,56,1.000000000000,Wayne,177
WAYNE|WAYNE23,56,1.000000000000,Wayne,177
WAYNE|WAYNE24,56,1.000000000000,Wayne,177
WAYNE|WAYNE25,56,1.000000000000,Wayne,177
WAYNE|WAYNE26,56,1.000000000000,Wayne,177
WAYNE|WAYNE27,56,1.000000000000,Wayne,177
WAYNE|WAYNE28,56,1.000000000000,Wayne,177
WAYNE|WAYNE29,56,1.000000000000,Wayne,177
WAYNE|WAYNE3,56,1.000000000000,Wayne,177
WAYNE|WAYNE30,56,1.000000000000,Wayne,177
WAYNE|WAYNE31,56,1.000000000000,Wayne,177
WAYNE|WAYNE32,56,1.000000000000,Wayne,177
WAYNE|WAYNE33,56,1.000000000000,Wayne,177
WAYNE|WAYNE34,56,1.000000000000,Wayne,177
WAYNE|WAYNE35,56,1.000000000000,Wayne,177
WAYNE|WAYNE4,56,1.000000000000,Wayne,177
WAYNE|WAYNE5,56,1.000000000000,Wayne,177
WAYNE|WAYNE6,56,1.000000000000,Wayne,177
WAYNE|WAYNE7,56,1.000000000000,Wayne,177
WAYNE|WAYNE8,56,1.000000000000,Wayne,177
WAYNE|WAYNE9,56,1.000000000000,Wayne,177
WAYNE|WEBSTER1,56,1.000000000000,Wayne,177
WELLS|BLUFFTON2,79,1.000000000000,Wells,179
WELLS|BLUFFTON3,79,1.000000000000,Wells,179
WELLS|BLUFFTON4,79,1.000000000000,Wells,179
WELLS|BLUFFTON5,79,1.000000000000,Wells,179
WELLS|BLUFFTON6,79,1.000000000000,Wells,179
WELLS|BLUFFTONLANCASTEREAST,79,1.000000000000,Wells,179
WELLS|BLUFFTONLANCASTERIII,79,1.000000000000,Wells,179
WELLS|BLUFFTONLANCASTERWEST,79,1.000000000000,Wells,179
WELLS|CHESTER,33,0.000001365238,Wells,179
WELLS|CHESTER,50,0.000029980099,Wells,179
WELLS|CHESTER,79,0.999968654663,Wells,179
WELLS|HARRISONEAST,79,1.000000000000,Wells,179
WELLS|HARRISONWEST,79,1.000000000000,Wells,179
WELLS|JACKSON,31,0.000050464932,Wells,179
WELLS|JACKSON,33,0.000005243970,Wells,179
WELLS|JACKSON,50,0.999887808359,Wells,179
WELLS|JACKSON,79,0.000056482738,Wells,179
WELLS|JEFFERSONEAST,79,0.999963931463,Wells,179
WELLS|JEFFERSONEAST,85,0.000036068537,Wells,179
WELLS|JEFFERSONWEST,79,0.999884707111,Wells,179
WELLS|JEFFERSONWEST,85,0.000115292889,Wells,179
WELLS|LANCASTEREAST,79,1.000000000000,Wells,179
WELLS|LANCASTERWEST,79,1.000000000000,Wells,179
WELLS|LIBERTY,50,0.000059896997,Wells,179
WELLS|LIBERTY,79,0.999940103003,Wells,179
WELLS|NOTTINGHAM,33,0.000000216703,Wells,179
WELLS|NOTTINGHAM,79,0.999999783297,Wells,179
WELLS|OSSIANEAST,79,1.000000000000,Wells,179
WELLS|OSSIANWEST,79,1.000000000000,Wells,179
WELLS|ROCKCREEK,50,0.000050778104,Wells,179
WELLS|ROCKCREEK,79,0.999949221896,Wells,179
WELLS|UNION,50,0.000018245251,Wells,179
WELLS|UNION,79,0.999968000712,Wells,179
WELLS|UNION,85,0.000013754037,Wells,179
WHITE|BIGCREEK1,16,0.999984789439,White,181
WHITE|BIGCREEK1,38,0.000015210561,White,181
WHITE|CASS1,16,0.999922714746,White,181
WHITE|CASS1,23,0.000077285254,White,181
WHITE|HONEYCREEK1,16,1.000000000000,White,181
WHITE|JACKSON1,16,0.999817828937,White,181
WHITE|JACKSON1,23,0.000170278735,White,181
WHITE|JACKSON1,38,0.000011892328,White,181
WHITE|LIBERTY,16,1.000000000000,White,181
WHITE|LINCOLN1,16,0.999933533327,White,181
WHITE|LINCOLN1,38,0.000066466673,White,181
WHITE|MONON,16,1.000000000000,White,181
WHITE|PRAIRIE1,13,0.000094888160,White,181
WHITE|PRAIRIE1,16,0.999905111840,White,181
WHITE|PRAIRIE2,16,0.999896717445,White,181
WHITE|PRAIRIE2,38,0.000103282555,White,181
WHITE|PRINCETON,13,0.000019226944,White,181
WHITE|PRINCETON,16,0.999980773056,White,181
WHITE|ROUNDGROVE1,13,0.999952533988,White,181
WHITE|ROUNDGROVE1,16,0.000047466012,White,181
WHITE|UNION1,16,0.999954817316,White,181
WHITE|UNION1,38,0.000045182684,White,181
WHITE|UNION2,16,1.000000000000,White,181
WHITE|UNION3,16,0.999364098183,White,181
WHITE|UNION3,38,0.000635901817,White,181
WHITE|UNION4,16,1.000000000000,White,181
WHITE|UNION5,16,1.000000000000,White,181
WHITE|UNION6,16,0.995884311313,White,181
WHITE|UNION6,38,0.004115688687,White,181
WHITE|UNION7,16,1.000000000000,White,181
WHITE|WESTPOINT1,13,0.000072670825,White,181
WHITE|WESTPOINT1,16,0.999927329175,White,181
WHITLEY|CLEVELANDNORTHEAST,83,1.000000000000,Whitley,183
WHITLEY|CLEVELANDNORTHWEST,22,0.000013598291,Whitley,183
WHITLEY|CLEVELANDNORTHWEST,83,0.999986401709,Whitley,183
WHITLEY|CLEVELANDSOUTH,22,0.000013127289,Whitley,183
WHITLEY|CLEVELANDSOUTH,50,0.000038609995,Whitley,183
WHITLEY|CLEVELANDSOUTH,83,0.999948262716,Whitley,183
WHITLEY|COLUMBIA1,83,1.000000000000,Whitley,183
WHITLEY|COLUMBIA2,83,1.000000000000,Whitley,183
WHITLEY|COLUMBIA3,83,1.000000000000,Whitley,183
WHITLEY|COLUMBIA4,83,1.000000000000,Whitley,183
WHITLEY|COLUMBIA5,18,0.000000753327,Whitley,183
WHITLEY|COLUMBIA5,83,0.999999246673,Whitley,183
WHITLEY|COLUMBIA6,83,1.000000000000,Whitley,183
WHITLEY|COLUMBIA7,83,1.000000000000,Whitley,183
WHITLEY|COLUMBIA8,83,1.000000000000,Whitley,183
WHITLEY|COLUMBIANORTHEAST,18,0.000277996874,Whitley,183
WHITLEY|COLUMBIANORTHEAST,83,0.999722003126,Whitley,183
WHITLEY|COLUMBIANORTHWEST,18,0.000134536679,Whitley,183
WHITLEY|COLUMBIANORTHWEST,83,0.999865463321,Whitley,183
WHITLEY|COLUMBIASOUTH,18,0.000036881359,Whitley,183
WHITLEY|COLUMBIASOUTH,83,0.999963118641,Whitley,183
WHITLEY|ETNA,18,1.000000000000,Whitley,183
WHITLEY|JEFFERSONEAST,18,0.000060794996,Whitley,183
WHITLEY|JEFFERSONEAST,50,0.000016983287,Whitley,183
WHITLEY|JEFFERSONEAST,83,0.999922221717,Whitley,183
WHITLEY|JEFFERSONWEST,18,0.000009668268,Whitley,183
WHITLEY|JEFFERSONWEST,50,0.000055986598,Whitley,183
WHITLEY|JEFFERSONWEST,83,0.999934345134,Whitley,183
WHITLEY|RICHLANDNORTH,18,0.999779596598,Whitley,183
WHITLEY|RICHLANDNORTH,22,0.000007047368,Whitley,183
WHITLEY|RICHLANDNORTH,83,0.000213356034,Whitley,183
WHITLEY|RICHLANDSOUTH,18,0.000002217015,Whitley,183
WHITLEY|RICHLANDSOUTH,22,0.000033617163,Whitley,183
WHITLEY|RICHLANDSOUTH,83,0.999964165822,Whitley,183
WHITLEY|SMITHEAST,18,0.999833297789,Whitley,183
WHITLEY|SMITHEAST,81,0.000166702211,Whitley,183
WHITLEY|SMITHNORTHEAST,18,1.000000000000,Whitley,183
WHITLEY|SMITHNORTHWEST,18,1.000000000000,Whitley,183
WHITLEY|SMITHSOUTH,18,0.999971136332,Whitley,183
WHITLEY|SMITHSOUTH,81,0.000028863668,Whitley,183
WHITLEY|SMITHWEST,18,1.000000000000,Whitley,183
WHITLEY|THORNCREEKNORTH,18,1.000000000000,Whitley,183
WHITLEY|THORNCREEKNORTHEAST,18,1.000000000000,Whitley,183
WHITLEY|THORNCREEKNORTHWEST,18,1.000000000000,Whitley,183
WHITLEY|THORNCREEKSOUTH,18,0.999972387042,Whitley,183
WHITLEY|THORNCREEKSOUTH,83,0.000027612958,Whitley,183
WHITLEY|TROY,18,0.999937938565,Whitley,183
WHITLEY|TROY,22,0.000062061435,Whitley,183
WHITLEY|UNIONCOLUMBIACITY,18,0.035770992766,Whitley,183
WHITLEY|UNIONCOLUMBIACITY,83,0.964229007234,Whitley,183
WHITLEY|UNIONEAST,18,0.999929759970,Whitley,183
WHITLEY|UNIONEAST,81,0.000053130115,Whitley,183
WHITLEY|UNIONEAST,83,0.000017109915,Whitley,183
WHITLEY|UNIONWEST,18,0.999923570883,Whitley,183
WHITLEY|UNIONWEST,83,0.000076429117,Whitley,183
WHITLEY|WASHINGTONNORTH,83,1.000000000000,Whitley,183
WHITLEY|WASHINGTONSOUTH,50,0.000062239862,Whitley,183
WHITLEY|WASHINGTONSOUTH,83,0.999937760138,Whitley,183
