precinct_key,district_num,area_weight,county,countyfp20
ADAMS|BERNEA,19,1.000000000000,Adams,001
ADAMS|BERNEB,19,1.000000000000,Adams,001
ADAMS|BERNEC,19,1.000000000000,Adams,001
ADAMS|BLUECREEK,19,1.000000000000,Adams,001
ADAMS|DECATUR1,19,1.000000000000,Adams,001
ADAMS|DECATUR2,19,1.000000000000,Adams,001
ADAMS|DECATUR3,19,1.000000000000,Adams,001
ADAMS|DECATUR4,19,1.000000000000,Adams,001
ADAMS|DECATUR5,19,1.000000000000,Adams,001
ADAMS|EASTROOT,14,0.000030258048,Adams,001
ADAMS|EASTROOT,19,0.999969741952,Adams,001
ADAMS|FRENCH,19,1.000000000000,Adams,001
ADAMS|GENEVA,19,1.000000000000,Adams,001
ADAMS|HARTFORD,19,1.000000000000,Adams,001
ADAMS|JEFFERSON,19,1.000000000000,Adams,001
ADAMS|KIRKLAND,19,1.000000000000,Adams,001
ADAMS|MONROEA,19,1.000000000000,Adams,001
ADAMS|MONROEB,19,1.000000000000,Adams,001
ADAMS|NORTHWASHINGTON,19,1.000000000000,Adams,001
ADAMS|PREBLE,14,0.000071185694,Adams,001
ADAMS|PREBLE,19,0.999928814306,Adams,001
ADAMS|SOUTHMONROE,19,1.000000000000,Adams,001
ADAMS|SOUTHWASHINGTON,19,1.000000000000,Adams,001
ADAMS|STMARYS,19,1.000000000000,Adams,001
ADAMS|UNION,14,0.000128941637,Adams,001
ADAMS|UNION,19,0.999871058363,Adams,001
ADAMS|WABASH,19,1.000000000000,Adams,001
ADAMS|WESTROOT,14,0.000073069808,Adams,001
ADAMS|WESTROOT,19,0.999926930192,Adams,001
ALLEN|151,14,0.001002912327,Allen,003
ALLEN|151,15,0.998997087673,Allen,003
ALLEN|152,14,0.000999608412,Allen,003
ALLEN|152,15,0.999000391588,Allen,003
ALLEN|153,14,0.000011287032,Allen,003
ALLEN|153,15,0.999988712968,Allen,003
ALLEN|154,14,0.002558261771,Allen,003
ALLEN|154,15,0.997441738229,Allen,003
ALLEN|156,14,0.000425181829,Allen,003
ALLEN|156,15,0.999574818171,Allen,003
ALLEN|157,14,0.996034524947,Allen,003
ALLEN|157,15,0.003965475053,Allen,003
ALLEN|158,14,0.999893478473,Allen,003
ALLEN|158,15,0.000106521527,Allen,003
ALLEN|162,15,1.000000000000,Allen,003
ALLEN|163,14,0.000287892430,Allen,003
ALLEN|163,15,0.999712107570,Allen,003
ALLEN|164,14,0.999991745416,Allen,003
ALLEN|164,15,0.000008254584,Allen,003
ALLEN|166,15,1.000000000000,Allen,003
ALLEN|168,15,1.000000000000,Allen,003
ALLEN|169,15,1.000000000000,Allen,003
ALLEN|170,15,1.000000000000,Allen,003
ALLEN|172,15,1.000000000000,Allen,003
ALLEN|174,15,1.000000000000,Allen,003
ALLEN|175,15,1.000000000000,Allen,003
ALLEN|176,15,1.000000000000,Allen,003
ALLEN|177,15,1.000000000000,Allen,003
ALLEN|178,15,1.000000000000,Allen,003
ALLEN|179,15,1.000000000000,Allen,003
ALLEN|180,15,1.000000000000,Allen,003
ALLEN|183,15,1.000000000000,Allen,003
ALLEN|184,15,1.000000000000,Allen,003
ALLEN|185,15,1.000000000000,Allen,003
ALLEN|186,15,1.000000000000,Allen,003
ALLEN|188,15,1.000000000000,Allen,003
ALLEN|189,15,1.000000000000,Allen,003
ALLEN|190,15,1.000000000000,Allen,003
ALLEN|192,14,0.000152010301,Allen,003
ALLEN|192,15,0.999847989699,Allen,003
ALLEN|194,15,1.000000000000,Allen,003
ALLEN|195,15,1.000000000000,Allen,003
ALLEN|196,14,0.999726010457,Allen,003
ALLEN|196,15,0.000273989543,Allen,003
ALLEN|197,15,1.000000000000,Allen,003
ALLEN|200,15,1.000000000000,Allen,003
ALLEN|203,15,0.000046767466,Allen,003
ALLEN|203,16,0.999953232534,Allen,003
ALLEN|204,15,0.000010069316,Allen,003
ALLEN|204,16,0.999989930684,Allen,003
ALLEN|205,14,0.001412982806,Allen,003
ALLEN|205,15,0.997921826821,Allen,003
ALLEN|205,16,0.000665190373,Allen,003
ALLEN|207,15,0.999608422307,Allen,003
ALLEN|207,16,0.000391577693,Allen,003
ALLEN|209,15,1.000000000000,Allen,003
ALLEN|210,14,0.000000628937,Allen,003
ALLEN|210,15,0.999999371063,Allen,003
ALLEN|211,15,1.000000000000,Allen,003
ALLEN|212,15,1.000000000000,Allen,003
ALLEN|213,15,1.000000000000,Allen,003
ALLEN|214,15,1.000000000000,Allen,003
ALLEN|216,15,1.000000000000,Allen,003
ALLEN|217,15,0.999909925438,Allen,003
ALLEN|217,16,0.000090074562,Allen,003
ALLEN|218,15,1.000000000000,Allen,003
ALLEN|255,15,1.000000000000,Allen,003
ALLEN|256,15,1.000000000000,Allen,003
ALLEN|257,15,1.000000000000,Allen,003
ALLEN|259,15,1.000000000000,Allen,003
ALLEN|260,15,1.000000000000,Allen,003
ALLEN|261,15,1.000000000000,Allen,003
ALLEN|262,15,1.000000000000,Allen,003
ALLEN|270,15,1.000000000000,Allen,003
ALLEN|285,15,1.000000000000,Allen,003
ALLEN|287,15,1.000000000000,Allen,003
ALLEN|288,15,1.000000000000,Allen,003
ALLEN|289,15,1.000000000000,Allen,003
ALLEN|290,15,1.000000000000,Allen,003
ALLEN|291,15,0.006902204208,Allen,003
ALLEN|291,16,0.993097795792,Allen,003
ALLEN|292,15,0.999894732900,Allen,003
ALLEN|292,16,0.000105267100,Allen,003
ALLEN|293,15,1.000000000000,Allen,003
ALLEN|294,15,1.000000000000,Allen,003
ALLEN|296,14,0.001466165837,Allen,003
ALLEN|296,16,0.998533834163,Allen,003
ALLEN|297,14,0.008604414562,Allen,003
ALLEN|297,15,0.001826105747,Allen,003
ALLEN|297,16,0.989569479691,Allen,003
ALLEN|298,16,1.000000000000,Allen,003
ALLEN|303,16,1.000000000000,Allen,003
ALLEN|304,15,0.000142464068,Allen,003
ALLEN|304,16,0.999857535932,Allen,003
ALLEN|306,15,1.000000000000,Allen,003
ALLEN|307,15,1.000000000000,Allen,003
ALLEN|309,15,0.999706652481,Allen,003
ALLEN|309,16,0.000293347519,Allen,003
ALLEN|310,15,0.000498927049,Allen,003
ALLEN|310,16,0.999501072951,Allen,003
ALLEN|311,16,1.000000000000,Allen,003
ALLEN|312,15,0.997359350046,Allen,003
ALLEN|312,16,0.002640649954,Allen,003
ALLEN|313,15,0.999980052859,Allen,003
ALLEN|313,16,0.000019947141,Allen,003
ALLEN|314,16,1.000000000000,Allen,003
ALLEN|315,15,1.000000000000,Allen,003
ALLEN|316,15,1.000000000000,Allen,003
ALLEN|318,15,1.000000000000,Allen,003
ALLEN|319,16,1.000000000000,Allen,003
ALLEN|320,15,0.000101838306,Allen,003
ALLEN|320,16,0.999898161694,Allen,003
ALLEN|321,15,0.999955758044,Allen,003
ALLEN|321,16,0.000044241956,Allen,003
ALLEN|322,15,0.999978249988,Allen,003
ALLEN|322,16,0.000021750012,Allen,003
ALLEN|323,15,0.999999745136,Allen,003
ALLEN|323,16,0.000000254864,Allen,003
ALLEN|327,15,1.000000000000,Allen,003
ALLEN|360,15,1.000000000000,Allen,003
ALLEN|364,16,1.000000000000,Allen,003
ALLEN|366,16,1.000000000000,Allen,003
ALLEN|367,16,1.000000000000,Allen,003
ALLEN|368,16,1.000000000000,Allen,003
ALLEN|370,15,0.999952869791,Allen,003
ALLEN|370,16,0.000047130209,Allen,003
ALLEN|371,15,0.996267433733,Allen,003
ALLEN|371,16,0.003732566267,Allen,003
ALLEN|373,16,1.000000000000,Allen,003
ALLEN|399,15,1.000000000000,Allen,003
ALLEN|410,16,1.000000000000,Allen,003
ALLEN|411,16,0.999895453500,Allen,003
ALLEN|411,19,0.000104546500,Allen,003
ALLEN|415,16,1.000000000000,Allen,003
ALLEN|418,16,0.999665335391,Allen,003
ALLEN|418,19,0.000334664609,Allen,003
ALLEN|452,16,0.000135702037,Allen,003
ALLEN|452,19,0.999864297963,Allen,003
ALLEN|454,19,1.000000000000,Allen,003
ALLEN|456,19,1.000000000000,Allen,003
ALLEN|457,19,1.000000000000,Allen,003
ALLEN|459,19,1.000000000000,Allen,003
ALLEN|460,19,1.000000000000,Allen,003
ALLEN|461,19,1.000000000000,Allen,003
ALLEN|468,16,1.000000000000,Allen,003
ALLEN|469,16,1.000000000000,Allen,003
ALLEN|470,16,1.000000000000,Allen,003
ALLEN|471,16,1.000000000000,Allen,003
ALLEN|472,16,1.000000000000,Allen,003
ALLEN|473,16,1.000000000000,Allen,003
ALLEN|474,16,1.000000000000,Allen,003
ALLEN|475,16,1.000000000000,Allen,003
ALLEN|476,16,1.000000000000,Allen,003
ALLEN|477,16,1.000000000000,Allen,003
ALLEN|478,16,1.000000000000,Allen,003
ALLEN|479,16,1.000000000000,Allen,003
ALLEN|480,16,1.000000000000,Allen,003
ALLEN|481,16,1.000000000000,Allen,003
ALLEN|482,16,1.000000000000,Allen,003
ALLEN|483,16,1.000000000000,Allen,003
ALLEN|484,16,1.000000000000,Allen,003
ALLEN|485,16,1.000000000000,Allen,003
ALLEN|486,16,1.000000000000,Allen,003
ALLEN|487,16,1.000000000000,Allen,003
ALLEN|488,16,1.000000000000,Allen,003
ALLEN|490,16,1.000000000000,Allen,003
ALLEN|502,19,1.000000000000,Allen,003
ALLEN|503,19,1.000000000000,Allen,003
ALLEN|504,14,0.000199640642,Allen,003
ALLEN|504,19,0.999800359358,Allen,003
ALLEN|505,14,0.000172903396,Allen,003
ALLEN|505,19,0.999827096604,Allen,003
ALLEN|509,14,0.000099705672,Allen,003
ALLEN|509,19,0.999900294328,Allen,003
ALLEN|512,19,1.000000000000,Allen,003
ALLEN|516,14,0.000172938268,Allen,003
ALLEN|516,16,0.999827061732,Allen,003
ALLEN|518,14,0.000000412834,Allen,003
ALLEN|518,16,0.000000034403,Allen,003
ALLEN|518,19,0.999999552763,Allen,003
ALLEN|519,16,0.000026492081,Allen,003
ALLEN|519,19,0.999973507919,Allen,003
ALLEN|553,14,0.000019944740,Allen,003
ALLEN|553,19,0.999980055260,Allen,003
ALLEN|554,19,1.000000000000,Allen,003
ALLEN|555,14,0.000000442232,Allen,003
ALLEN|555,19,0.999999557768,Allen,003
ALLEN|557,14,0.000174164872,Allen,003
ALLEN|557,19,0.999825835128,Allen,003
ALLEN|561,19,1.000000000000,Allen,003
ALLEN|565,14,0.000206895720,Allen,003
ALLEN|565,16,0.996190767927,Allen,003
ALLEN|565,19,0.003602336353,Allen,003
ALLEN|567,14,0.993396142733,Allen,003
ALLEN|567,15,0.002335538430,Allen,003
ALLEN|567,16,0.004268318838,Allen,003
ALLEN|569,14,0.998978608711,Allen,003
ALLEN|569,15,0.001021391289,Allen,003
ALLEN|575,16,1.000000000000,Allen,003
ALLEN|576,16,1.000000000000,Allen,003
ALLEN|577,16,1.000000000000,Allen,003
ALLEN|578,16,0.999788720056,Allen,003
ALLEN|578,19,0.000211279944,Allen,003
ALLEN|579,16,0.997612660909,Allen,003
ALLEN|579,19,0.002387339091,Allen,003
ALLEN|581,16,0.001534072058,Allen,003
ALLEN|581,19,0.998465927942,Allen,003
ALLEN|582,16,0.000147678940,Allen,003
ALLEN|582,19,0.999852321060,Allen,003
ALLEN|583,16,0.999990787951,Allen,003
ALLEN|583,19,0.000009212049,Allen,003
ALLEN|585,16,0.000004154029,Allen,003
ALLEN|585,19,0.999995845971,Allen,003
ALLEN|590,16,1.000000000000,Allen,003
ALLEN|592,16,1.000000000000,Allen,003
ALLEN|594,16,1.000000000000,Allen,003
ALLEN|596,16,1.000000000000,Allen,003
ALLEN|602,14,1.000000000000,Allen,003
ALLEN|603,14,1.000000000000,Allen,003
ALLEN|605,14,1.000000000000,Allen,003
ALLEN|607,14,1.000000000000,Allen,003
ALLEN|608,14,1.000000000000,Allen,003
ALLEN|610,14,1.000000000000,Allen,003
ALLEN|611,14,1.000000000000,Allen,003
ALLEN|612,14,1.000000000000,Allen,003
ALLEN|651,14,1.000000000000,Allen,003
ALLEN|652,14,1.000000000000,Allen,003
ALLEN|653,14,1.000000000000,Allen,003
ALLEN|654,14,1.000000000000,Allen,003
ALLEN|656,14,1.000000000000,Allen,003
ALLEN|658,14,1.000000000000,Allen,003
ALLEN|660,14,1.000000000000,Allen,003
ALLEN|662,14,1.000000000000,Allen,003
ALLEN|663,14,1.000000000000,Allen,003
ALLEN|665,14,1.000000000000,Allen,003
ALLEN|667,14,1.000000000000,Allen,003
ALLEN|668,14,1.000000000000,Allen,003
ALLEN|669,14,1.000000000000,Allen,003
ALLEN|670,14,0.999162461230,Allen,003
ALLEN|670,19,0.000837538770,Allen,003
ALLEN|671,14,0.999995273650,Allen,003
ALLEN|671,19,0.000004726350,Allen,003
ALLEN|672,14,1.000000000000,Allen,003
ALLEN|674,14,1.000000000000,Allen,003
ALLEN|675,14,1.000000000000,Allen,003
ALLEN|677,14,1.000000000000,Allen,003
ALLEN|678,14,0.999580704847,Allen,003
ALLEN|678,19,0.000419295153,Allen,003
ALLEN|679,14,0.999954947399,Allen,003
ALLEN|679,19,0.000045052601,Allen,003
ALLEN|682,14,0.999949816787,Allen,003
ALLEN|682,16,0.000026907505,Allen,003
ALLEN|682,19,0.000023275708,Allen,003
ALLEN|690,14,0.999983419608,Allen,003
ALLEN|690,19,0.000016580392,Allen,003
ALLEN|692,14,0.999972068007,Allen,003
ALLEN|692,19,0.000027931993,Allen,003
ALLEN|ABOITEA,16,1.000000000000,Allen,003
ALLEN|ABOITEB,16,1.000000000000,Allen,003
ALLEN|ABOITEC,16,0.999779613682,Allen,003
ALLEN|ABOITEC,17,0.000094044014,Allen,003
ALLEN|ABOITEC,19,0.000126342304,Allen,003
ALLEN|ABOITEJ,16,1.000000000000,Allen,003
ALLEN|ABOITEK,16,1.000000000000,Allen,003
ALLEN|ABOITEL,16,1.000000000000,Allen,003
ALLEN|ABOITEN,16,1.000000000000,Allen,003
ALLEN|ABOITET,16,1.000000000000,Allen,003
ALLEN|ABOITEU,16,1.000000000000,Allen,003
ALLEN|ABOITEZ,16,0.999738293588,Allen,003
ALLEN|ABOITEZ,19,0.000261706412,Allen,003
ALLEN|ADAMSB1,14,1.000000000000,Allen,003
ALLEN|ADAMSB2,14,1.000000000000,Allen,003
ALLEN|ADAMSC,14,1.000000000000,Allen,003
ALLEN|ADAMSE,14,1.000000000000,Allen,003
ALLEN|ADAMSF,14,1.000000000000,Allen,003
ALLEN|ADAMSG,14,1.000000000000,Allen,003
ALLEN|ADAMSN,14,1.000000000000,Allen,003
ALLEN|ADAMSO,14,1.000000000000,Allen,003
ALLEN|CEDARCREEKA,14,0.999994250194,Allen,003
ALLEN|CEDARCREEKA,15,0.000005749806,Allen,003
ALLEN|CEDARCREEKB,14,0.999965775645,Allen,003
ALLEN|CEDARCREEKB,15,0.000034224355,Allen,003
ALLEN|CEDARCREEKC,14,0.999852304223,Allen,003
ALLEN|CEDARCREEKC,15,0.000147695777,Allen,003
ALLEN|CEDARCREEKD,14,0.999954354723,Allen,003
ALLEN|CEDARCREEKD,15,0.000045645277,Allen,003
ALLEN|CEDARCREEKE,14,0.998962494843,Allen,003
ALLEN|CEDARCREEKE,15,0.001037505157,Allen,003
ALLEN|CEDARCREEKF,14,1.000000000000,Allen,003
ALLEN|CEDARCREEKG,14,1.000000000000,Allen,003
ALLEN|EELRIVERA,13,0.000049154859,Allen,003
ALLEN|EELRIVERA,15,0.000003682454,Allen,003
ALLEN|EELRIVERA,16,0.999947162687,Allen,003
ALLEN|EELRIVERB,13,0.000015811790,Allen,003
ALLEN|EELRIVERB,15,0.000015848125,Allen,003
ALLEN|EELRIVERB,16,0.999968340085,Allen,003
ALLEN|GRABILL,14,1.000000000000,Allen,003
ALLEN|HUNTERTOWNA,15,0.999829772001,Allen,003
ALLEN|HUNTERTOWNA,16,0.000170227999,Allen,003
ALLEN|HUNTERTOWNB,15,1.000000000000,Allen,003
ALLEN|HUNTERTOWNC,15,1.000000000000,Allen,003
ALLEN|HUNTERTOWND,15,1.000000000000,Allen,003
ALLEN|HUNTERTOWNER,16,1.000000000000,Allen,003
ALLEN|JACKSON,14,1.000000000000,Allen,003
ALLEN|JEFFERSON,14,1.000000000000,Allen,003
ALLEN|LAFAYETTEA,16,0.000028265226,Allen,003
ALLEN|LAFAYETTEA,17,0.000037927603,Allen,003
ALLEN|LAFAYETTEA,19,0.999933807171,Allen,003
ALLEN|LAFAYETTEB,17,0.000077881073,Allen,003
ALLEN|LAFAYETTEB,19,0.999922118927,Allen,003
ALLEN|LAFAYETTEC,16,0.000000490962,Allen,003
ALLEN|LAFAYETTEC,19,0.999999509038,Allen,003
ALLEN|LAKEA,16,1.000000000000,Allen,003
ALLEN|LAKEB,16,1.000000000000,Allen,003
ALLEN|LEOCEDARVILLEA,14,1.000000000000,Allen,003
ALLEN|LEOCEDARVILLEB,14,1.000000000000,Allen,003
ALLEN|MADISON,14,0.999954900985,Allen,003
ALLEN|MADISON,19,0.000045099015,Allen,003
ALLEN|MARIONA,14,0.999753825078,Allen,003
ALLEN|MARIONA,19,0.000246174922,Allen,003
ALLEN|MARIONB,14,0.999911609085,Allen,003
ALLEN|MARIONB,19,0.000088390915,Allen,003
ALLEN|MARIONC,14,1.000000000000,Allen,003
ALLEN|MAUMEE,14,1.000000000000,Allen,003
ALLEN|MILAN,14,0.999986591045,Allen,003
ALLEN|MILAN,15,0.000013408955,Allen,003
ALLEN|MONROE,14,0.999996599517,Allen,003
ALLEN|MONROE,19,0.000003400483,Allen,003
ALLEN|MONROEVILLE,14,1.000000000000,Allen,003
ALLEN|NH1,14,1.000000000000,Allen,003
ALLEN|NH1J,14,1.000000000000,Allen,003
ALLEN|NH1SJ,14,0.000137358116,Allen,003
ALLEN|NH1SJ,15,0.999862641884,Allen,003
ALLEN|NH2A,14,1.000000000000,Allen,003
ALLEN|NH2J1,14,1.000000000000,Allen,003
ALLEN|NH2J2,14,1.000000000000,Allen,003
ALLEN|NH2J3,14,1.000000000000,Allen,003
ALLEN|NH2J4,14,1.000000000000,Allen,003
ALLEN|NH3A,14,1.000000000000,Allen,003
ALLEN|NH3B,14,1.000000000000,Allen,003
ALLEN|NH4A,14,1.000000000000,Allen,003
ALLEN|NH4B,14,1.000000000000,Allen,003
ALLEN|NH5A,14,1.000000000000,Allen,003
ALLEN|NH5B,14,1.000000000000,Allen,003
ALLEN|NH5C,14,1.000000000000,Allen,003
ALLEN|NH5D,14,1.000000000000,Allen,003
ALLEN|NH5E,14,1.000000000000,Allen,003
ALLEN|PERRYB,13,0.000048752386,Allen,003
ALLEN|PERRYB,14,0.000031100592,Allen,003
ALLEN|PERRYB,15,0.999920147022,Allen,003
ALLEN|PERRYD,15,1.000000000000,Allen,003
ALLEN|PERRYH,15,1.000000000000,Allen,003
ALLEN|PERRYJ,15,1.000000000000,Allen,003
ALLEN|PERRYK,15,1.000000000000,Allen,003
ALLEN|PERRYL,14,0.000001115511,Allen,003
ALLEN|PERRYL,15,0.999998884489,Allen,003
ALLEN|PERRYM,15,1.000000000000,Allen,003
ALLEN|PERRYN,14,0.000027672034,Allen,003
ALLEN|PERRYN,15,0.999972327966,Allen,003
ALLEN|PERRYO,15,1.000000000000,Allen,003
ALLEN|PERRYR,13,0.000061810276,Allen,003
ALLEN|PERRYR,15,0.999739614971,Allen,003
ALLEN|PERRYR,16,0.000198574753,Allen,003
ALLEN|PERRYS,15,1.000000000000,Allen,003
ALLEN|PERRYT,14,0.000003133596,Allen,003
ALLEN|PERRYT,15,0.999996866404,Allen,003
ALLEN|PLEASANTA,19,1.000000000000,Allen,003
ALLEN|PLEASANTB,19,1.000000000000,Allen,003
ALLEN|PLEASANTC,14,0.000005537654,Allen,003
ALLEN|PLEASANTC,19,0.999994462346,Allen,003
ALLEN|SCIPIO,14,1.000000000000,Allen,003
ALLEN|SPRINGFIELDA,14,1.000000000000,Allen,003
ALLEN|SPRINGFIELDB,14,1.000000000000,Allen,003
ALLEN|STJOEA,14,0.000165527464,Allen,003
ALLEN|STJOEA,15,0.999834472536,Allen,003
ALLEN|STJOEB1,14,0.000432254808,Allen,003
ALLEN|STJOEB1,15,0.999567745192,Allen,003
ALLEN|STJOEB2,15,1.000000000000,Allen,003
ALLEN|STJOEC,15,1.000000000000,Allen,003
ALLEN|STJOED,14,0.000151528200,Allen,003
ALLEN|STJOED,15,0.999848471800,Allen,003
ALLEN|STJOEE,15,1.000000000000,Allen,003
ALLEN|STJOEF,14,0.000067259834,Allen,003
ALLEN|STJOEF,15,0.999932740166,Allen,003
ALLEN|STJOEG,14,0.000047311419,Allen,003
ALLEN|STJOEG,15,0.999952688581,Allen,003
ALLEN|STJOEV1,14,0.000199169403,Allen,003
ALLEN|STJOEV1,15,0.999800830597,Allen,003
ALLEN|WASHINGTONE,15,0.000027042151,Allen,003
ALLEN|WASHINGTONE,16,0.999972957849,Allen,003
ALLEN|WASHINGTONF,16,1.000000000000,Allen,003
ALLEN|WAYNEA,14,0.000641688836,Allen,003
ALLEN|WAYNEA,19,0.999358311164,Allen,003
ALLEN|WAYNEC,16,0.000218664833,Allen,003
ALLEN|WAYNEC,19,0.999781335167,Allen,003
ALLEN|WAYNED,16,1.000000000000,Allen,003
ALLEN|WOODBURN,14,1.000000000000,Allen,003
ALLEN|ZANESVILLE,19,1.000000000000,Allen,003
BARTHOLOMEW|CLAY3500,41,1.000000000000,Bartholomew,005
BARTHOLOMEW|CLAY3550,41,1.000000000000,Bartholomew,005
BARTHOLOMEW|CLAY3600,41,1.000000000000,Bartholomew,005
BARTHOLOMEW|CLIFTY3700,41,0.999941869494,Bartholomew,005
BARTHOLOMEW|CLIFTY3700,42,0.000058130506,Bartholomew,005
BARTHOLOMEW|COLUMBUS100,41,1.000000000000,Bartholomew,005
BARTHOLOMEW|COLUMBUS1000,41,1.000000000000,Bartholomew,005
BARTHOLOMEW|COLUMBUS1100,41,1.000000000000,Bartholomew,005
BARTHOLOMEW|COLUMBUS1200,41,1.000000000000,Bartholomew,005
BARTHOLOMEW|COLUMBUS1300,41,1.000000000000,Bartholomew,005
BARTHOLOMEW|COLUMBUS1400,41,1.000000000000,Bartholomew,005
BARTHOLOMEW|COLUMBUS1500,41,1.000000000000,Bartholomew,005
BARTHOLOMEW|COLUMBUS1600,41,1.000000000000,Bartholomew,005
BARTHOLOMEW|COLUMBUS1700,41,1.000000000000,Bartholomew,005
BARTHOLOMEW|COLUMBUS1800,41,1.000000000000,Bartholomew,005
BARTHOLOMEW|COLUMBUS1900,41,1.000000000000,Bartholomew,005
BARTHOLOMEW|COLUMBUS200,41,1.000000000000,Bartholomew,005
BARTHOLOMEW|COLUMBUS2000,41,1.000000000000,Bartholomew,005
BARTHOLOMEW|COLUMBUS2100,41,1.000000000000,Bartholomew,005
BARTHOLOMEW|COLUMBUS2200,41,1.000000000000,Bartholomew,005
BARTHOLOMEW|COLUMBUS225,41,1.000000000000,Bartholomew,005
BARTHOLOMEW|COLUMBUS2300,41,1.000000000000,Bartholomew,005
BARTHOLOMEW|COLUMBUS2400,41,1.000000000000,Bartholomew,005
BARTHOLOMEW|COLUMBUS250,41,1.000000000000,Bartholomew,005
BARTHOLOMEW|COLUMBUS2500,41,1.000000000000,Bartholomew,005
BARTHOLOMEW|COLUMBUS2600,41,1.000000000000,Bartholomew,005
BARTHOLOMEW|COLUMBUS2700,41,1.000000000000,Bartholomew,005
BARTHOLOMEW|COLUMBUS2800,41,1.000000000000,Bartholomew,005
BARTHOLOMEW|COLUMBUS2850,41,1.000000000000,Bartholomew,005
BARTHOLOMEW|COLUMBUS2900,41,1.000000000000,Bartholomew,005
BARTHOLOMEW|COLUMBUS300,41,1.000000000000,Bartholomew,005
BARTHOLOMEW|COLUMBUS3000,41,1.000000000000,Bartholomew,005
BARTHOLOMEW|COLUMBUS3100,41,1.000000000000,Bartholomew,005
BARTHOLOMEW|COLUMBUS3200,41,1.000000000000,Bartholomew,005
BARTHOLOMEW|COLUMBUS3300,41,1.000000000000,Bartholomew,005
BARTHOLOMEW|COLUMBUS3350,41,1.000000000000,Bartholomew,005
BARTHOLOMEW|COLUMBUS3400,41,0.999983949341,Bartholomew,005
BARTHOLOMEW|COLUMBUS3400,44,0.000016050659,Bartholomew,005
BARTHOLOMEW|COLUMBUS400,41,1.000000000000,Bartholomew,005
BARTHOLOMEW|COLUMBUS500,41,1.000000000000,Bartholomew,005
BARTHOLOMEW|COLUMBUS600,41,1.000000000000,Bartholomew,005
BARTHOLOMEW|COLUMBUS700,41,1.000000000000,Bartholomew,005
BARTHOLOMEW|COLUMBUS800,41,1.000000000000,Bartholomew,005
BARTHOLOMEW|COLUMBUS900,41,1.000000000000,Bartholomew,005
BARTHOLOMEW|FLATROCK3800,41,0.999999250821,Bartholomew,005
BARTHOLOMEW|FLATROCK3800,42,0.000000749179,Bartholomew,005
BARTHOLOMEW|FLATROCK3850NV,41,1.000000000000,Bartholomew,005
BARTHOLOMEW|GERMAN3900,41,0.999877354512,Bartholomew,005
BARTHOLOMEW|GERMAN3900,42,0.000122645488,Bartholomew,005
BARTHOLOMEW|GERMAN4000,41,1.000000000000,Bartholomew,005
BARTHOLOMEW|GERMAN4100,41,0.999952840312,Bartholomew,005
BARTHOLOMEW|GERMAN4100,42,0.000024669024,Bartholomew,005
BARTHOLOMEW|GERMAN4100,44,0.000022490664,Bartholomew,005
BARTHOLOMEW|GERMAN4200,41,1.000000000000,Bartholomew,005
BARTHOLOMEW|GERMAN4250NV,41,1.000000000000,Bartholomew,005
BARTHOLOMEW|GERMAN4300,41,1.000000000000,Bartholomew,005
BARTHOLOMEW|GERMAN4350,41,1.000000000000,Bartholomew,005
BARTHOLOMEW|HARRISON4400,41,0.999988311441,Bartholomew,005
BARTHOLOMEW|HARRISON4400,44,0.000011688559,Bartholomew,005
BARTHOLOMEW|HARRISON4450,41,1.000000000000,Bartholomew,005
BARTHOLOMEW|HARRISON4500,41,0.999872428670,Bartholomew,005
BARTHOLOMEW|HARRISON4500,44,0.000127571330,Bartholomew,005
BARTHOLOMEW|HARRISON4550,41,1.000000000000,Bartholomew,005
BARTHOLOMEW|HAWCREEK4600,41,0.999961912048,Bartholomew,005
BARTHOLOMEW|HAWCREEK4600,42,0.000038087952,Bartholomew,005
BARTHOLOMEW|HAWCREEK4700,41,1.000000000000,Bartholomew,005
BARTHOLOMEW|HAWCREEK4800,41,1.000000000000,Bartholomew,005
BARTHOLOMEW|HAWCREEK4900,41,1.000000000000,Bartholomew,005
BARTHOLOMEW|JACKSON5000,41,0.999954486017,Bartholomew,005
BARTHOLOMEW|JACKSON5000,44,0.000045513983,Bartholomew,005
BARTHOLOMEW|OHIO5100,41,0.999991183298,Bartholomew,005
BARTHOLOMEW|OHIO5100,44,0.000008816702,Bartholomew,005
BARTHOLOMEW|ROCKCREEK5200,41,0.999908734312,Bartholomew,005
BARTHOLOMEW|ROCKCREEK5200,42,0.000091265688,Bartholomew,005
BARTHOLOMEW|SANDCREEK5300,41,0.999994775528,Bartholomew,005
BARTHOLOMEW|SANDCREEK5300,44,0.000005224472,Bartholomew,005
BARTHOLOMEW|SANDCREEK5400,41,0.999861404691,Bartholomew,005
BARTHOLOMEW|SANDCREEK5400,42,0.000135246276,Bartholomew,005
BARTHOLOMEW|SANDCREEK5400,44,0.000003349033,Bartholomew,005
BARTHOLOMEW|WAYNE5500,41,1.000000000000,Bartholomew,005
BARTHOLOMEW|WAYNE5600,41,0.999912846117,Bartholomew,005
BARTHOLOMEW|WAYNE5600,44,0.000087153883,Bartholomew,005
BARTHOLOMEW|WAYNE5700,41,0.999982300810,Bartholomew,005
BARTHOLOMEW|WAYNE5700,44,0.000017699190,Bartholomew,005
BARTHOLOMEW|WAYNE5800,41,1.000000000000,Bartholomew,005
BENTON|BOLIVAR,6,0.999970686891,Benton,007
BENTON|BOLIVAR,23,0.000029313109,Benton,007
BENTON|CENTEREAST,6,1.000000000000,Benton,007
BENTON|CENTERNORTH,6,1.000000000000,Benton,007
BENTON|CENTERSOUTH,6,1.000000000000,Benton,007
BENTON|CENTERWEST,6,1.000000000000,Benton,007
BENTON|GILBOA,5,0.000083426276,Benton,007
BENTON|GILBOA,6,0.999916573724,Benton,007
BENTON|GRANT,6,0.999983974707,Benton,007
BENTON|GRANT,23,0.000016025293,Benton,007
BENTON|HICKORYGROVE,6,0.999982664783,Benton,007
BENTON|HICKORYGROVE,23,0.000017335217,Benton,007
BENTON|OAKGROVENORTH,6,1.000000000000,Benton,007
BENTON|OAKGROVESOUTH,6,0.999973996144,Benton,007
BENTON|OAKGROVESOUTH,23,0.000026003856,Benton,007
BENTON|PARISHGROVE,6,1.000000000000,Benton,007
BENTON|PINE,5,0.000042996765,Benton,007
BENTON|PINE,6,0.999957003235,Benton,007
BENTON|RICHLAND,6,1.000000000000,Benton,007
BENTON|UNION,6,1.000000000000,Benton,007
BENTON|YORK,6,1.000000000000,Benton,007
BLACKFORD|HARRISON1,19,1.000000000000,Blackford,009
BLACKFORD|HARRISON2,19,1.000000000000,Blackford,009
BLACKFORD|JACKSON1,19,1.000000000000,Blackford,009
BLACKFORD|JACKSON2,19,0.999981241997,Blackford,009
BLACKFORD|JACKSON2,26,0.000018758003,Blackford,009
BLACKFORD|LICKING1,19,1.000000000000,Blackford,009
BLACKFORD|LICKING2,19,1.000000000000,Blackford,009
BLACKFORD|LICKING3,19,1.000000000000,Blackford,009
BLACKFORD|LICKING4,19,1.000000000000,Blackford,009
BLACKFORD|LICKING5,17,0.000066027206,Blackford,009
BLACKFORD|LICKING5,19,0.999917388185,Blackford,009
BLACKFORD|LICKING5,26,0.000016584610,Blackford,009
BLACKFORD|LICKING6,19,1.000000000000,Blackford,009
BLACKFORD|WASHINGTON1,17,0.000114659524,Blackford,009
BLACKFORD|WASHINGTON1,19,0.999885340476,Blackford,009
BLACKFORD|WASHINGTON2,19,1.000000000000,Blackford,009
BOONE|CENTER1,7,1.000000000000,Boone,011
BOONE|CENTER10,7,1.000000000000,Boone,011
BOONE|CENTER11,7,1.000000000000,Boone,011
BOONE|CENTER12,7,1.000000000000,Boone,011
BOONE|CENTER13,7,1.000000000000,Boone,011
BOONE|CENTER14,7,1.000000000000,Boone,011
BOONE|CENTER15,7,1.000000000000,Boone,011
BOONE|CENTER16,7,1.000000000000,Boone,011
BOONE|CENTER17,7,1.000000000000,Boone,011
BOONE|CENTER2,7,1.000000000000,Boone,011
BOONE|CENTER3,7,1.000000000000,Boone,011
BOONE|CENTER4,7,1.000000000000,Boone,011
BOONE|CENTER5,7,1.000000000000,Boone,011
BOONE|CENTER6,7,1.000000000000,Boone,011
BOONE|CENTER7,7,1.000000000000,Boone,011
BOONE|CENTER8,7,1.000000000000,Boone,011
BOONE|CENTER9,7,1.000000000000,Boone,011
BOONE|CLINTON,7,1.000000000000,Boone,011
BOONE|EAGLE1,29,1.000000000000,Boone,011
BOONE|EAGLE10,7,0.000340478026,Boone,011
BOONE|EAGLE10,29,0.999659521974,Boone,011
BOONE|EAGLE11,29,1.000000000000,Boone,011
BOONE|EAGLE12,29,1.000000000000,Boone,011
BOONE|EAGLE13,7,0.999483519664,Boone,011
BOONE|EAGLE13,29,0.000516480336,Boone,011
BOONE|EAGLE14,29,1.000000000000,Boone,011
BOONE|EAGLE15,29,1.000000000000,Boone,011
BOONE|EAGLE16,29,0.998624157591,Boone,011
BOONE|EAGLE16,30,0.001375842409,Boone,011
BOONE|EAGLE17,29,1.000000000000,Boone,011
BOONE|EAGLE18,29,1.000000000000,Boone,011
BOONE|EAGLE19,7,0.999899463293,Boone,011
BOONE|EAGLE19,29,0.000100536707,Boone,011
BOONE|EAGLE2,29,1.000000000000,Boone,011
BOONE|EAGLE20,7,0.999941383513,Boone,011
BOONE|EAGLE20,29,0.000058616487,Boone,011
BOONE|EAGLE3,29,1.000000000000,Boone,011
BOONE|EAGLE4,29,1.000000000000,Boone,011
BOONE|EAGLE5,7,0.000651757289,Boone,011
BOONE|EAGLE5,29,0.999348242711,Boone,011
BOONE|EAGLE6,7,0.000160657144,Boone,011
BOONE|EAGLE6,29,0.999839342856,Boone,011
BOONE|EAGLE7,7,0.000578673227,Boone,011
BOONE|EAGLE7,29,0.999421326773,Boone,011
BOONE|EAGLE8,29,1.000000000000,Boone,011
BOONE|EAGLE9,7,0.000000135300,Boone,011
BOONE|EAGLE9,29,0.999999864700,Boone,011
BOONE|HARRISON,7,1.000000000000,Boone,011
BOONE|JACKSON1,7,1.000000000000,Boone,011
BOONE|JACKSON2,7,1.000000000000,Boone,011
BOONE|JACKSON3,7,1.000000000000,Boone,011
BOONE|JEFFERSON,7,1.000000000000,Boone,011
BOONE|MARION1,7,0.999946475107,Boone,011
BOONE|MARION1,21,0.000053524893,Boone,011
BOONE|MARION2,7,0.999994945202,Boone,011
BOONE|MARION2,21,0.000005054798,Boone,011
BOONE|PERRY,7,1.000000000000,Boone,011
BOONE|SUGARCREEK1,7,1.000000000000,Boone,011
BOONE|SUGARCREEK2,7,1.000000000000,Boone,011
BOONE|UNION1,7,0.999944801758,Boone,011
BOONE|UNION1,21,0.000003640378,Boone,011
BOONE|UNION1,29,0.000051557864,Boone,011
BOONE|UNION2,7,0.999934079076,Boone,011
BOONE|UNION2,29,0.000065920924,Boone,011
BOONE|WASHINGTON,7,1.000000000000,Boone,011
BOONE|WORTH1,7,1.000000000000,Boone,011
BOONE|WORTH2,7,0.999928402052,Boone,011
BOONE|WORTH2,29,0.000071597948,Boone,011
BROWN|HAMBLEN1,41,0.000009553880,Brown,013
BROWN|HAMBLEN1,44,0.999990446120,Brown,013
BROWN|HAMBLEN2,37,0.000045041651,Brown,013
BROWN|HAMBLEN2,41,0.000066154283,Brown,013
BROWN|HAMBLEN2,44,0.999888804066,Brown,013
BROWN|HAMBLEN3,41,0.000118917495,Brown,013
BROWN|HAMBLEN3,44,0.999881082505,Brown,013
BROWN|JACKSON1,37,0.000050558927,Brown,013
BROWN|JACKSON1,44,0.999949441073,Brown,013
BROWN|JACKSON2,44,1.000000000000,Brown,013
BROWN|JACKSON3,37,0.000062920245,Brown,013
BROWN|JACKSON3,44,0.999937079755,Brown,013
BROWN|JACKSON4,37,0.000014169288,Brown,013
BROWN|JACKSON4,40,0.000052754554,Brown,013
BROWN|JACKSON4,44,0.999933076158,Brown,013
BROWN|VANBUREN1,41,0.000014213947,Brown,013
BROWN|VANBUREN1,44,0.999985786053,Brown,013
BROWN|WASHINGTON1,41,0.000006602482,Brown,013
BROWN|WASHINGTON1,44,0.999993397518,Brown,013
BROWN|WASHINGTON2,44,1.000000000000,Brown,013
BROWN|WASHINGTON3,44,1.000000000000,Brown,013
BROWN|WASHINGTON4,44,1.000000000000,Brown,013
CARROLL|ADAMS,5,0.000056319848,Carroll,015
CARROLL|ADAMS,18,0.000023977430,Carroll,015
CARROLL|ADAMS,22,0.999919702722,Carroll,015
CARROLL|BURLINGTON,7,0.000065668151,Carroll,015
CARROLL|BURLINGTON,18,0.000005671228,Carroll,015
CARROLL|BURLINGTON,22,0.999928660621,Carroll,015
CARROLL|CARROLLTON,18,0.000040155007,Carroll,015
CARROLL|CARROLLTON,22,0.999959844993,Carroll,015
CARROLL|CLAY,7,0.000119875823,Carroll,015
CARROLL|CLAY,22,0.999880124177,Carroll,015
CARROLL|DEERCREEKI,22,1.000000000000,Carroll,015
CARROLL|DEERCREEKIII,22,1.000000000000,Carroll,015
CARROLL|DEERCREEKV,22,1.000000000000,Carroll,015
CARROLL|DEMOCRAT,7,0.000082057398,Carroll,015
CARROLL|DEMOCRAT,22,0.999917942602,Carroll,015
CARROLL|JACKSON,22,1.000000000000,Carroll,015
CARROLL|JEFFERSONI,5,0.000467309386,Carroll,015
CARROLL|JEFFERSONI,22,0.999532690614,Carroll,015
CARROLL|JEFFERSONII,5,0.000307423987,Carroll,015
CARROLL|JEFFERSONII,22,0.999692576013,Carroll,015
CARROLL|LIBERTY,18,0.000039931353,Carroll,015
CARROLL|LIBERTY,22,0.999960068647,Carroll,015
CARROLL|MADISON,22,1.000000000000,Carroll,015
CARROLL|MONROEI,22,1.000000000000,Carroll,015
CARROLL|MONROEII,22,1.000000000000,Carroll,015
CARROLL|ROCKCREEK,22,1.000000000000,Carroll,015
CARROLL|TIPPECANOEI,22,1.000000000000,Carroll,015
CARROLL|TIPPECANOEII,5,0.000080960246,Carroll,015
CARROLL|TIPPECANOEII,22,0.999919039754,Carroll,015
CARROLL|WASHINGTON,18,0.000062948557,Carroll,015
CARROLL|WASHINGTON,22,0.999937051443,Carroll,015
CASS|1,18,1.000000000000,Cass,017
CASS|10,18,1.000000000000,Cass,017
CASS|11,18,1.000000000000,Cass,017
CASS|12,18,1.000000000000,Cass,017
CASS|13,18,1.000000000000,Cass,017
CASS|14,18,1.000000000000,Cass,017
CASS|15,18,1.000000000000,Cass,017
CASS|16,18,1.000000000000,Cass,017
CASS|2,18,1.000000000000,Cass,017
CASS|3,18,1.000000000000,Cass,017
CASS|4,18,1.000000000000,Cass,017
CASS|5,18,1.000000000000,Cass,017
CASS|6,18,1.000000000000,Cass,017
CASS|7,18,1.000000000000,Cass,017
CASS|8,18,1.000000000000,Cass,017
CASS|9,18,1.000000000000,Cass,017
CASS|ADAMS,18,1.000000000000,Cass,017
CASS|BETHLEHEM,18,1.000000000000,Cass,017
CASS|BOONE,5,0.000073089381,Cass,017
CASS|BOONE,18,0.999926910619,Cass,017
CASS|CLAY1,18,1.000000000000,Cass,017
CASS|CLAY2,18,1.000000000000,Cass,017
CASS|CLAY3,18,1.000000000000,Cass,017
CASS|CLAYCITY,18,1.000000000000,Cass,017
CASS|CLINTON,18,0.999900946812,Cass,017
CASS|CLINTON,22,0.000099053188,Cass,017
CASS|CLINTONCITYNV,18,1.000000000000,Cass,017
CASS|DEERCREEK,18,0.999938252581,Cass,017
CASS|DEERCREEK,22,0.000061747419,Cass,017
CASS|EELEAST,18,1.000000000000,Cass,017
CASS|EELWEST,18,1.000000000000,Cass,017
CASS|GALVESTON,18,1.000000000000,Cass,017
CASS|HARRISON,18,1.000000000000,Cass,017
CASS|JACKSON,18,1.000000000000,Cass,017
CASS|JEFFERSON,5,0.000050090944,Cass,017
CASS|JEFFERSON,18,0.999901106527,Cass,017
CASS|JEFFERSON,22,0.000048802529,Cass,017
CASS|MIAMI,18,1.000000000000,Cass,017
CASS|NOBLECITY,18,1.000000000000,Cass,017
CASS|NOBLENORTH,18,1.000000000000,Cass,017
CASS|NOBLESOUTH,18,1.000000000000,Cass,017
CASS|TIPTON1,18,1.000000000000,Cass,017
CASS|TIPTON2,18,1.000000000000,Cass,017
CASS|WASHINGTON,18,0.999992870122,Cass,017
CASS|WASHINGTON,22,0.000007129878,Cass,017
CASS|WASHINGTONCITY,18,1.000000000000,Cass,017
CLARK|BETHLEHEM,43,0.000065347976,Clark,019
CLARK|BETHLEHEM,45,0.999934652024,Clark,019
CLARK|CARR,45,0.999992858224,Clark,019
CLARK|CARR,47,0.000007141776,Clark,019
CLARK|CHARLESTOWN1,45,1.000000000000,Clark,019
CLARK|CHARLESTOWN2,45,1.000000000000,Clark,019
CLARK|CHARLESTOWN3,45,1.000000000000,Clark,019
CLARK|CHARLESTOWN4,45,1.000000000000,Clark,019
CLARK|CHARLESTOWN5,45,1.000000000000,Clark,019
CLARK|CHARLESTOWN6,45,1.000000000000,Clark,019
CLARK|CHARLESTOWN7,45,1.000000000000,Clark,019
CLARK|CHARLESTOWN8,45,1.000000000000,Clark,019
CLARK|JEFFERSONVILLE1,45,1.000000000000,Clark,019
CLARK|JEFFERSONVILLE10,45,1.000000000000,Clark,019
CLARK|JEFFERSONVILLE11,45,1.000000000000,Clark,019
CLARK|JEFFERSONVILLE11A,45,1.000000000000,Clark,019
CLARK|JEFFERSONVILLE12,45,1.000000000000,Clark,019
CLARK|JEFFERSONVILLE13,45,1.000000000000,Clark,019
CLARK|JEFFERSONVILLE14,45,1.000000000000,Clark,019
CLARK|JEFFERSONVILLE15,45,1.000000000000,Clark,019
CLARK|JEFFERSONVILLE16,45,1.000000000000,Clark,019
CLARK|JEFFERSONVILLE17,45,1.000000000000,Clark,019
CLARK|JEFFERSONVILLE18,45,1.000000000000,Clark,019
CLARK|JEFFERSONVILLE2,45,1.000000000000,Clark,019
CLARK|JEFFERSONVILLE20,45,1.000000000000,Clark,019
CLARK|JEFFERSONVILLE21,45,1.000000000000,Clark,019
CLARK|JEFFERSONVILLE22,45,1.000000000000,Clark,019
CLARK|JEFFERSONVILLE23,45,1.000000000000,Clark,019
CLARK|JEFFERSONVILLE24,45,1.000000000000,Clark,019
CLARK|JEFFERSONVILLE25,45,1.000000000000,Clark,019
CLARK|JEFFERSONVILLE27,45,0.999817960028,Clark,019
CLARK|JEFFERSONVILLE27,47,0.000182039972,Clark,019
CLARK|JEFFERSONVILLE3,45,1.000000000000,Clark,019
CLARK|JEFFERSONVILLE30,45,1.000000000000,Clark,019
CLARK|JEFFERSONVILLE31,45,1.000000000000,Clark,019
CLARK|JEFFERSONVILLE32,45,0.999835362954,Clark,019
CLARK|JEFFERSONVILLE32,47,0.000164637046,Clark,019
CLARK|JEFFERSONVILLE33,45,1.000000000000,Clark,019
CLARK|JEFFERSONVILLE34,45,1.000000000000,Clark,019
CLARK|JEFFERSONVILLE35,45,1.000000000000,Clark,019
CLARK|JEFFERSONVILLE36,45,1.000000000000,Clark,019
CLARK|JEFFERSONVILLE37,45,0.999652655067,Clark,019
CLARK|JEFFERSONVILLE37,47,0.000347344933,Clark,019
CLARK|JEFFERSONVILLE38,45,1.000000000000,Clark,019
CLARK|JEFFERSONVILLE39,45,1.000000000000,Clark,019
CLARK|JEFFERSONVILLE4,45,1.000000000000,Clark,019
CLARK|JEFFERSONVILLE40,45,1.000000000000,Clark,019
CLARK|JEFFERSONVILLE41,45,1.000000000000,Clark,019
CLARK|JEFFERSONVILLE42,45,1.000000000000,Clark,019
CLARK|JEFFERSONVILLE5,45,1.000000000000,Clark,019
CLARK|JEFFERSONVILLE6,45,1.000000000000,Clark,019
CLARK|JEFFERSONVILLE7,45,1.000000000000,Clark,019
CLARK|JEFFERSONVILLE8,45,1.000000000000,Clark,019
CLARK|JEFFERSONVILLE9,45,1.000000000000,Clark,019
CLARK|MONROE1,43,0.000071017490,Clark,019
CLARK|MONROE1,45,0.999928982510,Clark,019
CLARK|MONROE2,45,0.999940096906,Clark,019
CLARK|MONROE2,47,0.000059903094,Clark,019
CLARK|MONROE3,43,0.000142323256,Clark,019
CLARK|MONROE3,45,0.999857676744,Clark,019
CLARK|OREGON1,43,0.000026931998,Clark,019
CLARK|OREGON1,45,0.999973068002,Clark,019
CLARK|OWEN,45,1.000000000000,Clark,019
CLARK|SILVERCREEK1,45,1.000000000000,Clark,019
CLARK|SILVERCREEK2,45,1.000000000000,Clark,019
CLARK|SILVERCREEK3,45,1.000000000000,Clark,019
CLARK|SILVERCREEK4,45,1.000000000000,Clark,019
CLARK|SILVERCREEK5,45,1.000000000000,Clark,019
CLARK|SILVERCREEK6,45,0.999986105525,Clark,019
CLARK|SILVERCREEK6,47,0.000013894475,Clark,019
CLARK|SILVERCREEK7,45,1.000000000000,Clark,019
CLARK|SILVERCREEKCLARKVILLE43,45,1.000000000000,Clark,019
CLARK|UNION1,45,1.000000000000,Clark,019
CLARK|UTICA1,45,1.000000000000,Clark,019
CLARK|UTICA2,45,1.000000000000,Clark,019
CLARK|UTICA3,45,1.000000000000,Clark,019
CLARK|UTICA4,45,1.000000000000,Clark,019
CLARK|UTICAJEFFCITY19,45,1.000000000000,Clark,019
CLARK|WASHINGTON1,43,0.000114556890,Clark,019
CLARK|WASHINGTON1,45,0.999885443110,Clark,019
CLARK|WOODTWP1,45,1.000000000000,Clark,019
CLARK|WOODTWP2,45,0.999931568276,Clark,019
CLARK|WOODTWP2,47,0.000068431724,Clark,019
CLARK|WOODTWP3,45,0.999864194513,Clark,019
CLARK|WOODTWP3,47,0.000135805487,Clark,019
CLAY|BRAZIL1,38,1.000000000000,Clay,021
CLAY|BRAZIL2,38,1.000000000000,Clay,021
CLAY|BRAZIL3,38,1.000000000000,Clay,021
CLAY|BRAZIL4,38,1.000000000000,Clay,021
CLAY|BRAZIL5,38,1.000000000000,Clay,021
CLAY|BRAZIL6,38,1.000000000000,Clay,021
CLAY|CASS,37,0.000135742867,Clay,021
CLAY|CASS,38,0.999864257133,Clay,021
CLAY|DICKJOHNSON,23,0.000015212946,Clay,021
CLAY|DICKJOHNSON,38,0.999984787054,Clay,021
CLAY|DICKJOHNSONNV,38,1.000000000000,Clay,021
CLAY|HARRISON1,38,1.000000000000,Clay,021
CLAY|HARRISON2,38,0.999944517694,Clay,021
CLAY|HARRISON2,39,0.000055482306,Clay,021
CLAY|JACKSON1,37,0.000033741556,Clay,021
CLAY|JACKSON1,38,0.999966258444,Clay,021
CLAY|JACKSON2,38,1.000000000000,Clay,021
CLAY|JACKSON3,38,1.000000000000,Clay,021
CLAY|LEWIS,38,0.999954392587,Clay,021
CLAY|LEWIS,39,0.000045607413,Clay,021
CLAY|PERRY,38,1.000000000000,Clay,021
CLAY|POSEY1,38,1.000000000000,Clay,021
CLAY|POSEY2,38,1.000000000000,Clay,021
CLAY|POSEY3,38,1.000000000000,Clay,021
CLAY|SUGARRIDGE,38,1.000000000000,Clay,021
CLAY|VANBUREN1,23,0.000152418576,Clay,021
CLAY|VANBUREN1,37,0.000036120153,Clay,021
CLAY|VANBUREN1,38,0.999811461270,Clay,021
CLAY|VANBUREN2,38,1.000000000000,Clay,021
CLAY|VANBUREN3,37,0.000021469310,Clay,021
CLAY|VANBUREN3,38,0.999978530690,Clay,021
CLAY|WASHINGTON,37,0.000001998724,Clay,021
CLAY|WASHINGTON,38,0.999907115016,Clay,021
CLAY|WASHINGTON,39,0.000090886260,Clay,021
CLINTON|PRECINCT1,7,1.000000000000,Clinton,023
CLINTON|PRECINCT10,7,1.000000000000,Clinton,023
CLINTON|PRECINCT11,7,1.000000000000,Clinton,023
CLINTON|PRECINCT12,7,1.000000000000,Clinton,023
CLINTON|PRECINCT13,7,1.000000000000,Clinton,023
CLINTON|PRECINCT14,7,1.000000000000,Clinton,023
CLINTON|PRECINCT15,7,1.000000000000,Clinton,023
CLINTON|PRECINCT16,7,1.000000000000,Clinton,023
CLINTON|PRECINCT17,7,1.000000000000,Clinton,023
CLINTON|PRECINCT18,7,1.000000000000,Clinton,023
CLINTON|PRECINCT19,7,1.000000000000,Clinton,023
CLINTON|PRECINCT2,7,1.000000000000,Clinton,023
CLINTON|PRECINCT20,7,1.000000000000,Clinton,023
CLINTON|PRECINCT21,7,0.999926567561,Clinton,023
CLINTON|PRECINCT21,21,0.000073432439,Clinton,023
CLINTON|PRECINCT22,7,1.000000000000,Clinton,023
CLINTON|PRECINCT23,7,1.000000000000,Clinton,023
CLINTON|PRECINCT24,7,0.999990732789,Clinton,023
CLINTON|PRECINCT24,21,0.000009267211,Clinton,023
CLINTON|PRECINCT25,7,1.000000000000,Clinton,023
CLINTON|PRECINCT26,7,1.000000000000,Clinton,023
CLINTON|PRECINCT27,7,1.000000000000,Clinton,023
CLINTON|PRECINCT28,7,0.999927112243,Clinton,023
CLINTON|PRECINCT28,22,0.000072887757,Clinton,023
CLINTON|PRECINCT29,7,1.000000000000,Clinton,023
CLINTON|PRECINCT3,7,1.000000000000,Clinton,023
CLINTON|PRECINCT30,7,1.000000000000,Clinton,023
CLINTON|PRECINCT31,7,0.999974514730,Clinton,023
CLINTON|PRECINCT31,22,0.000025485270,Clinton,023
CLINTON|PRECINCT32,7,1.000000000000,Clinton,023
CLINTON|PRECINCT33,7,0.999995108362,Clinton,023
CLINTON|PRECINCT33,22,0.000004891638,Clinton,023
CLINTON|PRECINCT34,7,1.000000000000,Clinton,023
CLINTON|PRECINCT35,7,0.999863391080,Clinton,023
CLINTON|PRECINCT35,22,0.000136608920,Clinton,023
CLINTON|PRECINCT36,7,0.999992544841,Clinton,023
CLINTON|PRECINCT36,21,0.000007455159,Clinton,023
CLINTON|PRECINCT37,7,1.000000000000,Clinton,023
CLINTON|PRECINCT38,7,0.999966253575,Clinton,023
CLINTON|PRECINCT38,22,0.000033746425,Clinton,023
CLINTON|PRECINCT39,7,0.999987005946,Clinton,023
CLINTON|PRECINCT39,22,0.000012994054,Clinton,023
CLINTON|PRECINCT4,7,1.000000000000,Clinton,023
CLINTON|PRECINCT5,7,1.000000000000,Clinton,023
CLINTON|PRECINCT6,7,1.000000000000,Clinton,023
CLINTON|PRECINCT7,7,1.000000000000,Clinton,023
CLINTON|PRECINCT8,7,1.000000000000,Clinton,023
CLINTON|PRECINCT9,7,1.000000000000,Clinton,023
CRAWFORD|BOONE,48,1.000000000000,Crawford,025
CRAWFORD|JENNINGS1,47,0.000572892988,Crawford,025
CRAWFORD|JENNINGS1,48,0.999427107012,Crawford,025
CRAWFORD|JENNINGS2,48,1.000000000000,Crawford,025
CRAWFORD|JOHNSON1,48,1.000000000000,Crawford,025
CRAWFORD|JOHNSON2,48,1.000000000000,Crawford,025
CRAWFORD|LIBERTY1,44,0.000031381384,Crawford,025
CRAWFORD|LIBERTY1,48,0.999968618616,Crawford,025
CRAWFORD|LIBERTY2,48,1.000000000000,Crawford,025
CRAWFORD|OHIO1,48,1.000000000000,Crawford,025
CRAWFORD|OHIO2,48,1.000000000000,Crawford,025
CRAWFORD|PATOKA1,44,0.000038225475,Crawford,025
CRAWFORD|PATOKA1,48,0.999961774525,Crawford,025
CRAWFORD|PATOKA2,44,0.000001074695,Crawford,025
CRAWFORD|PATOKA2,48,0.999998925305,Crawford,025
CRAWFORD|STERLING1,44,0.000027486086,Crawford,025
CRAWFORD|STERLING1,48,0.999972513914,Crawford,025
CRAWFORD|STERLING2,44,0.000000180192,Crawford,025
CRAWFORD|STERLING2,48,0.999999819808,Crawford,025
CRAWFORD|STERLING3,48,1.000000000000,Crawford,025
CRAWFORD|UNION1,48,1.000000000000,Crawford,025
CRAWFORD|UNION2,48,1.000000000000,Crawford,025
CRAWFORD|WHISKEYRUN1,44,0.000001433489,Crawford,025
CRAWFORD|WHISKEYRUN1,47,0.001510912502,Crawford,025
CRAWFORD|WHISKEYRUN1,48,0.998487654008,Crawford,025
CRAWFORD|WHISKEYRUN2,47,0.001348715330,Crawford,025
CRAWFORD|WHISKEYRUN2,48,0.998651284670,Crawford,025
DAVIESS|BARR1,39,1.000000000000,Daviess,027
DAVIESS|BARR2,39,1.000000000000,Daviess,027
DAVIESS|BOGARD1,39,1.000000000000,Daviess,027
DAVIESS|ELMORE1,39,1.000000000000,Daviess,027
DAVIESS|ELMORE2,39,1.000000000000,Daviess,027
DAVIESS|HARRISON1,39,0.999629490331,Daviess,027
DAVIESS|HARRISON1,48,0.000370509669,Daviess,027
DAVIESS|MADISON1,39,1.000000000000,Daviess,027
DAVIESS|MADISON2,39,1.000000000000,Daviess,027
DAVIESS|MADISON3,39,1.000000000000,Daviess,027
DAVIESS|REEVE1,39,0.999976857038,Daviess,027
DAVIESS|REEVE1,48,0.000023142962,Daviess,027
DAVIESS|STEELE1,39,1.000000000000,Daviess,027
DAVIESS|VANBUREN1,39,1.000000000000,Daviess,027
DAVIESS|VEALE1,39,0.999830477129,Daviess,027
DAVIESS|VEALE1,48,0.000169522871,Daviess,027
DAVIESS|WASHINGTON1,39,1.000000000000,Daviess,027
DAVIESS|WASHINGTON10,39,1.000000000000,Daviess,027
DAVIESS|WASHINGTON11,39,1.000000000000,Daviess,027
DAVIESS|WASHINGTON12,39,1.000000000000,Daviess,027
DAVIESS|WASHINGTON13,39,1.000000000000,Daviess,027
DAVIESS|WASHINGTON14,39,1.000000000000,Daviess,027
DAVIESS|WASHINGTON15,39,1.000000000000,Daviess,027
DAVIESS|WASHINGTON2,39,1.000000000000,Daviess,027
DAVIESS|WASHINGTON3,39,1.000000000000,Daviess,027
DAVIESS|WASHINGTON4,39,1.000000000000,Daviess,027
DAVIESS|WASHINGTON5,39,1.000000000000,Daviess,027
DAVIESS|WASHINGTON6,39,1.000000000000,Daviess,027
DAVIESS|WASHINGTON7,39,1.000000000000,Daviess,027
DAVIESS|WASHINGTON8,39,1.000000000000,Daviess,027
DAVIESS|WASHINGTON9,39,1.000000000000,Daviess,027
DEARBORN|CAESARCREEK1,42,0.000033612559,Dearborn,029
DEARBORN|CAESARCREEK1,43,0.999966387441,Dearborn,029
DEARBORN|CENTER1,43,1.000000000000,Dearborn,029
DEARBORN|CENTER2,43,1.000000000000,Dearborn,029
DEARBORN|CENTER3,43,1.000000000000,Dearborn,029
DEARBORN|CENTER4,43,1.000000000000,Dearborn,029
DEARBORN|CENTER5,43,1.000000000000,Dearborn,029
DEARBORN|CENTER6,43,1.000000000000,Dearborn,029
DEARBORN|CLAY1,43,1.000000000000,Dearborn,029
DEARBORN|CLAY2,43,1.000000000000,Dearborn,029
DEARBORN|CLAY3,42,0.000006822202,Dearborn,029
DEARBORN|CLAY3,43,0.999993177798,Dearborn,029
DEARBORN|GREENDALE1,43,1.000000000000,Dearborn,029
DEARBORN|GREENDALE2,43,1.000000000000,Dearborn,029
DEARBORN|GREENDALE3,43,1.000000000000,Dearborn,029
DEARBORN|GREENDALE4,43,1.000000000000,Dearborn,029
DEARBORN|GREENDALE5,43,1.000000000000,Dearborn,029
DEARBORN|HARRISON1,43,1.000000000000,Dearborn,029
DEARBORN|HARRISON2,43,1.000000000000,Dearborn,029
DEARBORN|HARRISON3,27,0.000007432114,Dearborn,029
DEARBORN|HARRISON3,43,0.999992567886,Dearborn,029
DEARBORN|HOGAN1,43,1.000000000000,Dearborn,029
DEARBORN|JACKSON1,27,0.000055239093,Dearborn,029
DEARBORN|JACKSON1,42,0.000020324289,Dearborn,029
DEARBORN|JACKSON1,43,0.999924436618,Dearborn,029
DEARBORN|KELSO1,27,0.000049285514,Dearborn,029
DEARBORN|KELSO1,43,0.999950714486,Dearborn,029
DEARBORN|KELSO2,43,1.000000000000,Dearborn,029
DEARBORN|KELSO3,43,1.000000000000,Dearborn,029
DEARBORN|LAWRENCEBURG1,43,1.000000000000,Dearborn,029
DEARBORN|LAWRENCEBURG2,43,1.000000000000,Dearborn,029
DEARBORN|LAWRENCEBURG3,43,1.000000000000,Dearborn,029
DEARBORN|LAWRENCEBURG4,43,1.000000000000,Dearborn,029
DEARBORN|LAWRENCEBURG8,43,1.000000000000,Dearborn,029
DEARBORN|LAWRENCEBURG9,43,1.000000000000,Dearborn,029
DEARBORN|LOGAN1,43,1.000000000000,Dearborn,029
DEARBORN|LOGAN2,27,0.000019594171,Dearborn,029
DEARBORN|LOGAN2,43,0.999980405829,Dearborn,029
DEARBORN|MANCHESTER1,43,1.000000000000,Dearborn,029
DEARBORN|MANCHESTER2,42,0.000067585302,Dearborn,029
DEARBORN|MANCHESTER2,43,0.999932414698,Dearborn,029
DEARBORN|MILLER1,43,1.000000000000,Dearborn,029
DEARBORN|MILLER2,43,1.000000000000,Dearborn,029
DEARBORN|MILLER3,43,1.000000000000,Dearborn,029
DEARBORN|MILLER4,43,1.000000000000,Dearborn,029
DEARBORN|MILLER5,43,1.000000000000,Dearborn,029
DEARBORN|MILLER6,43,1.000000000000,Dearborn,029
DEARBORN|MILLER7,43,1.000000000000,Dearborn,029
DEARBORN|SPARTA1,43,1.000000000000,Dearborn,029
DEARBORN|SPARTA2,42,0.000033616688,Dearborn,029
DEARBORN|SPARTA2,43,0.999966383312,Dearborn,029
DEARBORN|SPARTA3,42,0.000014486461,Dearborn,029
DEARBORN|SPARTA3,43,0.999985513539,Dearborn,029
DEARBORN|WASHINGTON1,43,1.000000000000,Dearborn,029
DEARBORN|YORK1,43,1.000000000000,Dearborn,029
DECATUR|ADAMSTOWNSHIP,42,1.000000000000,Decatur,031
DECATUR|CLAYTOWNSHIP,41,0.000071836185,Decatur,031
DECATUR|CLAYTOWNSHIP,42,0.999928163815,Decatur,031
DECATUR|CLINTONTOWNSHIP,42,1.000000000000,Decatur,031
DECATUR|FUGITTOWNSHIP,42,1.000000000000,Decatur,031
DECATUR|GREENSBURG1,42,1.000000000000,Decatur,031
DECATUR|GREENSBURG2,42,1.000000000000,Decatur,031
DECATUR|GREENSBURG3,42,1.000000000000,Decatur,031
DECATUR|GREENSBURG4,42,1.000000000000,Decatur,031
DECATUR|GREENSBURG5,42,1.000000000000,Decatur,031
DECATUR|GREENSBURG6,42,1.000000000000,Decatur,031
DECATUR|GREENSBURG7,42,1.000000000000,Decatur,031
DECATUR|GREENSBURG7ADAMSNV,42,1.000000000000,Decatur,031
DECATUR|GREENSBURG7CLAYNV,42,1.000000000000,Decatur,031
DECATUR|GREENSBURG8,42,1.000000000000,Decatur,031
DECATUR|JACKSONTOWNSHIP,41,0.000069253513,Decatur,031
DECATUR|JACKSONTOWNSHIP,42,0.999930746487,Decatur,031
DECATUR|MARIONTOWNSHIP,42,1.000000000000,Decatur,031
DECATUR|SALTCREEKTOWNSHIP,42,1.000000000000,Decatur,031
DECATUR|SANDCREEKNORTH,42,1.000000000000,Decatur,031
DECATUR|SANDCREEKSOUTH,42,1.000000000000,Decatur,031
DECATUR|STPAUL,42,1.000000000000,Decatur,031
DECATUR|WASHINGTONTOWNSHIP,42,1.000000000000,Decatur,031
DECATUR|WESTPORT,42,1.000000000000,Decatur,031
DEKALB|BUTLER1,13,0.999998216378,DeKalb,033
DEKALB|BUTLER1,15,0.000001783622,DeKalb,033
DEKALB|BUTLER2,13,0.999883071978,DeKalb,033
DEKALB|BUTLER2,14,0.000031573149,DeKalb,033
DEKALB|BUTLER2,15,0.000085354873,DeKalb,033
DEKALB|CONCORD,14,1.000000000000,DeKalb,033
DEKALB|FAIRFIELD,13,0.999962544429,DeKalb,033
DEKALB|FAIRFIELD,14,0.000037455571,DeKalb,033
DEKALB|FRANKLIN,13,0.000039334342,DeKalb,033
DEKALB|FRANKLIN,14,0.999960665658,DeKalb,033
DEKALB|GRANT1,14,1.000000000000,DeKalb,033
DEKALB|GRANT2,13,0.000024516120,DeKalb,033
DEKALB|GRANT2,14,0.999975483880,DeKalb,033
DEKALB|GRANT3,14,1.000000000000,DeKalb,033
DEKALB|JACKSONNORTH,13,0.000004297071,DeKalb,033
DEKALB|JACKSONNORTH,14,0.999995702929,DeKalb,033
DEKALB|JACKSONSOUTH,13,0.000052161521,DeKalb,033
DEKALB|JACKSONSOUTH,14,0.999947838479,DeKalb,033
DEKALB|KEYSER1,13,1.000000000000,DeKalb,033
DEKALB|KEYSER2,13,1.000000000000,DeKalb,033
DEKALB|KEYSER3,13,1.000000000000,DeKalb,033
DEKALB|KEYSER4,13,1.000000000000,DeKalb,033
DEKALB|KEYSER5,13,0.999891844294,DeKalb,033
DEKALB|KEYSER5,14,0.000108155706,DeKalb,033
DEKALB|KEYSER6,13,0.999866443766,DeKalb,033
DEKALB|KEYSER6,14,0.000133556234,DeKalb,033
DEKALB|NEWVILLE,14,1.000000000000,DeKalb,033
DEKALB|RICHLAND,13,0.999987054269,DeKalb,033
DEKALB|RICHLAND,14,0.000012945731,DeKalb,033
DEKALB|SMITHFIELDEAST,13,0.000056394664,DeKalb,033
DEKALB|SMITHFIELDEAST,14,0.999943605336,DeKalb,033
DEKALB|SMITHFIELDSOUTH,14,1.000000000000,DeKalb,033
DEKALB|SMITHFIELDWEST,13,0.000226502995,DeKalb,033
DEKALB|SMITHFIELDWEST,14,0.999773497005,DeKalb,033
DEKALB|SPENCER,14,1.000000000000,DeKalb,033
DEKALB|STAFFORD,14,1.000000000000,DeKalb,033
DEKALB|TROY,13,0.000001839511,DeKalb,033
DEKALB|TROY,14,0.999998160489,DeKalb,033
DEKALB|UNION1,14,1.000000000000,DeKalb,033
DEKALB|UNION10,14,1.000000000000,DeKalb,033
DEKALB|UNION11,14,1.000000000000,DeKalb,033
DEKALB|UNION2,14,1.000000000000,DeKalb,033
DEKALB|UNION3,14,1.000000000000,DeKalb,033
DEKALB|UNION4,13,0.000000219129,DeKalb,033
DEKALB|UNION4,14,0.999999780871,DeKalb,033
DEKALB|UNION5,14,1.000000000000,DeKalb,033
DEKALB|UNION6,13,0.000071828503,DeKalb,033
DEKALB|UNION6,14,0.999928171497,DeKalb,033
DEKALB|UNION7,14,1.000000000000,DeKalb,033
DEKALB|UNION8,14,1.000000000000,DeKalb,033
DEKALB|UNION9,13,0.000001478330,DeKalb,033
DEKALB|UNION9,14,0.999998521670,DeKalb,033
DEKALB|WILMINGTON1,14,1.000000000000,DeKalb,033
DEKALB|WILMINGTON2,14,1.000000000000,DeKalb,033
DEKALB|WILMINGTON3,14,1.000000000000,DeKalb,033
DEKALB|WILMINGTON4,14,1.000000000000,DeKalb,033
DELAWARE|PRECINCT1,26,1.000000000000,Delaware,035
DELAWARE|PRECINCT10,26,1.000000000000,Delaware,035
DELAWARE|PRECINCT11,26,1.000000000000,Delaware,035
DELAWARE|PRECINCT12,26,1.000000000000,Delaware,035
DELAWARE|PRECINCT13,26,1.000000000000,Delaware,035
DELAWARE|PRECINCT14,26,1.000000000000,Delaware,035
DELAWARE|PRECINCT15,26,1.000000000000,Delaware,035
DELAWARE|PRECINCT18,26,1.000000000000,Delaware,035
DELAWARE|PRECINCT19,26,1.000000000000,Delaware,035
DELAWARE|PRECINCT2,26,1.000000000000,Delaware,035
DELAWARE|PRECINCT20,26,1.000000000000,Delaware,035
DELAWARE|PRECINCT22,26,1.000000000000,Delaware,035
DELAWARE|PRECINCT23,26,1.000000000000,Delaware,035
DELAWARE|PRECINCT25,26,1.000000000000,Delaware,035
DELAWARE|PRECINCT26,26,1.000000000000,Delaware,035
DELAWARE|PRECINCT27,26,1.000000000000,Delaware,035
DELAWARE|PRECINCT28,26,1.000000000000,Delaware,035
DELAWARE|PRECINCT29,26,1.000000000000,Delaware,035
DELAWARE|PRECINCT3,26,1.000000000000,Delaware,035
DELAWARE|PRECINCT33,26,1.000000000000,Delaware,035
DELAWARE|PRECINCT34,26,1.000000000000,Delaware,035
DELAWARE|PRECINCT35,26,1.000000000000,Delaware,035
DELAWARE|PRECINCT36,26,1.000000000000,Delaware,035
DELAWARE|PRECINCT38,26,1.000000000000,Delaware,035
DELAWARE|PRECINCT39,26,1.000000000000,Delaware,035
DELAWARE|PRECINCT4,26,1.000000000000,Delaware,035
DELAWARE|PRECINCT40,26,1.000000000000,Delaware,035
DELAWARE|PRECINCT41,26,1.000000000000,Delaware,035
DELAWARE|PRECINCT42,26,1.000000000000,Delaware,035
DELAWARE|PRECINCT43,26,1.000000000000,Delaware,035
DELAWARE|PRECINCT44,26,1.000000000000,Delaware,035
DELAWARE|PRECINCT45,26,1.000000000000,Delaware,035
DELAWARE|PRECINCT46,26,1.000000000000,Delaware,035
DELAWARE|PRECINCT47,26,1.000000000000,Delaware,035
DELAWARE|PRECINCT48,26,1.000000000000,Delaware,035
DELAWARE|PRECINCT49,26,1.000000000000,Delaware,035
DELAWARE|PRECINCT5,26,1.000000000000,Delaware,035
DELAWARE|PRECINCT50,26,1.000000000000,Delaware,035
DELAWARE|PRECINCT51,26,0.999997009850,Delaware,035
DELAWARE|PRECINCT51,27,0.000002990150,Delaware,035
DELAWARE|PRECINCT52,25,0.000013646791,Delaware,035
DELAWARE|PRECINCT52,26,0.999949231263,Delaware,035
DELAWARE|PRECINCT52,27,0.000037121946,Delaware,035
DELAWARE|PRECINCT53,26,1.000000000000,Delaware,035
DELAWARE|PRECINCT54,26,1.000000000000,Delaware,035
DELAWARE|PRECINCT55,26,1.000000000000,Delaware,035
DELAWARE|PRECINCT56,26,1.000000000000,Delaware,035
DELAWARE|PRECINCT57,17,0.000038059447,Delaware,035
DELAWARE|PRECINCT57,25,0.000004165988,Delaware,035
DELAWARE|PRECINCT57,26,0.999957774565,Delaware,035
DELAWARE|PRECINCT58,26,1.000000000000,Delaware,035
DELAWARE|PRECINCT59,26,1.000000000000,Delaware,035
DELAWARE|PRECINCT6,26,1.000000000000,Delaware,035
DELAWARE|PRECINCT60,26,1.000000000000,Delaware,035
DELAWARE|PRECINCT61,19,0.000123166438,Delaware,035
DELAWARE|PRECINCT61,26,0.999876833562,Delaware,035
DELAWARE|PRECINCT62,26,0.999950047045,Delaware,035
DELAWARE|PRECINCT62,27,0.000049952955,Delaware,035
DELAWARE|PRECINCT63,26,1.000000000000,Delaware,035
DELAWARE|PRECINCT64,26,1.000000000000,Delaware,035
DELAWARE|PRECINCT65,26,1.000000000000,Delaware,035
DELAWARE|PRECINCT66,26,1.000000000000,Delaware,035
DELAWARE|PRECINCT67,19,0.000122145381,Delaware,035
DELAWARE|PRECINCT67,26,0.999877854619,Delaware,035
DELAWARE|PRECINCT68,26,1.000000000000,Delaware,035
DELAWARE|PRECINCT69,26,1.000000000000,Delaware,035
DELAWARE|PRECINCT7,26,1.000000000000,Delaware,035
DELAWARE|PRECINCT70,26,1.000000000000,Delaware,035
DELAWARE|PRECINCT71,25,0.000034102332,Delaware,035
DELAWARE|PRECINCT71,26,0.999965897668,Delaware,035
DELAWARE|PRECINCT73,26,0.999964031303,Delaware,035
DELAWARE|PRECINCT73,27,0.000035968697,Delaware,035
DELAWARE|PRECINCT74,26,1.000000000000,Delaware,035
DELAWARE|PRECINCT75,26,1.000000000000,Delaware,035
DELAWARE|PRECINCT77,19,0.000007818886,Delaware,035
DELAWARE|PRECINCT77,26,0.999992181114,Delaware,035
DELAWARE|PRECINCT78,25,0.000023390936,Delaware,035
DELAWARE|PRECINCT78,26,0.999976609064,Delaware,035
DELAWARE|PRECINCT8,26,1.000000000000,Delaware,035
DELAWARE|PRECINCT81,26,1.000000000000,Delaware,035
DELAWARE|PRECINCT87,26,1.000000000000,Delaware,035
DELAWARE|PRECINCT88,26,1.000000000000,Delaware,035
DELAWARE|PRECINCT9,26,1.000000000000,Delaware,035
DELAWARE|PRECINCT90,26,1.000000000000,Delaware,035
DELAWARE|PRECINCT91,26,1.000000000000,Delaware,035
DELAWARE|PRECINCT92,26,1.000000000000,Delaware,035
DELAWARE|PRECINCT93,26,1.000000000000,Delaware,035
DELAWARE|PRECINCT94,25,0.000031681834,Delaware,035
DELAWARE|PRECINCT94,26,0.999968318166,Delaware,035
DELAWARE|PRECINCT95,26,1.000000000000,Delaware,035
DELAWARE|PRECINCT98,26,1.000000000000,Delaware,035
DUBOIS|BAINBRIDGE02E,48,1.000000000000,Dubois,037
DUBOIS|BAINBRIDGE02W,48,1.000000000000,Dubois,037
DUBOIS|BAINBRIDGE03E,48,1.000000000000,Dubois,037
DUBOIS|BAINBRIDGE03W,48,1.000000000000,Dubois,037
DUBOIS|BAINBRIDGE04N,48,1.000000000000,Dubois,037
DUBOIS|BAINBRIDGE04S,48,1.000000000000,Dubois,037
DUBOIS|BAINBRIDGE05N,48,1.000000000000,Dubois,037
DUBOIS|BAINBRIDGE05S,48,1.000000000000,Dubois,037
DUBOIS|BAINBRIDGE06N,48,1.000000000000,Dubois,037
DUBOIS|BAINBRIDGE06S,48,1.000000000000,Dubois,037
DUBOIS|BAINBRIDGE1,48,1.000000000000,Dubois,037
DUBOIS|BAINBRIDGE7,48,1.000000000000,Dubois,037
DUBOIS|BOONE1,39,0.000116707169,Dubois,037
DUBOIS|BOONE1,48,0.999883292831,Dubois,037
DUBOIS|BOONEJASPER,48,1.000000000000,Dubois,037
DUBOIS|CASS1,48,1.000000000000,Dubois,037
DUBOIS|CASS2,48,1.000000000000,Dubois,037
DUBOIS|CASS3,48,0.999963992762,Dubois,037
DUBOIS|CASS3,50,0.000036007238,Dubois,037
DUBOIS|COLUMBIA1,39,0.000027786916,Dubois,037
DUBOIS|COLUMBIA1,44,0.000000559291,Dubois,037
DUBOIS|COLUMBIA1,48,0.999971653793,Dubois,037
DUBOIS|FERDINAND1,48,1.000000000000,Dubois,037
DUBOIS|FERDINAND2,48,1.000000000000,Dubois,037
DUBOIS|FERDINAND3,48,1.000000000000,Dubois,037
DUBOIS|HALL1,44,0.000001083948,Dubois,037
DUBOIS|HALL1,48,0.999998916052,Dubois,037
DUBOIS|HARBISON1,39,0.000033717281,Dubois,037
DUBOIS|HARBISON1,48,0.999966282719,Dubois,037
DUBOIS|HARBISON2,39,0.000015990772,Dubois,037
DUBOIS|HARBISON2,48,0.999984009228,Dubois,037
DUBOIS|JACKSON1,48,1.000000000000,Dubois,037
DUBOIS|JACKSON2,48,1.000000000000,Dubois,037
DUBOIS|JEFFERSON1,48,1.000000000000,Dubois,037
DUBOIS|JEFFERSON2,48,1.000000000000,Dubois,037
DUBOIS|MADISON1,48,1.000000000000,Dubois,037
DUBOIS|MADISON2,48,1.000000000000,Dubois,037
DUBOIS|MADISONJASPERN,48,1.000000000000,Dubois,037
DUBOIS|MADISONJASPERS,48,1.000000000000,Dubois,037
DUBOIS|MARION1,48,1.000000000000,Dubois,037
DUBOIS|MARION2,48,1.000000000000,Dubois,037
DUBOIS|PATOKA1,48,1.000000000000,Dubois,037
DUBOIS|PATOKA2,48,1.000000000000,Dubois,037
DUBOIS|PATOKA3,48,1.000000000000,Dubois,037
DUBOIS|PATOKA4,48,1.000000000000,Dubois,037
DUBOIS|PATOKA5,48,1.000000000000,Dubois,037
DUBOIS|PATOKA6,48,1.000000000000,Dubois,037
ELKHART|BAUGO1,9,0.000000327513,Elkhart,039
ELKHART|BAUGO1,11,0.000214929241,Elkhart,039
ELKHART|BAUGO1,12,0.999784743247,Elkhart,039
ELKHART|BAUGO2,9,0.000062458548,Elkhart,039
ELKHART|BAUGO2,12,0.999937541452,Elkhart,039
ELKHART|BAUGO3,12,1.000000000000,Elkhart,039
ELKHART|BAUGO4,9,0.000069351922,Elkhart,039
ELKHART|BAUGO4,12,0.999930648078,Elkhart,039
ELKHART|BAUGO5,12,1.000000000000,Elkhart,039
ELKHART|BAUGO6,12,1.000000000000,Elkhart,039
ELKHART|BAUGO7,9,0.000258272308,Elkhart,039
ELKHART|BAUGO7,12,0.999741727692,Elkhart,039
ELKHART|BENTON1,9,0.999831372854,Elkhart,039
ELKHART|BENTON1,12,0.000131956554,Elkhart,039
ELKHART|BENTON1,13,0.000036670593,Elkhart,039
ELKHART|BENTON2,9,0.999993976865,Elkhart,039
ELKHART|BENTON2,13,0.000006023135,Elkhart,039
ELKHART|CLEVELAND1,11,1.000000000000,Elkhart,039
ELKHART|CLEVELAND2,11,1.000000000000,Elkhart,039
ELKHART|CLEVELAND3,11,1.000000000000,Elkhart,039
ELKHART|CLEVELAND4,11,1.000000000000,Elkhart,039
ELKHART|CLEVELAND5,11,1.000000000000,Elkhart,039
ELKHART|CLEVELAND6,9,0.000002861343,Elkhart,039
ELKHART|CLEVELAND6,11,0.999898912661,Elkhart,039
ELKHART|CLEVELAND6,12,0.000098225996,Elkhart,039
ELKHART|CLEVELAND7,11,0.999910037568,Elkhart,039
ELKHART|CLEVELAND7,12,0.000089962432,Elkhart,039
ELKHART|CLINTON1,9,0.000016175589,Elkhart,039
ELKHART|CLINTON1,12,0.999963878767,Elkhart,039
ELKHART|CLINTON1,13,0.000019945644,Elkhart,039
ELKHART|CONCORD1,11,0.000360747179,Elkhart,039
ELKHART|CONCORD1,12,0.999639252821,Elkhart,039
ELKHART|CONCORD10,12,1.000000000000,Elkhart,039
ELKHART|CONCORD11,12,1.000000000000,Elkhart,039
ELKHART|CONCORD12,12,1.000000000000,Elkhart,039
ELKHART|CONCORD13,12,1.000000000000,Elkhart,039
ELKHART|CONCORD14,12,1.000000000000,Elkhart,039
ELKHART|CONCORD15,12,1.000000000000,Elkhart,039
ELKHART|CONCORD16,12,1.000000000000,Elkhart,039
ELKHART|CONCORD17,12,1.000000000000,Elkhart,039
ELKHART|CONCORD18,12,1.000000000000,Elkhart,039
ELKHART|CONCORD19,12,1.000000000000,Elkhart,039
ELKHART|CONCORD2,11,0.000306951278,Elkhart,039
ELKHART|CONCORD2,12,0.999693048722,Elkhart,039
ELKHART|CONCORD20,12,1.000000000000,Elkhart,039
ELKHART|CONCORD21,12,1.000000000000,Elkhart,039
ELKHART|CONCORD22,12,1.000000000000,Elkhart,039
ELKHART|CONCORD23,12,1.000000000000,Elkhart,039
ELKHART|CONCORD24,12,1.000000000000,Elkhart,039
ELKHART|CONCORD25,12,1.000000000000,Elkhart,039
ELKHART|CONCORD26,12,1.000000000000,Elkhart,039
ELKHART|CONCORD27,12,1.000000000000,Elkhart,039
ELKHART|CONCORD28,12,1.000000000000,Elkhart,039
ELKHART|CONCORD29,12,1.000000000000,Elkhart,039
ELKHART|CONCORD3,11,0.000064059647,Elkhart,039
ELKHART|CONCORD3,12,0.999935940353,Elkhart,039
ELKHART|CONCORD30,12,1.000000000000,Elkhart,039
ELKHART|CONCORD31,12,1.000000000000,Elkhart,039
ELKHART|CONCORD32,12,1.000000000000,Elkhart,039
ELKHART|CONCORD33,12,1.000000000000,Elkhart,039
ELKHART|CONCORD4,11,0.000253248506,Elkhart,039
ELKHART|CONCORD4,12,0.999746751494,Elkhart,039
ELKHART|CONCORD5,12,1.000000000000,Elkhart,039
ELKHART|CONCORD6,12,1.000000000000,Elkhart,039
ELKHART|CONCORD7,12,1.000000000000,Elkhart,039
ELKHART|CONCORD8,11,0.000451820694,Elkhart,039
ELKHART|CONCORD8,12,0.999548179306,Elkhart,039
ELKHART|CONCORD9,11,0.000000029070,Elkhart,039
ELKHART|CONCORD9,12,0.999999970930,Elkhart,039
ELKHART|ELKHART1,12,1.000000000000,Elkhart,039
ELKHART|ELKHART10,12,1.000000000000,Elkhart,039
ELKHART|ELKHART11,12,1.000000000000,Elkhart,039
ELKHART|ELKHART12,12,1.000000000000,Elkhart,039
ELKHART|ELKHART13,12,1.000000000000,Elkhart,039
ELKHART|ELKHART14,12,1.000000000000,Elkhart,039
ELKHART|ELKHART15,12,1.000000000000,Elkhart,039
ELKHART|ELKHART16,9,0.000047257178,Elkhart,039
ELKHART|ELKHART16,12,0.999952742822,Elkhart,039
ELKHART|ELKHART17,12,1.000000000000,Elkhart,039
ELKHART|ELKHART18,12,1.000000000000,Elkhart,039
ELKHART|ELKHART19,12,1.000000000000,Elkhart,039
ELKHART|ELKHART2,12,1.000000000000,Elkhart,039
ELKHART|ELKHART20,12,1.000000000000,Elkhart,039
ELKHART|ELKHART21,9,0.000282830509,Elkhart,039
ELKHART|ELKHART21,12,0.999717169491,Elkhart,039
ELKHART|ELKHART3,12,1.000000000000,Elkhart,039
ELKHART|ELKHART4,12,1.000000000000,Elkhart,039
ELKHART|ELKHART5,12,1.000000000000,Elkhart,039
ELKHART|ELKHART6,12,1.000000000000,Elkhart,039
ELKHART|ELKHART7,12,1.000000000000,Elkhart,039
ELKHART|ELKHART8,12,1.000000000000,Elkhart,039
ELKHART|ELKHART9,12,1.000000000000,Elkhart,039
ELKHART|HARRISON1,12,1.000000000000,Elkhart,039
ELKHART|HARRISON2,9,0.000097818818,Elkhart,039
ELKHART|HARRISON2,12,0.999902181182,Elkhart,039
ELKHART|JACKSON1,9,0.999984401670,Elkhart,039
ELKHART|JACKSON1,12,0.000015598330,Elkhart,039
ELKHART|JACKSON2,9,1.000000000000,Elkhart,039
ELKHART|JACKSON3,9,0.999995947055,Elkhart,039
ELKHART|JACKSON3,12,0.000004052945,Elkhart,039
ELKHART|JEFFERSON1,11,0.000071204931,Elkhart,039
ELKHART|JEFFERSON1,12,0.999928795069,Elkhart,039
ELKHART|JEFFERSON2,12,1.000000000000,Elkhart,039
ELKHART|JEFFERSON3,12,1.000000000000,Elkhart,039
ELKHART|JEFFERSON4,12,1.000000000000,Elkhart,039
ELKHART|JEFFERSON5,12,1.000000000000,Elkhart,039
ELKHART|JEFFERSON6,12,1.000000000000,Elkhart,039
ELKHART|LOCKE1,9,0.999946405853,Elkhart,039
ELKHART|LOCKE1,12,0.000053594147,Elkhart,039
ELKHART|LOCKE2,9,1.000000000000,Elkhart,039
ELKHART|MIDDLEBURY1,11,0.000057639475,Elkhart,039
ELKHART|MIDDLEBURY1,12,0.999942360525,Elkhart,039
ELKHART|MIDDLEBURY2,11,0.000024016394,Elkhart,039
ELKHART|MIDDLEBURY2,12,0.999975983606,Elkhart,039
ELKHART|MIDDLEBURY3,12,1.000000000000,Elkhart,039
ELKHART|MIDDLEBURY4,12,1.000000000000,Elkhart,039
ELKHART|MIDDLEBURY5,11,0.000000833492,Elkhart,039
ELKHART|MIDDLEBURY5,12,0.999968660042,Elkhart,039
ELKHART|MIDDLEBURY5,13,0.000030506466,Elkhart,039
ELKHART|OLIVE1,9,0.000151606171,Elkhart,039
ELKHART|OLIVE1,12,0.999848393829,Elkhart,039
ELKHART|OLIVE2,9,0.000001101725,Elkhart,039
ELKHART|OLIVE2,12,0.999998898275,Elkhart,039
ELKHART|OSOLO1,11,1.000000000000,Elkhart,039
ELKHART|OSOLO10,11,1.000000000000,Elkhart,039
ELKHART|OSOLO11,11,1.000000000000,Elkhart,039
ELKHART|OSOLO12,11,0.999979529649,Elkhart,039
ELKHART|OSOLO12,12,0.000020470351,Elkhart,039
ELKHART|OSOLO13,11,1.000000000000,Elkhart,039
ELKHART|OSOLO14,11,1.000000000000,Elkhart,039
ELKHART|OSOLO15,11,0.997963511425,Elkhart,039
ELKHART|OSOLO15,12,0.002036488575,Elkhart,039
ELKHART|OSOLO16,11,0.998811941219,Elkhart,039
ELKHART|OSOLO16,12,0.001188058781,Elkhart,039
ELKHART|OSOLO2,11,1.000000000000,Elkhart,039
ELKHART|OSOLO3,11,1.000000000000,Elkhart,039
ELKHART|OSOLO4,11,1.000000000000,Elkhart,039
ELKHART|OSOLO5,11,1.000000000000,Elkhart,039
ELKHART|OSOLO6,11,0.999969244743,Elkhart,039
ELKHART|OSOLO6,12,0.000030755257,Elkhart,039
ELKHART|OSOLO7,11,1.000000000000,Elkhart,039
ELKHART|OSOLO8,11,0.999909546276,Elkhart,039
ELKHART|OSOLO8,12,0.000090453724,Elkhart,039
ELKHART|OSOLO9,11,1.000000000000,Elkhart,039
ELKHART|UNION1,9,0.999943728805,Elkhart,039
ELKHART|UNION1,12,0.000056271195,Elkhart,039
ELKHART|UNION2,9,1.000000000000,Elkhart,039
ELKHART|UNION3,9,1.000000000000,Elkhart,039
ELKHART|UNION4,9,1.000000000000,Elkhart,039
ELKHART|WASHINGTON1,11,1.000000000000,Elkhart,039
ELKHART|WASHINGTON2,11,0.999999355351,Elkhart,039
ELKHART|WASHINGTON2,12,0.000000644649,Elkhart,039
ELKHART|WASHINGTON3,11,1.000000000000,Elkhart,039
ELKHART|WASHINGTON4,11,0.999866355506,Elkhart,039
ELKHART|WASHINGTON4,12,0.000133644494,Elkhart,039
ELKHART|YORK1,11,0.999955626911,Elkhart,039
ELKHART|YORK1,13,0.000044373089,Elkhart,039
ELKHART|YORK2,11,0.999594120759,Elkhart,039
ELKHART|YORK2,12,0.000362404497,Elkhart,039
ELKHART|YORK2,13,0.000043474743,Elkhart,039
FAYETTE|COLUMBIA1,42,1.000000000000,Fayette,041
FAYETTE|CONNERSVILLE1,42,1.000000000000,Fayette,041
FAYETTE|CONNERSVILLE10,42,1.000000000000,Fayette,041
FAYETTE|CONNERSVILLE11,42,1.000000000000,Fayette,041
FAYETTE|CONNERSVILLE12,42,1.000000000000,Fayette,041
FAYETTE|CONNERSVILLE13,42,1.000000000000,Fayette,041
FAYETTE|CONNERSVILLE2,42,1.000000000000,Fayette,041
FAYETTE|CONNERSVILLE3,42,1.000000000000,Fayette,041
FAYETTE|CONNERSVILLE4,42,1.000000000000,Fayette,041
FAYETTE|CONNERSVILLE5,42,1.000000000000,Fayette,041
FAYETTE|CONNERSVILLE6,42,1.000000000000,Fayette,041
FAYETTE|CONNERSVILLE7,42,1.000000000000,Fayette,041
FAYETTE|CONNERSVILLE8,42,1.000000000000,Fayette,041
FAYETTE|CONNERSVILLE9,42,1.000000000000,Fayette,041
FAYETTE|FAIRVIEW1,42,1.000000000000,Fayette,041
FAYETTE|HARRISON1,42,1.000000000000,Fayette,041
FAYETTE|HARRISON2,42,1.000000000000,Fayette,041
FAYETTE|HARRISON3,42,1.000000000000,Fayette,041
FAYETTE|HARRISON4,42,1.000000000000,Fayette,041
FAYETTE|HARRISON5,27,0.000005709697,Fayette,041
FAYETTE|HARRISON5,42,0.999994290303,Fayette,041
FAYETTE|HARRISON6,42,1.000000000000,Fayette,041
FAYETTE|HARRISON7,27,0.000126432757,Fayette,041
FAYETTE|HARRISON7,42,0.999873567243,Fayette,041
FAYETTE|HARRISON8,27,0.000002100304,Fayette,041
FAYETTE|HARRISON8,42,0.999997899696,Fayette,041
FAYETTE|JACKSON1,27,0.000014180476,Fayette,041
FAYETTE|JACKSON1,42,0.999985819524,Fayette,041
FAYETTE|JENNINGS1,27,0.000060329899,Fayette,041
FAYETTE|JENNINGS1,42,0.999939670101,Fayette,041
FAYETTE|ORANGE1,42,1.000000000000,Fayette,041
FAYETTE|POSEY1,27,0.000035470241,Fayette,041
FAYETTE|POSEY1,42,0.999964529759,Fayette,041
FAYETTE|WATERLOO1,27,0.000037692667,Fayette,041
FAYETTE|WATERLOO1,42,0.999962307333,Fayette,041
FLOYD|FRANKLIN1,47,1.000000000000,Floyd,043
FLOYD|GEORGETOWN1,47,1.000000000000,Floyd,043
FLOYD|GEORGETOWN2,47,1.000000000000,Floyd,043
FLOYD|GEORGETOWN3,47,1.000000000000,Floyd,043
FLOYD|GEORGETOWN4,47,1.000000000000,Floyd,043
FLOYD|GEORGETOWN5,47,1.000000000000,Floyd,043
FLOYD|GEORGETOWN6,47,1.000000000000,Floyd,043
FLOYD|GEORGETOWN7,47,1.000000000000,Floyd,043
FLOYD|GREENVILLE1,45,0.001044072179,Floyd,043
FLOYD|GREENVILLE1,47,0.998955927821,Floyd,043
FLOYD|GREENVILLE2,45,0.000006189121,Floyd,043
FLOYD|GREENVILLE2,47,0.999993810879,Floyd,043
FLOYD|GREENVILLE3,47,1.000000000000,Floyd,043
FLOYD|GREENVILLE4,47,1.000000000000,Floyd,043
FLOYD|GREENVILLE5,47,1.000000000000,Floyd,043
FLOYD|GREENVILLE6,47,1.000000000000,Floyd,043
FLOYD|LAFAYETTE1,47,1.000000000000,Floyd,043
FLOYD|LAFAYETTE2,45,0.000565769020,Floyd,043
FLOYD|LAFAYETTE2,47,0.999434230980,Floyd,043
FLOYD|LAFAYETTE3,47,1.000000000000,Floyd,043
FLOYD|LAFAYETTE4,45,0.000436004217,Floyd,043
FLOYD|LAFAYETTE4,47,0.999563995783,Floyd,043
FLOYD|LAFAYETTE5,47,1.000000000000,Floyd,043
FLOYD|LAFAYETTE6,47,1.000000000000,Floyd,043
FLOYD|LAFAYETTE7,45,0.001562313285,Floyd,043
FLOYD|LAFAYETTE7,47,0.998437686715,Floyd,043
FLOYD|NEWALBANY1,47,1.000000000000,Floyd,043
FLOYD|NEWALBANY10,47,1.000000000000,Floyd,043
FLOYD|NEWALBANY11,47,1.000000000000,Floyd,043
FLOYD|NEWALBANY13,47,1.000000000000,Floyd,043
FLOYD|NEWALBANY14,45,0.000005004167,Floyd,043
FLOYD|NEWALBANY14,47,0.999994995833,Floyd,043
FLOYD|NEWALBANY16,47,1.000000000000,Floyd,043
FLOYD|NEWALBANY18,47,1.000000000000,Floyd,043
FLOYD|NEWALBANY19,47,1.000000000000,Floyd,043
FLOYD|NEWALBANY20,47,1.000000000000,Floyd,043
FLOYD|NEWALBANY21,47,1.000000000000,Floyd,043
FLOYD|NEWALBANY22,47,1.000000000000,Floyd,043
FLOYD|NEWALBANY23,47,1.000000000000,Floyd,043
FLOYD|NEWALBANY24,47,1.000000000000,Floyd,043
FLOYD|NEWALBANY25,47,1.000000000000,Floyd,043
FLOYD|NEWALBANY26,47,1.000000000000,Floyd,043
FLOYD|NEWALBANY27,45,0.000440699620,Floyd,043
FLOYD|NEWALBANY27,47,0.999559300380,Floyd,043
FLOYD|NEWALBANY28,45,0.999648071605,Floyd,043
FLOYD|NEWALBANY28,47,0.000351928395,Floyd,043
FLOYD|NEWALBANY29,47,1.000000000000,Floyd,043
FLOYD|NEWALBANY3,47,1.000000000000,Floyd,043
FLOYD|NEWALBANY30,47,1.000000000000,Floyd,043
FLOYD|NEWALBANY31,45,0.001427837882,Floyd,043
FLOYD|NEWALBANY31,47,0.998572162118,Floyd,043
FLOYD|NEWALBANY32,45,1.000000000000,Floyd,043
FLOYD|NEWALBANY33,47,1.000000000000,Floyd,043
FLOYD|NEWALBANY34,45,1.000000000000,Floyd,043
FLOYD|NEWALBANY35,45,0.999175816461,Floyd,043
FLOYD|NEWALBANY35,47,0.000824183539,Floyd,043
FLOYD|NEWALBANY36,45,0.999885521742,Floyd,043
FLOYD|NEWALBANY36,47,0.000114478258,Floyd,043
FLOYD|NEWALBANY37,45,0.998774745957,Floyd,043
FLOYD|NEWALBANY37,47,0.001225254043,Floyd,043
FLOYD|NEWALBANY38,45,1.000000000000,Floyd,043
FLOYD|NEWALBANY39,45,1.000000000000,Floyd,043
FLOYD|NEWALBANY40,45,0.997080783895,Floyd,043
FLOYD|NEWALBANY40,47,0.002919216105,Floyd,043
FLOYD|NEWALBANY41,45,0.000112155453,Floyd,043
FLOYD|NEWALBANY41,47,0.999887844547,Floyd,043
FLOYD|NEWALBANY42,47,1.000000000000,Floyd,043
FLOYD|NEWALBANY43,45,0.009074112870,Floyd,043
FLOYD|NEWALBANY43,47,0.990925887130,Floyd,043
FLOYD|NEWALBANY44,45,0.999580568014,Floyd,043
FLOYD|NEWALBANY44,47,0.000419431986,Floyd,043
FLOYD|NEWALBANY45,45,1.000000000000,Floyd,043
FLOYD|NEWALBANY46,45,1.000000000000,Floyd,043
FLOYD|NEWALBANY5,47,1.000000000000,Floyd,043
FLOYD|NEWALBANY7,45,0.001582434094,Floyd,043
FLOYD|NEWALBANY7,47,0.998417565906,Floyd,043
FLOYD|NEWALBANY9,45,0.004289133792,Floyd,043
FLOYD|NEWALBANY9,47,0.995710866208,Floyd,043
FOUNTAIN|CAIN,23,1.000000000000,Fountain,045
FOUNTAIN|DAVIS,23,1.000000000000,Fountain,045
FOUNTAIN|FULTON,23,1.000000000000,Fountain,045
FOUNTAIN|JACKSON,23,1.000000000000,Fountain,045
FOUNTAIN|LOGAN1,23,1.000000000000,Fountain,045
FOUNTAIN|LOGAN2,23,1.000000000000,Fountain,045
FOUNTAIN|LOGAN3,23,1.000000000000,Fountain,045
FOUNTAIN|MILLCREEK,23,1.000000000000,Fountain,045
FOUNTAIN|RICHLAND1,23,1.000000000000,Fountain,045
FOUNTAIN|RICHLAND2,23,1.000000000000,Fountain,045
FOUNTAIN|SHAWNEE,23,1.000000000000,Fountain,045
FOUNTAIN|TROY1,23,1.000000000000,Fountain,045
FOUNTAIN|TROY2,23,1.000000000000,Fountain,045
FOUNTAIN|TROY3,23,1.000000000000,Fountain,045
FOUNTAIN|VANBUREN1,23,1.000000000000,Fountain,045
FOUNTAIN|VANBUREN2,23,1.000000000000,Fountain,045
FOUNTAIN|VANBUREN3,23,1.000000000000,Fountain,045
FOUNTAIN|WABASH,23,1.000000000000,Fountain,045
FRANKLIN|BATESVILLE1,42,1.000000000000,Franklin,047
FRANKLIN|BATH,27,1.000000000000,Franklin,047
FRANKLIN|BLOOMINGGROVE,27,0.000109850437,Franklin,047
FRANKLIN|BLOOMINGGROVE,42,0.999890149563,Franklin,047
FRANKLIN|BROOKVILLE1,27,1.000000000000,Franklin,047
FRANKLIN|BROOKVILLE2,27,1.000000000000,Franklin,047
FRANKLIN|BROOKVILLE3,27,1.000000000000,Franklin,047
FRANKLIN|BROOKVILLE4,27,0.999958294768,Franklin,047
FRANKLIN|BROOKVILLE4,42,0.000041705232,Franklin,047
FRANKLIN|BROOKVILLE5,27,0.999880920071,Franklin,047
FRANKLIN|BROOKVILLE5,42,0.000119079929,Franklin,047
FRANKLIN|BUTLER,27,0.000127146947,Franklin,047
FRANKLIN|BUTLER,42,0.999872853053,Franklin,047
FRANKLIN|FAIRFIELD,27,0.999987526893,Franklin,047
FRANKLIN|FAIRFIELD,42,0.000012473107,Franklin,047
FRANKLIN|HIGHLAND1,27,0.999777991836,Franklin,047
FRANKLIN|HIGHLAND1,42,0.000089899408,Franklin,047
FRANKLIN|HIGHLAND1,43,0.000132108756,Franklin,047
FRANKLIN|HIGHLAND2,27,0.999901366323,Franklin,047
FRANKLIN|HIGHLAND2,43,0.000098633677,Franklin,047
FRANKLIN|LAUREL,42,1.000000000000,Franklin,047
FRANKLIN|METAMORA,27,0.000031544723,Franklin,047
FRANKLIN|METAMORA,42,0.999968455277,Franklin,047
FRANKLIN|OLDENBURG,42,1.000000000000,Franklin,047
FRANKLIN|POSEY,42,1.000000000000,Franklin,047
FRANKLIN|RAY1,42,1.000000000000,Franklin,047
FRANKLIN|RAY2,42,1.000000000000,Franklin,047
FRANKLIN|SALTCREEK1,42,1.000000000000,Franklin,047
FRANKLIN|SALTCREEK2,42,1.000000000000,Franklin,047
FRANKLIN|SPRINGFIELD,27,1.000000000000,Franklin,047
FRANKLIN|WHITEWATER1,27,0.999982239848,Franklin,047
FRANKLIN|WHITEWATER1,43,0.000017760152,Franklin,047
FRANKLIN|WHITEWATER2,27,0.999969469138,Franklin,047
FRANKLIN|WHITEWATER2,43,0.000030530862,Franklin,047
FULTON|AUBBEENAUBBEE9,5,0.000009869138,Fulton,049
FULTON|AUBBEENAUBBEE9,8,0.000032680313,Fulton,049
FULTON|AUBBEENAUBBEE9,18,0.999957450549,Fulton,049
FULTON|HENRY1,18,1.000000000000,Fulton,049
FULTON|HENRY2,17,0.000018610449,Fulton,049
FULTON|HENRY2,18,0.999981389551,Fulton,049
FULTON|HENRY3,18,1.000000000000,Fulton,049
FULTON|LIBERTY13,18,1.000000000000,Fulton,049
FULTON|NEWCASTLE14,8,0.000040815492,Fulton,049
FULTON|NEWCASTLE14,18,0.999959184508,Fulton,049
FULTON|RICHLAND15,8,0.000032696190,Fulton,049
FULTON|RICHLAND15,18,0.999967303810,Fulton,049
FULTON|ROCHESTER1,18,1.000000000000,Fulton,049
FULTON|ROCHESTER2,18,1.000000000000,Fulton,049
FULTON|ROCHESTER3,18,1.000000000000,Fulton,049
FULTON|ROCHESTER4,18,1.000000000000,Fulton,049
FULTON|ROCHESTER5,18,1.000000000000,Fulton,049
FULTON|ROCHESTER6,18,1.000000000000,Fulton,049
FULTON|ROCHESTER7,18,1.000000000000,Fulton,049
FULTON|ROCHESTER8,18,1.000000000000,Fulton,049
FULTON|UNION16,5,0.000020224831,Fulton,049
FULTON|UNION16,18,0.999979775169,Fulton,049
FULTON|WAYNE17,5,0.000006705727,Fulton,049
FULTON|WAYNE17,18,0.999993294273,Fulton,049
GIBSON|BARTON1,48,1.000000000000,Gibson,051
GIBSON|BARTON2,48,0.999903714248,Gibson,051
GIBSON|BARTON2,50,0.000096285752,Gibson,051
GIBSON|CENTER1,48,1.000000000000,Gibson,051
GIBSON|COLUMBIA1,48,1.000000000000,Gibson,051
GIBSON|COLUMBIA2,48,1.000000000000,Gibson,051
GIBSON|COLUMBIA5,48,1.000000000000,Gibson,051
GIBSON|JOHNSON1,48,1.000000000000,Gibson,051
GIBSON|JOHNSON2,48,0.999810489980,Gibson,051
GIBSON|JOHNSON2,49,0.000189510020,Gibson,051
GIBSON|JOHNSON3,48,0.999930220395,Gibson,051
GIBSON|JOHNSON3,49,0.000069568547,Gibson,051
GIBSON|JOHNSON3,50,0.000000211059,Gibson,051
GIBSON|MONTGOMERY1,48,1.000000000000,Gibson,051
GIBSON|MONTGOMERY2,48,0.999949713137,Gibson,051
GIBSON|MONTGOMERY2,49,0.000050286863,Gibson,051
GIBSON|MONTGOMERY3,48,1.000000000000,Gibson,051
GIBSON|PATOKA1,48,1.000000000000,Gibson,051
GIBSON|PATOKA11,48,1.000000000000,Gibson,051
GIBSON|PATOKA12,48,1.000000000000,Gibson,051
GIBSON|PATOKA13,48,1.000000000000,Gibson,051
GIBSON|PATOKA14,48,1.000000000000,Gibson,051
GIBSON|PATOKA15,48,1.000000000000,Gibson,051
GIBSON|PATOKA2,48,1.000000000000,Gibson,051
GIBSON|PATOKA3,48,1.000000000000,Gibson,051
GIBSON|PATOKA4,48,1.000000000000,Gibson,051
GIBSON|PATOKA5,48,1.000000000000,Gibson,051
GIBSON|PATOKA6,48,1.000000000000,Gibson,051
GIBSON|PATOKA7,48,1.000000000000,Gibson,051
GIBSON|PATOKA8,48,1.000000000000,Gibson,051
GIBSON|PATOKA9,48,1.000000000000,Gibson,051
GIBSON|UNION1,48,1.000000000000,Gibson,051
GIBSON|UNION2,48,1.000000000000,Gibson,051
GIBSON|UNION3,48,1.000000000000,Gibson,051
GIBSON|UNION4,48,1.000000000000,Gibson,051
GIBSON|WABASH1,48,0.999977802934,Gibson,051
GIBSON|WABASH1,49,0.000022197066,Gibson,051
GIBSON|WASHINGTON1,39,0.000342725842,Gibson,051
GIBSON|WASHINGTON1,48,0.999657274158,Gibson,051
GIBSON|WHITERIVER1,39,0.000740618695,Gibson,051
GIBSON|WHITERIVER1,48,0.999259381305,Gibson,051
GIBSON|WHITERIVER2,39,0.001063082493,Gibson,051
GIBSON|WHITERIVER2,48,0.998936917507,Gibson,051
GRANT|AIRPORT1MILLTWPNV,17,1.000000000000,Grant,053
GRANT|CENTER1,17,1.000000000000,Grant,053
GRANT|CENTER10,17,1.000000000000,Grant,053
GRANT|CENTER11,17,1.000000000000,Grant,053
GRANT|CENTER12,17,1.000000000000,Grant,053
GRANT|CENTER13,17,1.000000000000,Grant,053
GRANT|CENTER14,17,1.000000000000,Grant,053
GRANT|CENTER15,17,1.000000000000,Grant,053
GRANT|CENTER16,17,1.000000000000,Grant,053
GRANT|CENTER17,17,1.000000000000,Grant,053
GRANT|CENTER18,17,1.000000000000,Grant,053
GRANT|CENTER19,17,1.000000000000,Grant,053
GRANT|CENTER2,17,1.000000000000,Grant,053
GRANT|CENTER20,17,1.000000000000,Grant,053
GRANT|CENTER24,17,1.000000000000,Grant,053
GRANT|CENTER3,17,1.000000000000,Grant,053
GRANT|CENTER4,17,1.000000000000,Grant,053
GRANT|CENTER5,17,1.000000000000,Grant,053
GRANT|CENTER6,17,1.000000000000,Grant,053
GRANT|CENTER7,17,1.000000000000,Grant,053
GRANT|CENTER8,17,1.000000000000,Grant,053
GRANT|CENTER9,17,1.000000000000,Grant,053
GRANT|FAIRMOUNT1,17,1.000000000000,Grant,053
GRANT|FAIRMOUNT2,17,1.000000000000,Grant,053
GRANT|FAIRMOUNT3,17,0.999939092558,Grant,053
GRANT|FAIRMOUNT3,25,0.000051090576,Grant,053
GRANT|FAIRMOUNT3,26,0.000009816866,Grant,053
GRANT|FAIRMOUNT4,17,0.999959855844,Grant,053
GRANT|FAIRMOUNT4,25,0.000040144156,Grant,053
GRANT|FRANKLIN1,17,1.000000000000,Grant,053
GRANT|FRANKLIN2,17,1.000000000000,Grant,053
GRANT|FRANKLIN3,17,1.000000000000,Grant,053
GRANT|FRANKLIN4,17,1.000000000000,Grant,053
GRANT|FRANKLIN5,17,1.000000000000,Grant,053
GRANT|FRANKLIN6,17,1.000000000000,Grant,053
GRANT|FRANKLIN7,17,1.000000000000,Grant,053
GRANT|GREEN,17,0.999850975575,Grant,053
GRANT|GREEN,18,0.000062893685,Grant,053
GRANT|GREEN,21,0.000016049430,Grant,053
GRANT|GREEN,25,0.000070081309,Grant,053
GRANT|JEFFERSON1,17,0.999997626845,Grant,053
GRANT|JEFFERSON1,19,0.000002373155,Grant,053
GRANT|JEFFERSON2,17,0.999952381225,Grant,053
GRANT|JEFFERSON2,19,0.000024186363,Grant,053
GRANT|JEFFERSON2,26,0.000023432412,Grant,053
GRANT|JEFFERSON3,17,1.000000000000,Grant,053
GRANT|JEFFERSON4NV,17,1.000000000000,Grant,053
GRANT|LIBERTY,17,0.999978132219,Grant,053
GRANT|LIBERTY,25,0.000021867781,Grant,053
GRANT|MILL1,17,1.000000000000,Grant,053
GRANT|MILL10,17,1.000000000000,Grant,053
GRANT|MILL11,17,1.000000000000,Grant,053
GRANT|MILL2,17,1.000000000000,Grant,053
GRANT|MILL3,17,1.000000000000,Grant,053
GRANT|MILL4,17,1.000000000000,Grant,053
GRANT|MILL5,17,1.000000000000,Grant,053
GRANT|MILL6,17,1.000000000000,Grant,053
GRANT|MILL7,17,1.000000000000,Grant,053
GRANT|MILL8,17,1.000000000000,Grant,053
GRANT|MILL9,17,1.000000000000,Grant,053
GRANT|MONROE1,17,0.999952155996,Grant,053
GRANT|MONROE1,19,0.000047844004,Grant,053
GRANT|PLEASANT1,17,1.000000000000,Grant,053
GRANT|PLEASANT2,17,1.000000000000,Grant,053
GRANT|PLEASANT3,17,1.000000000000,Grant,053
GRANT|PLEASANT4,17,1.000000000000,Grant,053
GRANT|PLEASANT5,17,1.000000000000,Grant,053
GRANT|PLEASANT6,17,1.000000000000,Grant,053
GRANT|PLEASANT7,17,1.000000000000,Grant,053
GRANT|RICHLAND,17,0.999950801012,Grant,053
GRANT|RICHLAND,18,0.000049198988,Grant,053
GRANT|SIMS,17,0.999953207979,Grant,053
GRANT|SIMS,18,0.000046792021,Grant,053
GRANT|VANBUREN,17,0.999952259631,Grant,053
GRANT|VANBUREN,19,0.000047740369,Grant,053
GRANT|WASHINGTON1,17,1.000000000000,Grant,053
GRANT|WASHINGTON2,17,1.000000000000,Grant,053
GRANT|WASHINGTON3,17,1.000000000000,Grant,053
GRANT|WASHINGTON4,17,1.000000000000,Grant,053
GREENE|BEECHCREEK1,39,0.999971898478,Greene,055
GREENE|BEECHCREEK1,40,0.000028101522,Greene,055
GREENE|BEECHCREEK2,39,0.999999987626,Greene,055
GREENE|BEECHCREEK2,40,0.000000012374,Greene,055
GREENE|CASS,39,1.000000000000,Greene,055
GREENE|CENTER1,39,1.000000000000,Greene,055
GREENE|CENTER2,39,0.999954191487,Greene,055
GREENE|CENTER2,40,0.000045808513,Greene,055
GREENE|FAIRPLAY,39,1.000000000000,Greene,055
GREENE|GRANT,39,1.000000000000,Greene,055
GREENE|HIGHLAND,39,1.000000000000,Greene,055
GREENE|JACKSON,39,0.999997135389,Greene,055
GREENE|JACKSON,44,0.000002864611,Greene,055
GREENE|JEFFERSON1,39,1.000000000000,Greene,055
GREENE|JEFFERSON2,39,1.000000000000,Greene,055
GREENE|RICHLAND1,39,1.000000000000,Greene,055
GREENE|RICHLAND2,39,1.000000000000,Greene,055
GREENE|RICHLAND3,39,1.000000000000,Greene,055
GREENE|RICHLAND4,39,1.000000000000,Greene,055
GREENE|SMITH,38,0.000042352552,Greene,055
GREENE|SMITH,39,0.999957647448,Greene,055
GREENE|STAFFORD,39,1.000000000000,Greene,055
GREENE|STOCKTON1,39,1.000000000000,Greene,055
GREENE|STOCKTON2,39,1.000000000000,Greene,055
GREENE|STOCKTON3,39,1.000000000000,Greene,055
GREENE|STOCKTON4,39,1.000000000000,Greene,055
GREENE|STOCKTON5,39,1.000000000000,Greene,055
GREENE|STOCKTON6,39,1.000000000000,Greene,055
GREENE|STOCKTON7,39,1.000000000000,Greene,055
GREENE|TAYLOR,39,1.000000000000,Greene,055
GREENE|WASHINGTON1,39,1.000000000000,Greene,055
GREENE|WASHINGTON2,39,1.000000000000,Greene,055
GREENE|WRIGHT1,38,0.000005522080,Greene,055
GREENE|WRIGHT1,39,0.999994477920,Greene,055
GREENE|WRIGHT2,39,1.000000000000,Greene,055
GREENE|WRIGHT3,39,1.000000000000,Greene,055
GREENE|WRIGHT4,38,0.000039603388,Greene,055
GREENE|WRIGHT4,39,0.999960396612,Greene,055
GREENE|WRIGHT5,39,1.000000000000,Greene,055
HAMILTON|ARBORS,20,0.000050878346,Hamilton,057
HAMILTON|ARBORS,29,0.999949121654,Hamilton,057
HAMILTON|ARCADIA,20,0.000122014682,Hamilton,057
HAMILTON|ARCADIA,21,0.000002779287,Hamilton,057
HAMILTON|ARCADIA,25,0.999875206031,Hamilton,057
HAMILTON|AROMA,21,0.000063539123,Hamilton,057
HAMILTON|AROMA,25,0.999936460877,Hamilton,057
HAMILTON|ATLANTA,21,0.000048001162,Hamilton,057
HAMILTON|ATLANTA,25,0.999951998838,Hamilton,057
HAMILTON|AVIAN,20,1.000000000000,Hamilton,057
HAMILTON|BAKERSCORNER,20,0.000225980451,Hamilton,057
HAMILTON|BAKERSCORNER,21,0.999773812829,Hamilton,057
HAMILTON|BAKERSCORNER,25,0.000000206720,Hamilton,057
HAMILTON|BAYHILL,20,1.000000000000,Hamilton,057
HAMILTON|BLUECREEK,20,0.999999473437,Hamilton,057
HAMILTON|BLUECREEK,30,0.000000526563,Hamilton,057
HAMILTON|BOXLEY,21,0.999964892600,Hamilton,057
HAMILTON|BOXLEY,25,0.000035107400,Hamilton,057
HAMILTON|BRENTWOOD,20,0.999957542011,Hamilton,057
HAMILTON|BRENTWOOD,21,0.000042457989,Hamilton,057
HAMILTON|BRIARCREEK,20,0.999890313552,Hamilton,057
HAMILTON|BRIARCREEK,30,0.000109686448,Hamilton,057
HAMILTON|BROOKFIELDCROSSING,20,1.000000000000,Hamilton,057
HAMILTON|BROOKSHIRE,20,1.000000000000,Hamilton,057
HAMILTON|CARMELMEADOWS,20,1.000000000000,Hamilton,057
HAMILTON|CENTENNIAL1,21,1.000000000000,Hamilton,057
HAMILTON|CENTENNIAL2,21,0.999996441619,Hamilton,057
HAMILTON|CENTENNIAL2,29,0.000003558381,Hamilton,057
HAMILTON|CHERRYTREE,20,1.000000000000,Hamilton,057
HAMILTON|CHESWICK,29,1.000000000000,Hamilton,057
HAMILTON|CLAYCENTER1,29,1.000000000000,Hamilton,057
HAMILTON|CLAYCENTER2,29,1.000000000000,Hamilton,057
HAMILTON|CLAYCENTER3,29,1.000000000000,Hamilton,057
HAMILTON|CLAYNORTHEAST,20,0.999776767237,Hamilton,057
HAMILTON|CLAYNORTHEAST,31,0.000223232763,Hamilton,057
HAMILTON|CLAYNORTHWEST1,29,1.000000000000,Hamilton,057
HAMILTON|CLAYNORTHWEST2,29,1.000000000000,Hamilton,057
HAMILTON|CLAYNORTHWEST3,21,0.000125638959,Hamilton,057
HAMILTON|CLAYNORTHWEST3,29,0.999874361041,Hamilton,057
HAMILTON|CLAYSOUTHWEST1,29,0.999920005460,Hamilton,057
HAMILTON|CLAYSOUTHWEST1,30,0.000079994540,Hamilton,057
HAMILTON|CLAYSOUTHWEST2,29,1.000000000000,Hamilton,057
HAMILTON|CLAYSOUTHWEST3,29,0.999906672180,Hamilton,057
HAMILTON|CLAYSOUTHWEST3,30,0.000093327820,Hamilton,057
HAMILTON|COLLEGE,20,0.999893124415,Hamilton,057
HAMILTON|COLLEGE,29,0.000103447196,Hamilton,057
HAMILTON|COLLEGE,30,0.000003428389,Hamilton,057
HAMILTON|COOLCREEKNORTH,20,1.000000000000,Hamilton,057
HAMILTON|COOLCREEKSOUTH,20,1.000000000000,Hamilton,057
HAMILTON|COPPERWOOD,20,0.999978388112,Hamilton,057
HAMILTON|COPPERWOOD,21,0.000021611888,Hamilton,057
HAMILTON|COXHALL,29,1.000000000000,Hamilton,057
HAMILTON|CROOKEDSTICK,29,1.000000000000,Hamilton,057
HAMILTON|DANIELWARREN,20,1.000000000000,Hamilton,057
HAMILTON|DELAWARE1,31,1.000000000000,Hamilton,057
HAMILTON|DELAWARE10,31,1.000000000000,Hamilton,057
HAMILTON|DELAWARE12,31,1.000000000000,Hamilton,057
HAMILTON|DELAWARE13,20,0.002134268488,Hamilton,057
HAMILTON|DELAWARE13,31,0.997865731512,Hamilton,057
HAMILTON|DELAWARE14,31,1.000000000000,Hamilton,057
HAMILTON|DELAWARE15,31,1.000000000000,Hamilton,057
HAMILTON|DELAWARE16,20,0.000485909904,Hamilton,057
HAMILTON|DELAWARE16,30,0.000081374773,Hamilton,057
HAMILTON|DELAWARE16,31,0.999432715323,Hamilton,057
HAMILTON|DELAWARE17,20,0.000217557909,Hamilton,057
HAMILTON|DELAWARE17,31,0.999782442091,Hamilton,057
HAMILTON|DELAWARE18,31,1.000000000000,Hamilton,057
HAMILTON|DELAWARE19,31,1.000000000000,Hamilton,057
HAMILTON|DELAWARE2,20,0.000820525261,Hamilton,057
HAMILTON|DELAWARE2,31,0.999179474739,Hamilton,057
HAMILTON|DELAWARE20,31,1.000000000000,Hamilton,057
HAMILTON|DELAWARE21,30,0.000005775943,Hamilton,057
HAMILTON|DELAWARE21,31,0.999994224057,Hamilton,057
HAMILTON|DELAWARE22,20,0.002233699070,Hamilton,057
HAMILTON|DELAWARE22,31,0.997766300930,Hamilton,057
HAMILTON|DELAWARE23,31,1.000000000000,Hamilton,057
HAMILTON|DELAWARE24,30,0.000060358773,Hamilton,057
HAMILTON|DELAWARE24,31,0.999939641227,Hamilton,057
HAMILTON|DELAWARE25,20,0.000358969641,Hamilton,057
HAMILTON|DELAWARE25,30,0.000000660604,Hamilton,057
HAMILTON|DELAWARE25,31,0.999640369755,Hamilton,057
HAMILTON|DELAWARE3,31,1.000000000000,Hamilton,057
HAMILTON|DELAWARE4,31,1.000000000000,Hamilton,057
HAMILTON|DELAWARE5,31,1.000000000000,Hamilton,057
HAMILTON|DELAWARE6,31,1.000000000000,Hamilton,057
HAMILTON|DELAWARE7,31,1.000000000000,Hamilton,057
HAMILTON|DELAWARE8,20,0.001572809312,Hamilton,057
HAMILTON|DELAWARE8,31,0.998427190688,Hamilton,057
HAMILTON|DELAWARE9,31,1.000000000000,Hamilton,057
HAMILTON|DEMING,20,0.999855102324,Hamilton,057
HAMILTON|DEMING,21,0.000120059385,Hamilton,057
HAMILTON|DEMING,25,0.000024838291,Hamilton,057
HAMILTON|EAGLETOWN,7,0.000041668243,Hamilton,057
HAMILTON|EAGLETOWN,21,0.999932309225,Hamilton,057
HAMILTON|EAGLETOWN,29,0.000026022532,Hamilton,057
HAMILTON|EASTWASHINGTON,20,0.000001070699,Hamilton,057
HAMILTON|EASTWASHINGTON,21,0.999998929301,Hamilton,057
HAMILTON|EASTWAYNEWAYNE1,20,0.999889471904,Hamilton,057
HAMILTON|EASTWAYNEWAYNE1,25,0.000045595458,Hamilton,057
HAMILTON|EASTWAYNEWAYNE1,31,0.000064932639,Hamilton,057
HAMILTON|EDENBROOK,20,1.000000000000,Hamilton,057
HAMILTON|FALLCREEK1,31,1.000000000000,Hamilton,057
HAMILTON|FALLCREEK10,31,1.000000000000,Hamilton,057
HAMILTON|FALLCREEK11,28,0.000002078820,Hamilton,057
HAMILTON|FALLCREEK11,31,0.999997921180,Hamilton,057
HAMILTON|FALLCREEK12,31,1.000000000000,Hamilton,057
HAMILTON|FALLCREEK13,20,0.000114382449,Hamilton,057
HAMILTON|FALLCREEK13,25,0.000020877922,Hamilton,057
HAMILTON|FALLCREEK13,31,0.999864739629,Hamilton,057
HAMILTON|FALLCREEK14,31,1.000000000000,Hamilton,057
HAMILTON|FALLCREEK15,28,0.000050504286,Hamilton,057
HAMILTON|FALLCREEK15,31,0.999949495714,Hamilton,057
HAMILTON|FALLCREEK16,31,1.000000000000,Hamilton,057
HAMILTON|FALLCREEK17,31,1.000000000000,Hamilton,057
HAMILTON|FALLCREEK18,31,1.000000000000,Hamilton,057
HAMILTON|FALLCREEK19,31,1.000000000000,Hamilton,057
HAMILTON|FALLCREEK2,31,1.000000000000,Hamilton,057
HAMILTON|FALLCREEK20,31,1.000000000000,Hamilton,057
HAMILTON|FALLCREEK21,31,1.000000000000,Hamilton,057
HAMILTON|FALLCREEK22,31,1.000000000000,Hamilton,057
HAMILTON|FALLCREEK23,31,1.000000000000,Hamilton,057
HAMILTON|FALLCREEK24,31,1.000000000000,Hamilton,057
HAMILTON|FALLCREEK25,31,1.000000000000,Hamilton,057
HAMILTON|FALLCREEK26,31,1.000000000000,Hamilton,057
HAMILTON|FALLCREEK27,25,0.000000235170,Hamilton,057
HAMILTON|FALLCREEK27,31,0.999999764830,Hamilton,057
HAMILTON|FALLCREEK28,31,1.000000000000,Hamilton,057
HAMILTON|FALLCREEK29,31,1.000000000000,Hamilton,057
HAMILTON|FALLCREEK3,31,1.000000000000,Hamilton,057
HAMILTON|FALLCREEK30,31,1.000000000000,Hamilton,057
HAMILTON|FALLCREEK31,31,1.000000000000,Hamilton,057
HAMILTON|FALLCREEK32,31,1.000000000000,Hamilton,057
HAMILTON|FALLCREEK33,31,1.000000000000,Hamilton,057
HAMILTON|FALLCREEK34,25,0.000009713770,Hamilton,057
HAMILTON|FALLCREEK34,31,0.999990286230,Hamilton,057
HAMILTON|FALLCREEK35,28,0.000023113754,Hamilton,057
HAMILTON|FALLCREEK35,31,0.999976886246,Hamilton,057
HAMILTON|FALLCREEK36,31,1.000000000000,Hamilton,057
HAMILTON|FALLCREEK37,25,0.000082619014,Hamilton,057
HAMILTON|FALLCREEK37,31,0.999917380986,Hamilton,057
HAMILTON|FALLCREEK38,28,0.001266004183,Hamilton,057
HAMILTON|FALLCREEK38,31,0.998733995817,Hamilton,057
HAMILTON|FALLCREEK39,31,1.000000000000,Hamilton,057
HAMILTON|FALLCREEK4,28,0.000031180971,Hamilton,057
HAMILTON|FALLCREEK4,31,0.999968819029,Hamilton,057
HAMILTON|FALLCREEK40,31,1.000000000000,Hamilton,057
HAMILTON|FALLCREEK41,28,0.000063063717,Hamilton,057
HAMILTON|FALLCREEK41,31,0.999936936283,Hamilton,057
HAMILTON|FALLCREEK42,31,1.000000000000,Hamilton,057
HAMILTON|FALLCREEK5,31,1.000000000000,Hamilton,057
HAMILTON|FALLCREEK6,31,1.000000000000,Hamilton,057
HAMILTON|FALLCREEK7,31,1.000000000000,Hamilton,057
HAMILTON|FALLCREEK8,31,1.000000000000,Hamilton,057
HAMILTON|FALLCREEK9,31,1.000000000000,Hamilton,057
HAMILTON|GREENSPRINGS,20,1.000000000000,Hamilton,057
HAMILTON|GUILFORD1,20,0.998009317531,Hamilton,057
HAMILTON|GUILFORD1,29,0.001990682469,Hamilton,057
HAMILTON|GUILFORD2,20,0.001310842727,Hamilton,057
HAMILTON|GUILFORD2,29,0.998689157273,Hamilton,057
HAMILTON|GUILFORD3,29,1.000000000000,Hamilton,057
HAMILTON|HAZELDELL,20,1.000000000000,Hamilton,057
HAMILTON|HOLADAY1,20,1.000000000000,Hamilton,057
HAMILTON|HOLADAY2,20,0.999003344279,Hamilton,057
HAMILTON|HOLADAY2,30,0.000996655721,Hamilton,057
HAMILTON|HORTON,20,0.000051001773,Hamilton,057
HAMILTON|HORTON,21,0.999948998227,Hamilton,057
HAMILTON|HUNTERSCREEK,20,0.999804095791,Hamilton,057
HAMILTON|HUNTERSCREEK,29,0.000195904209,Hamilton,057
HAMILTON|HUNTERSTRACE,20,1.000000000000,Hamilton,057
HAMILTON|JOHNSONACRES,20,1.000000000000,Hamilton,057
HAMILTON|JOLIET,7,0.000189216500,Hamilton,057
HAMILTON|JOLIET,21,0.999810783500,Hamilton,057
HAMILTON|KEYSTONE,20,1.000000000000,Hamilton,057
HAMILTON|KINGSBOROUGH,29,1.000000000000,Hamilton,057
HAMILTON|KINGSWOOD1,20,1.000000000000,Hamilton,057
HAMILTON|KINGSWOOD2,20,0.997515838008,Hamilton,057
HAMILTON|KINGSWOOD2,30,0.000035691098,Hamilton,057
HAMILTON|KINGSWOOD2,31,0.002448470894,Hamilton,057
HAMILTON|LADYHAMILTON,20,0.999993685477,Hamilton,057
HAMILTON|LADYHAMILTON,29,0.000006314523,Hamilton,057
HAMILTON|LEXINGTON,20,0.000569937025,Hamilton,057
HAMILTON|LEXINGTON,29,0.999430062975,Hamilton,057
HAMILTON|MOHAWKHILLS,20,1.000000000000,Hamilton,057
HAMILTON|MORSE1NV,20,1.000000000000,Hamilton,057
HAMILTON|MORSE2NV,20,1.000000000000,Hamilton,057
HAMILTON|MORSE3NV,20,1.000000000000,Hamilton,057
HAMILTON|MOUNTCARMEL1,29,1.000000000000,Hamilton,057
HAMILTON|MOUNTCARMEL2,20,0.000361349595,Hamilton,057
HAMILTON|MOUNTCARMEL2,29,0.999638650405,Hamilton,057
HAMILTON|NOBLESVILLE1,20,1.000000000000,Hamilton,057
HAMILTON|NOBLESVILLE10,20,1.000000000000,Hamilton,057
HAMILTON|NOBLESVILLE11,20,1.000000000000,Hamilton,057
HAMILTON|NOBLESVILLE12,20,1.000000000000,Hamilton,057
HAMILTON|NOBLESVILLE13,20,1.000000000000,Hamilton,057
HAMILTON|NOBLESVILLE14,20,1.000000000000,Hamilton,057
HAMILTON|NOBLESVILLE15,20,1.000000000000,Hamilton,057
HAMILTON|NOBLESVILLE16,20,1.000000000000,Hamilton,057
HAMILTON|NOBLESVILLE17,20,1.000000000000,Hamilton,057
HAMILTON|NOBLESVILLE18,20,1.000000000000,Hamilton,057
HAMILTON|NOBLESVILLE19,20,0.999958985493,Hamilton,057
HAMILTON|NOBLESVILLE19,25,0.000041014507,Hamilton,057
HAMILTON|NOBLESVILLE2,20,0.999910234686,Hamilton,057
HAMILTON|NOBLESVILLE2,21,0.000089765314,Hamilton,057
HAMILTON|NOBLESVILLE20,20,1.000000000000,Hamilton,057
HAMILTON|NOBLESVILLE21,20,0.999991650986,Hamilton,057
HAMILTON|NOBLESVILLE21,31,0.000008349014,Hamilton,057
HAMILTON|NOBLESVILLE22,20,1.000000000000,Hamilton,057
HAMILTON|NOBLESVILLE23,20,1.000000000000,Hamilton,057
HAMILTON|NOBLESVILLE24,20,1.000000000000,Hamilton,057
HAMILTON|NOBLESVILLE25,20,1.000000000000,Hamilton,057
HAMILTON|NOBLESVILLE26,20,1.000000000000,Hamilton,057
HAMILTON|NOBLESVILLE27,20,0.999996254549,Hamilton,057
HAMILTON|NOBLESVILLE27,21,0.000003745451,Hamilton,057
HAMILTON|NOBLESVILLE28,20,1.000000000000,Hamilton,057
HAMILTON|NOBLESVILLE29,20,1.000000000000,Hamilton,057
HAMILTON|NOBLESVILLE3,20,0.999966554005,Hamilton,057
HAMILTON|NOBLESVILLE3,21,0.000029260999,Hamilton,057
HAMILTON|NOBLESVILLE3,31,0.000004184996,Hamilton,057
HAMILTON|NOBLESVILLE30,20,0.998639101774,Hamilton,057
HAMILTON|NOBLESVILLE30,21,0.001360898226,Hamilton,057
HAMILTON|NOBLESVILLE31,20,1.000000000000,Hamilton,057
HAMILTON|NOBLESVILLE32,20,1.000000000000,Hamilton,057
HAMILTON|NOBLESVILLE33,20,0.999993780352,Hamilton,057
HAMILTON|NOBLESVILLE33,21,0.000006219648,Hamilton,057
HAMILTON|NOBLESVILLE34,20,1.000000000000,Hamilton,057
HAMILTON|NOBLESVILLE36,20,1.000000000000,Hamilton,057
HAMILTON|NOBLESVILLE37,20,1.000000000000,Hamilton,057
HAMILTON|NOBLESVILLE38,20,0.999408769073,Hamilton,057
HAMILTON|NOBLESVILLE38,31,0.000591230927,Hamilton,057
HAMILTON|NOBLESVILLE39,20,0.999844810319,Hamilton,057
HAMILTON|NOBLESVILLE39,31,0.000155189681,Hamilton,057
HAMILTON|NOBLESVILLE4,20,1.000000000000,Hamilton,057
HAMILTON|NOBLESVILLE40,20,1.000000000000,Hamilton,057
HAMILTON|NOBLESVILLE41,20,1.000000000000,Hamilton,057
HAMILTON|NOBLESVILLE5,20,1.000000000000,Hamilton,057
HAMILTON|NOBLESVILLE6,20,1.000000000000,Hamilton,057
HAMILTON|NOBLESVILLE7,20,1.000000000000,Hamilton,057
HAMILTON|NOBLESVILLE8,20,1.000000000000,Hamilton,057
HAMILTON|NOBLESVILLE9,20,1.000000000000,Hamilton,057
HAMILTON|NORTHCICERO,20,0.999749516708,Hamilton,057
HAMILTON|NORTHCICERO,25,0.000250483292,Hamilton,057
HAMILTON|NORTHRIDGE,20,0.000007981232,Hamilton,057
HAMILTON|NORTHRIDGE,29,0.999967296045,Hamilton,057
HAMILTON|NORTHRIDGE,30,0.000024722723,Hamilton,057
HAMILTON|OAKRIDGE1,21,1.000000000000,Hamilton,057
HAMILTON|OAKRIDGE2,21,1.000000000000,Hamilton,057
HAMILTON|OAKRIDGE3,21,1.000000000000,Hamilton,057
HAMILTON|OMEGA,20,0.000013486618,Hamilton,057
HAMILTON|OMEGA,21,0.000000216462,Hamilton,057
HAMILTON|OMEGA,25,0.999986296919,Hamilton,057
HAMILTON|ORCHARDPARK,20,0.999966930164,Hamilton,057
HAMILTON|ORCHARDPARK,29,0.000033069836,Hamilton,057
HAMILTON|PLEASANTGROVE,29,1.000000000000,Hamilton,057
HAMILTON|PRAIRIEVIEW,20,0.998217334640,Hamilton,057
HAMILTON|PRAIRIEVIEW,31,0.001782665360,Hamilton,057
HAMILTON|RANGELINE,20,0.995461827111,Hamilton,057
HAMILTON|RANGELINE,29,0.004538172889,Hamilton,057
HAMILTON|RICHLAND,20,1.000000000000,Hamilton,057
HAMILTON|SADDLECREEK,21,0.000060012662,Hamilton,057
HAMILTON|SADDLECREEK,29,0.999939987338,Hamilton,057
HAMILTON|SHERIDAN1,7,0.000093322847,Hamilton,057
HAMILTON|SHERIDAN1,21,0.999906677153,Hamilton,057
HAMILTON|SHERIDAN2,21,1.000000000000,Hamilton,057
HAMILTON|SHERIDAN4,7,0.000340428993,Hamilton,057
HAMILTON|SHERIDAN4,21,0.999659571007,Hamilton,057
HAMILTON|SOUTHCICERO,20,1.000000000000,Hamilton,057
HAMILTON|SOUTHEASTARCADIA,20,0.999840761191,Hamilton,057
HAMILTON|SOUTHEASTARCADIA,25,0.000159238809,Hamilton,057
HAMILTON|SOUTHEASTCICERO,20,0.999970651220,Hamilton,057
HAMILTON|SOUTHEASTCICERO,25,0.000029348780,Hamilton,057
HAMILTON|SOUTHWESTCICERO,20,1.000000000000,Hamilton,057
HAMILTON|SPRINGFARMS,20,0.000798800652,Hamilton,057
HAMILTON|SPRINGFARMS,29,0.999201199348,Hamilton,057
HAMILTON|SPRINGMILL1,29,0.999963193720,Hamilton,057
HAMILTON|SPRINGMILL1,30,0.000036806280,Hamilton,057
HAMILTON|SPRINGMILL2,29,0.999933067953,Hamilton,057
HAMILTON|SPRINGMILL2,30,0.000066932047,Hamilton,057
HAMILTON|SPRINGMILLPONDS,29,1.000000000000,Hamilton,057
HAMILTON|STONEHEDGE1,20,0.999927287030,Hamilton,057
HAMILTON|STONEHEDGE1,21,0.000000925831,Hamilton,057
HAMILTON|STONEHEDGE1,29,0.000071787139,Hamilton,057
HAMILTON|STONEHEDGE2,20,1.000000000000,Hamilton,057
HAMILTON|STONEWICK,20,1.000000000000,Hamilton,057
HAMILTON|STRAWTOWN,20,0.000114283852,Hamilton,057
HAMILTON|STRAWTOWN,25,0.999885716148,Hamilton,057
HAMILTON|THEVILLAGE,21,0.999958963620,Hamilton,057
HAMILTON|THEVILLAGE,29,0.000041036380,Hamilton,057
HAMILTON|THISTLEWOOD,29,1.000000000000,Hamilton,057
HAMILTON|VILLAGEFARMS1,21,0.999985045893,Hamilton,057
HAMILTON|VILLAGEFARMS1,29,0.000014954107,Hamilton,057
HAMILTON|VILLAGEFARMS2,20,0.000007139131,Hamilton,057
HAMILTON|VILLAGEFARMS2,21,0.999992860869,Hamilton,057
HAMILTON|VILLAGEFARMS3,21,1.000000000000,Hamilton,057
HAMILTON|WATERFORD,20,1.000000000000,Hamilton,057
HAMILTON|WAYNE3,20,1.000000000000,Hamilton,057
HAMILTON|WAYNE4,20,0.999980107528,Hamilton,057
HAMILTON|WAYNE4,31,0.000019892472,Hamilton,057
HAMILTON|WAYNE5,20,1.000000000000,Hamilton,057
HAMILTON|WAYNE6NV,20,1.000000000000,Hamilton,057
HAMILTON|WESTFIELD1,21,1.000000000000,Hamilton,057
HAMILTON|WESTFIELD11,20,0.000000079018,Hamilton,057
HAMILTON|WESTFIELD11,21,0.999999920982,Hamilton,057
HAMILTON|WESTFIELD13,20,0.000130984671,Hamilton,057
HAMILTON|WESTFIELD13,21,0.999869015329,Hamilton,057
HAMILTON|WESTFIELD15,20,0.000001113456,Hamilton,057
HAMILTON|WESTFIELD15,21,0.999998886544,Hamilton,057
HAMILTON|WESTFIELD16,21,1.000000000000,Hamilton,057
HAMILTON|WESTFIELD17,7,0.000002885872,Hamilton,057
HAMILTON|WESTFIELD17,21,0.999997114128,Hamilton,057
HAMILTON|WESTFIELD2,21,1.000000000000,Hamilton,057
HAMILTON|WESTFIELD21,20,0.000063451058,Hamilton,057
HAMILTON|WESTFIELD21,21,0.999936548942,Hamilton,057
HAMILTON|WESTFIELD23,20,0.000021695120,Hamilton,057
HAMILTON|WESTFIELD23,21,0.999978304880,Hamilton,057
HAMILTON|WESTFIELD24,20,0.000008543554,Hamilton,057
HAMILTON|WESTFIELD24,21,0.999991456446,Hamilton,057
HAMILTON|WESTFIELD25,21,1.000000000000,Hamilton,057
HAMILTON|WESTFIELD27,21,1.000000000000,Hamilton,057
HAMILTON|WESTFIELD8,21,1.000000000000,Hamilton,057
HAMILTON|WESTWAYNEWAYNE2,20,0.999996157040,Hamilton,057
HAMILTON|WESTWAYNEWAYNE2,25,0.000003842960,Hamilton,057
HAMILTON|WHITECHAPEL,20,0.981398413544,Hamilton,057
HAMILTON|WHITECHAPEL,31,0.018601586456,Hamilton,057
HAMILTON|WOODFIELD,20,1.000000000000,Hamilton,057
HAMILTON|WOODGATE,20,0.999995601121,Hamilton,057
HAMILTON|WOODGATE,21,0.000004398879,Hamilton,057
HAMILTON|WOODLAND,20,0.999957737636,Hamilton,057
HAMILTON|WOODLAND,29,0.000042262364,Hamilton,057
HANCOCK|BC1,28,1.000000000000,Hancock,059
HANCOCK|BC2N,28,0.999994217520,Hancock,059
HANCOCK|BC2N,34,0.000005782480,Hancock,059
HANCOCK|BC2S,28,0.999980048721,Hancock,059
HANCOCK|BC2S,34,0.000019951279,Hancock,059
HANCOCK|BC3,28,1.000000000000,Hancock,059
HANCOCK|BC4,28,1.000000000000,Hancock,059
HANCOCK|BC5,28,1.000000000000,Hancock,059
HANCOCK|BN1,25,0.000034153602,Hancock,059
HANCOCK|BN1,28,0.999965846398,Hancock,059
HANCOCK|BN2,25,0.000021500526,Hancock,059
HANCOCK|BN2,27,0.000103530341,Hancock,059
HANCOCK|BN2,28,0.999874969134,Hancock,059
HANCOCK|BR1,28,0.999885332420,Hancock,059
HANCOCK|BR1,42,0.000114667580,Hancock,059
HANCOCK|BW1E,28,0.999995758070,Hancock,059
HANCOCK|BW1E,42,0.000004241930,Hancock,059
HANCOCK|BW1W,28,1.000000000000,Hancock,059
HANCOCK|C1,28,1.000000000000,Hancock,059
HANCOCK|C2,28,1.000000000000,Hancock,059
HANCOCK|C3,28,1.000000000000,Hancock,059
HANCOCK|C4,28,1.000000000000,Hancock,059
HANCOCK|F1,25,0.000012976591,Hancock,059
HANCOCK|F1,28,0.999974822719,Hancock,059
HANCOCK|F1,31,0.000012200690,Hancock,059
HANCOCK|F2,25,0.000803773530,Hancock,059
HANCOCK|F2,28,0.999196226470,Hancock,059
HANCOCK|G1EAST,28,1.000000000000,Hancock,059
HANCOCK|G1NORTH,28,1.000000000000,Hancock,059
HANCOCK|G1SOUTH,28,1.000000000000,Hancock,059
HANCOCK|G2NORTH,28,1.000000000000,Hancock,059
HANCOCK|G2SOUTH,28,1.000000000000,Hancock,059
HANCOCK|G3CENTRAL,28,1.000000000000,Hancock,059
HANCOCK|G3NORTH,28,1.000000000000,Hancock,059
HANCOCK|G3NORTHEAST,28,1.000000000000,Hancock,059
HANCOCK|G4CENTRAL,28,1.000000000000,Hancock,059
HANCOCK|G4EAST,28,1.000000000000,Hancock,059
HANCOCK|G4WEST,28,1.000000000000,Hancock,059
HANCOCK|G5NORTH,28,1.000000000000,Hancock,059
HANCOCK|G5SOUTH,28,1.000000000000,Hancock,059
HANCOCK|GN1,25,0.000015934877,Hancock,059
HANCOCK|GN1,28,0.999984065123,Hancock,059
HANCOCK|J1,27,0.000000481283,Hancock,059
HANCOCK|J1,28,0.999983446894,Hancock,059
HANCOCK|J1,42,0.000016071823,Hancock,059
HANCOCK|M1,28,0.999166673927,Hancock,059
HANCOCK|M1,31,0.000833326073,Hancock,059
HANCOCK|M1SOUTHEAST,28,0.999983246520,Hancock,059
HANCOCK|M1SOUTHEAST,31,0.000016753480,Hancock,059
HANCOCK|M2,28,0.999909994159,Hancock,059
HANCOCK|M2,31,0.000078471150,Hancock,059
HANCOCK|M2,34,0.000011534691,Hancock,059
HANCOCK|NV1NV,28,1.000000000000,Hancock,059
HANCOCK|NV2NV,28,1.000000000000,Hancock,059
HANCOCK|NV3NV,28,1.000000000000,Hancock,059
HANCOCK|SC1E,28,1.000000000000,Hancock,059
HANCOCK|SC1W,28,0.999857416247,Hancock,059
HANCOCK|SC1W,32,0.000142583753,Hancock,059
HANCOCK|SC2,28,1.000000000000,Hancock,059
HANCOCK|SC3,28,1.000000000000,Hancock,059
HANCOCK|SC4,28,1.000000000000,Hancock,059
HANCOCK|SC5,28,1.000000000000,Hancock,059
HANCOCK|SC6,28,0.999998384007,Hancock,059
HANCOCK|SC6,32,0.000001615993,Hancock,059
HANCOCK|SC7,28,1.000000000000,Hancock,059
HANCOCK|SC8,28,1.000000000000,Hancock,059
HANCOCK|SC9,28,0.999988406578,Hancock,059
HANCOCK|SC9,32,0.000011593422,Hancock,059
HANCOCK|V1,25,0.000002782800,Hancock,059
HANCOCK|V1,28,0.999996896508,Hancock,059
HANCOCK|V1,34,0.000000320693,Hancock,059
HANCOCK|V1NORTHWEST,28,0.999977450809,Hancock,059
HANCOCK|V1NORTHWEST,31,0.000022549191,Hancock,059
HARRISON|BLUERIVERNORTH,47,0.999214389311,Harrison,061
HARRISON|BLUERIVERNORTH,48,0.000785610689,Harrison,061
HARRISON|BLUERIVERSOUTH,47,0.999229183240,Harrison,061
HARRISON|BLUERIVERSOUTH,48,0.000770816760,Harrison,061
HARRISON|BOONEEAST,47,1.000000000000,Harrison,061
HARRISON|BOONEWEST,47,1.000000000000,Harrison,061
HARRISON|CORYDONEAST,47,1.000000000000,Harrison,061
HARRISON|CORYDONSOUTH,47,1.000000000000,Harrison,061
HARRISON|CORYDONWEST,47,1.000000000000,Harrison,061
HARRISON|FRANKLINCENTRAL,47,1.000000000000,Harrison,061
HARRISON|FRANKLINNORTH,47,1.000000000000,Harrison,061
HARRISON|FRANKLINSOUTH,47,1.000000000000,Harrison,061
HARRISON|FRANKLINWEST,47,1.000000000000,Harrison,061
HARRISON|HARRISONEAST,47,1.000000000000,Harrison,061
HARRISON|HARRISONNORTH,47,1.000000000000,Harrison,061
HARRISON|HARRISONNORTHEAST,47,1.000000000000,Harrison,061
HARRISON|HARRISONNORTHWEST,47,1.000000000000,Harrison,061
HARRISON|HARRISONSOUTH,47,1.000000000000,Harrison,061
HARRISON|HARRISONSOUTHEAST,47,1.000000000000,Harrison,061
HARRISON|HARRISONSOUTHWEST,47,1.000000000000,Harrison,061
HARRISON|HARRISONWEST,47,0.999728341438,Harrison,061
HARRISON|HARRISONWEST,48,0.000271658562,Harrison,061
HARRISON|HETHEAST,47,1.000000000000,Harrison,061
HARRISON|HETHWEST,47,1.000000000000,Harrison,061
HARRISON|JACKSONNORTH,47,1.000000000000,Harrison,061
HARRISON|JACKSONNORTHEAST,47,1.000000000000,Harrison,061
HARRISON|JACKSONNORTHWEST,47,1.000000000000,Harrison,061
HARRISON|JACKSONSOUTHEAST,47,1.000000000000,Harrison,061
HARRISON|JACKSONSOUTHWEST,47,1.000000000000,Harrison,061
HARRISON|MORGANNORTHEAST,47,1.000000000000,Harrison,061
HARRISON|MORGANNORTHWEST,47,1.000000000000,Harrison,061
HARRISON|MORGANSOUTH,47,1.000000000000,Harrison,061
HARRISON|MORGANSOUTHWEST,47,1.000000000000,Harrison,061
HARRISON|POSEYNORTHEAST,47,1.000000000000,Harrison,061
HARRISON|POSEYSOUTHEAST,47,1.000000000000,Harrison,061
HARRISON|POSEYWEST,47,1.000000000000,Harrison,061
HARRISON|SPENCERNORTH,47,0.998759371770,Harrison,061
HARRISON|SPENCERNORTH,48,0.001240628230,Harrison,061
HARRISON|SPENCERSOUTH,47,0.999698428074,Harrison,061
HARRISON|SPENCERSOUTH,48,0.000301571926,Harrison,061
HARRISON|TAYLOR,47,1.000000000000,Harrison,061
HARRISON|WASHINGTON,47,1.000000000000,Harrison,061
HARRISON|WEBSTEREAST,47,1.000000000000,Harrison,061
HARRISON|WEBSTERWEST,47,1.000000000000,Harrison,061
HENDRICKS|BROWN1,7,0.999805179634,Hendricks,063
HENDRICKS|BROWN1,29,0.000194820366,Hendricks,063
HENDRICKS|BROWN2,7,1.000000000000,Hendricks,063
HENDRICKS|BROWN3,7,1.000000000000,Hendricks,063
HENDRICKS|BROWN4,7,0.999964877208,Hendricks,063
HENDRICKS|BROWN4,24,0.000035122792,Hendricks,063
HENDRICKS|BROWN5,7,0.999946064467,Hendricks,063
HENDRICKS|BROWN5,24,0.000012914145,Hendricks,063
HENDRICKS|BROWN5,29,0.000041021388,Hendricks,063
HENDRICKS|BROWN6,7,0.999989818859,Hendricks,063
HENDRICKS|BROWN6,24,0.000010181141,Hendricks,063
HENDRICKS|BROWN7,7,1.000000000000,Hendricks,063
HENDRICKS|BROWN8,7,1.000000000000,Hendricks,063
HENDRICKS|CENTER1,24,1.000000000000,Hendricks,063
HENDRICKS|CENTER10,24,1.000000000000,Hendricks,063
HENDRICKS|CENTER2,24,1.000000000000,Hendricks,063
HENDRICKS|CENTER3,24,1.000000000000,Hendricks,063
HENDRICKS|CENTER4,24,0.999738354154,Hendricks,063
HENDRICKS|CENTER4,35,0.000261645846,Hendricks,063
HENDRICKS|CENTER5,24,1.000000000000,Hendricks,063
HENDRICKS|CENTER6,24,1.000000000000,Hendricks,063
HENDRICKS|CENTER7,7,0.000010950080,Hendricks,063
HENDRICKS|CENTER7,24,0.999989049920,Hendricks,063
HENDRICKS|CENTER8,7,0.000086155430,Hendricks,063
HENDRICKS|CENTER8,24,0.999913844570,Hendricks,063
HENDRICKS|CENTER9,24,0.999990806559,Hendricks,063
HENDRICKS|CENTER9,35,0.000009193441,Hendricks,063
HENDRICKS|CLAY1,24,0.999982815674,Hendricks,063
HENDRICKS|CLAY1,35,0.000017184326,Hendricks,063
HENDRICKS|CLAY2,24,1.000000000000,Hendricks,063
HENDRICKS|EELRIVER1,7,1.000000000000,Hendricks,063
HENDRICKS|EELRIVER2,7,0.999959020724,Hendricks,063
HENDRICKS|EELRIVER2,24,0.000040979276,Hendricks,063
HENDRICKS|FRANKLIN1,24,0.999735817607,Hendricks,063
HENDRICKS|FRANKLIN1,35,0.000024211541,Hendricks,063
HENDRICKS|FRANKLIN1,37,0.000239970852,Hendricks,063
HENDRICKS|GUILFORD1,35,1.000000000000,Hendricks,063
HENDRICKS|GUILFORD10,35,1.000000000000,Hendricks,063
HENDRICKS|GUILFORD11,35,1.000000000000,Hendricks,063
HENDRICKS|GUILFORD12,35,0.999860179578,Hendricks,063
HENDRICKS|GUILFORD12,37,0.000139820422,Hendricks,063
HENDRICKS|GUILFORD13,35,1.000000000000,Hendricks,063
HENDRICKS|GUILFORD14,35,1.000000000000,Hendricks,063
HENDRICKS|GUILFORD15,35,0.999772448307,Hendricks,063
HENDRICKS|GUILFORD15,37,0.000227551693,Hendricks,063
HENDRICKS|GUILFORD16,35,1.000000000000,Hendricks,063
HENDRICKS|GUILFORD17,24,0.000136550372,Hendricks,063
HENDRICKS|GUILFORD17,35,0.999863449628,Hendricks,063
HENDRICKS|GUILFORD18,24,0.001304605314,Hendricks,063
HENDRICKS|GUILFORD18,35,0.998695394686,Hendricks,063
HENDRICKS|GUILFORD19,35,1.000000000000,Hendricks,063
HENDRICKS|GUILFORD2,35,1.000000000000,Hendricks,063
HENDRICKS|GUILFORD20,35,1.000000000000,Hendricks,063
HENDRICKS|GUILFORD21,35,1.000000000000,Hendricks,063
HENDRICKS|GUILFORD22,35,1.000000000000,Hendricks,063
HENDRICKS|GUILFORD3,35,1.000000000000,Hendricks,063
HENDRICKS|GUILFORD4,35,1.000000000000,Hendricks,063
HENDRICKS|GUILFORD5,24,0.000008196031,Hendricks,063
HENDRICKS|GUILFORD5,35,0.999991803969,Hendricks,063
HENDRICKS|GUILFORD6,35,1.000000000000,Hendricks,063
HENDRICKS|GUILFORD7,35,1.000000000000,Hendricks,063
HENDRICKS|GUILFORD8,35,1.000000000000,Hendricks,063
HENDRICKS|GUILFORD9,35,0.999961560154,Hendricks,063
HENDRICKS|GUILFORD9,37,0.000038439846,Hendricks,063
HENDRICKS|LIBERTY1,24,0.000134781594,Hendricks,063
HENDRICKS|LIBERTY1,35,0.999865218406,Hendricks,063
HENDRICKS|LIBERTY2,24,0.000000366107,Hendricks,063
HENDRICKS|LIBERTY2,35,0.999979957608,Hendricks,063
HENDRICKS|LIBERTY2,37,0.000019676285,Hendricks,063
HENDRICKS|LIBERTY3,24,0.000053722662,Hendricks,063
HENDRICKS|LIBERTY3,35,0.999819564771,Hendricks,063
HENDRICKS|LIBERTY3,37,0.000126712568,Hendricks,063
HENDRICKS|LIBERTY4,35,1.000000000000,Hendricks,063
HENDRICKS|LIBERTY5,24,0.000004378590,Hendricks,063
HENDRICKS|LIBERTY5,35,0.999995621410,Hendricks,063
HENDRICKS|LINCOLN1,7,0.000421887294,Hendricks,063
HENDRICKS|LINCOLN1,24,0.999578112706,Hendricks,063
HENDRICKS|LINCOLN10,24,0.999948266033,Hendricks,063
HENDRICKS|LINCOLN10,29,0.000051733967,Hendricks,063
HENDRICKS|LINCOLN11,24,0.999800853667,Hendricks,063
HENDRICKS|LINCOLN11,29,0.000199146333,Hendricks,063
HENDRICKS|LINCOLN12,7,0.000106566541,Hendricks,063
HENDRICKS|LINCOLN12,24,0.999893433459,Hendricks,063
HENDRICKS|LINCOLN13,24,1.000000000000,Hendricks,063
HENDRICKS|LINCOLN14,24,1.000000000000,Hendricks,063
HENDRICKS|LINCOLN15,24,1.000000000000,Hendricks,063
HENDRICKS|LINCOLN16,24,1.000000000000,Hendricks,063
HENDRICKS|LINCOLN17,7,0.000240569685,Hendricks,063
HENDRICKS|LINCOLN17,24,0.999759430315,Hendricks,063
HENDRICKS|LINCOLN18,7,0.000371971169,Hendricks,063
HENDRICKS|LINCOLN18,24,0.999516364069,Hendricks,063
HENDRICKS|LINCOLN18,29,0.000111664762,Hendricks,063
HENDRICKS|LINCOLN19,7,0.000160756566,Hendricks,063
HENDRICKS|LINCOLN19,24,0.999839243434,Hendricks,063
HENDRICKS|LINCOLN2,24,1.000000000000,Hendricks,063
HENDRICKS|LINCOLN3,24,1.000000000000,Hendricks,063
HENDRICKS|LINCOLN4,24,1.000000000000,Hendricks,063
HENDRICKS|LINCOLN5,24,1.000000000000,Hendricks,063
HENDRICKS|LINCOLN6,24,1.000000000000,Hendricks,063
HENDRICKS|LINCOLN7,24,1.000000000000,Hendricks,063
HENDRICKS|LINCOLN8,7,0.000243703198,Hendricks,063
HENDRICKS|LINCOLN8,24,0.999756296802,Hendricks,063
HENDRICKS|LINCOLN9,7,0.000002207686,Hendricks,063
HENDRICKS|LINCOLN9,24,0.999997792314,Hendricks,063
HENDRICKS|MARION1,7,0.000048184791,Hendricks,063
HENDRICKS|MARION1,24,0.999951815209,Hendricks,063
HENDRICKS|MIDDLE1,7,1.000000000000,Hendricks,063
HENDRICKS|MIDDLE2,7,1.000000000000,Hendricks,063
HENDRICKS|MIDDLE3,7,0.999831043978,Hendricks,063
HENDRICKS|MIDDLE3,24,0.000168956022,Hendricks,063
HENDRICKS|MIDDLE4,7,1.000000000000,Hendricks,063
HENDRICKS|UNION1,7,1.000000000000,Hendricks,063
HENDRICKS|UNION2,7,0.999964314378,Hendricks,063
HENDRICKS|UNION2,24,0.000035685622,Hendricks,063
HENDRICKS|WASHINGTON1,7,0.000053283579,Hendricks,063
HENDRICKS|WASHINGTON1,24,0.999946716421,Hendricks,063
HENDRICKS|WASHINGTON10,24,1.000000000000,Hendricks,063
HENDRICKS|WASHINGTON11,24,1.000000000000,Hendricks,063
HENDRICKS|WASHINGTON12,24,1.000000000000,Hendricks,063
HENDRICKS|WASHINGTON13,24,0.999995677148,Hendricks,063
HENDRICKS|WASHINGTON13,35,0.000004322852,Hendricks,063
HENDRICKS|WASHINGTON14,24,1.000000000000,Hendricks,063
HENDRICKS|WASHINGTON15,24,1.000000000000,Hendricks,063
HENDRICKS|WASHINGTON16,24,1.000000000000,Hendricks,063
HENDRICKS|WASHINGTON17,24,0.999960211196,Hendricks,063
HENDRICKS|WASHINGTON17,35,0.000039788804,Hendricks,063
HENDRICKS|WASHINGTON18,24,1.000000000000,Hendricks,063
HENDRICKS|WASHINGTON19,24,1.000000000000,Hendricks,063
HENDRICKS|WASHINGTON2,24,1.000000000000,Hendricks,063
HENDRICKS|WASHINGTON20,24,0.999943760128,Hendricks,063
HENDRICKS|WASHINGTON20,35,0.000056239872,Hendricks,063
HENDRICKS|WASHINGTON21,24,1.000000000000,Hendricks,063
HENDRICKS|WASHINGTON22,24,0.999936965446,Hendricks,063
HENDRICKS|WASHINGTON22,35,0.000063034554,Hendricks,063
HENDRICKS|WASHINGTON23,24,0.998854957026,Hendricks,063
HENDRICKS|WASHINGTON23,29,0.001102909909,Hendricks,063
HENDRICKS|WASHINGTON23,35,0.000042133065,Hendricks,063
HENDRICKS|WASHINGTON24,24,1.000000000000,Hendricks,063
HENDRICKS|WASHINGTON25,24,1.000000000000,Hendricks,063
HENDRICKS|WASHINGTON26,24,1.000000000000,Hendricks,063
HENDRICKS|WASHINGTON27,24,1.000000000000,Hendricks,063
HENDRICKS|WASHINGTON28,24,0.999997600744,Hendricks,063
HENDRICKS|WASHINGTON28,29,0.000002399256,Hendricks,063
HENDRICKS|WASHINGTON3,24,0.999606714092,Hendricks,063
HENDRICKS|WASHINGTON3,29,0.000393285908,Hendricks,063
HENDRICKS|WASHINGTON4,24,0.999839154372,Hendricks,063
HENDRICKS|WASHINGTON4,29,0.000023608150,Hendricks,063
HENDRICKS|WASHINGTON4,35,0.000137237479,Hendricks,063
HENDRICKS|WASHINGTON5,24,0.999842711092,Hendricks,063
HENDRICKS|WASHINGTON5,35,0.000157288908,Hendricks,063
HENDRICKS|WASHINGTON6,24,0.999821296027,Hendricks,063
HENDRICKS|WASHINGTON6,29,0.000178703973,Hendricks,063
HENDRICKS|WASHINGTON7,24,1.000000000000,Hendricks,063
HENDRICKS|WASHINGTON8,24,1.000000000000,Hendricks,063
HENDRICKS|WASHINGTON9,24,1.000000000000,Hendricks,063
HENRY|BLUERIVER,26,0.000007830967,Henry,065
HENRY|BLUERIVER,27,0.999992169033,Henry,065
HENRY|DUDLEY,27,0.999951275732,Henry,065
HENRY|DUDLEY,42,0.000048724268,Henry,065
HENRY|FALLCREEK1,26,0.000803107441,Henry,065
HENRY|FALLCREEK1,27,0.999196892559,Henry,065
HENRY|FALLCREEK2,26,0.000036296122,Henry,065
HENRY|FALLCREEK2,27,0.999963703878,Henry,065
HENRY|FALLCREEK3,25,0.000011160784,Henry,065
HENRY|FALLCREEK3,27,0.999988839216,Henry,065
HENRY|FALLCREEK4,25,0.000059155466,Henry,065
HENRY|FALLCREEK4,27,0.999940844534,Henry,065
HENRY|FRANKLIN,27,0.999980915126,Henry,065
HENRY|FRANKLIN,42,0.000019084874,Henry,065
HENRY|GREENSBORO,27,0.999948591667,Henry,065
HENRY|GREENSBORO,28,0.000051408333,Henry,065
HENRY|HARRISON,25,0.000000690488,Henry,065
HENRY|HARRISON,27,0.999995935460,Henry,065
HENRY|HARRISON,28,0.000003374052,Henry,065
HENRY|HENRY1,27,1.000000000000,Henry,065
HENRY|HENRY10,27,1.000000000000,Henry,065
HENRY|HENRY11,27,1.000000000000,Henry,065
HENRY|HENRY12,27,1.000000000000,Henry,065
HENRY|HENRY13,27,1.000000000000,Henry,065
HENRY|HENRY14,27,1.000000000000,Henry,065
HENRY|HENRY15,27,1.000000000000,Henry,065
HENRY|HENRY16,27,1.000000000000,Henry,065
HENRY|HENRY17,27,1.000000000000,Henry,065
HENRY|HENRY18,27,1.000000000000,Henry,065
HENRY|HENRY19,27,1.000000000000,Henry,065
HENRY|HENRY2,27,1.000000000000,Henry,065
HENRY|HENRY20,27,1.000000000000,Henry,065
HENRY|HENRY3,27,1.000000000000,Henry,065
HENRY|HENRY4,27,1.000000000000,Henry,065
HENRY|HENRY5,27,1.000000000000,Henry,065
HENRY|HENRY6,27,1.000000000000,Henry,065
HENRY|HENRY7,27,1.000000000000,Henry,065
HENRY|HENRY8,27,1.000000000000,Henry,065
HENRY|HENRY9,27,1.000000000000,Henry,065
HENRY|JEFFERSON,26,0.000013472318,Henry,065
HENRY|JEFFERSON,27,0.999986527682,Henry,065
HENRY|LIBERTY1,27,1.000000000000,Henry,065
HENRY|LIBERTY2,27,1.000000000000,Henry,065
HENRY|PRAIRIE1,26,0.000060389347,Henry,065
HENRY|PRAIRIE1,27,0.999939610653,Henry,065
HENRY|PRAIRIE2,27,1.000000000000,Henry,065
HENRY|PRAIRIE3,27,1.000000000000,Henry,065
HENRY|SPICELAND1,27,1.000000000000,Henry,065
HENRY|SPICELAND2,27,0.999891180198,Henry,065
HENRY|SPICELAND2,42,0.000108819802,Henry,065
HENRY|STONEYCREEK,26,0.000071937178,Henry,065
HENRY|STONEYCREEK,27,0.999928062822,Henry,065
HENRY|WAYNE1,27,0.999981960547,Henry,065
HENRY|WAYNE1,28,0.000018039453,Henry,065
HENRY|WAYNE2,27,0.999660529119,Henry,065
HENRY|WAYNE2,42,0.000339470881,Henry,065
HENRY|WAYNE3,27,0.999980074994,Henry,065
HENRY|WAYNE3,42,0.000019925006,Henry,065
HOWARD|101,21,1.000000000000,Howard,067
HOWARD|102,18,0.000428549327,Howard,067
HOWARD|102,21,0.999571450673,Howard,067
HOWARD|103,18,0.000274953802,Howard,067
HOWARD|103,21,0.999725046198,Howard,067
HOWARD|104,21,1.000000000000,Howard,067
HOWARD|105,21,1.000000000000,Howard,067
HOWARD|106,18,0.015238598650,Howard,067
HOWARD|106,21,0.984761401350,Howard,067
HOWARD|107,21,1.000000000000,Howard,067
HOWARD|108,21,1.000000000000,Howard,067
HOWARD|109,18,0.000027481331,Howard,067
HOWARD|109,21,0.999972518669,Howard,067
HOWARD|110,21,1.000000000000,Howard,067
HOWARD|201,21,1.000000000000,Howard,067
HOWARD|202,21,1.000000000000,Howard,067
HOWARD|203,21,1.000000000000,Howard,067
HOWARD|204,21,1.000000000000,Howard,067
HOWARD|205,21,1.000000000000,Howard,067
HOWARD|206,21,1.000000000000,Howard,067
HOWARD|207,21,1.000000000000,Howard,067
HOWARD|301,21,1.000000000000,Howard,067
HOWARD|302,21,1.000000000000,Howard,067
HOWARD|303,21,1.000000000000,Howard,067
HOWARD|304,21,1.000000000000,Howard,067
HOWARD|305,21,1.000000000000,Howard,067
HOWARD|306,21,1.000000000000,Howard,067
HOWARD|401,21,1.000000000000,Howard,067
HOWARD|402,21,1.000000000000,Howard,067
HOWARD|403,21,1.000000000000,Howard,067
HOWARD|404,21,1.000000000000,Howard,067
HOWARD|405,21,1.000000000000,Howard,067
HOWARD|406,21,1.000000000000,Howard,067
HOWARD|501,21,1.000000000000,Howard,067
HOWARD|502,21,1.000000000000,Howard,067
HOWARD|503,21,1.000000000000,Howard,067
HOWARD|601,18,0.000147012933,Howard,067
HOWARD|601,21,0.999852987067,Howard,067
HOWARD|602,21,1.000000000000,Howard,067
HOWARD|603,18,0.000046380205,Howard,067
HOWARD|603,21,0.999953619795,Howard,067
HOWARD|604,21,1.000000000000,Howard,067
HOWARD|605,21,1.000000000000,Howard,067
HOWARD|CENTERA,18,0.999855454637,Howard,067
HOWARD|CENTERA,21,0.000144545363,Howard,067
HOWARD|CENTERB,18,0.000045967542,Howard,067
HOWARD|CENTERB,21,0.999954032458,Howard,067
HOWARD|CENTERC,21,1.000000000000,Howard,067
HOWARD|CLAY1,21,1.000000000000,Howard,067
HOWARD|CLAY2,18,0.000115195495,Howard,067
HOWARD|CLAY2,21,0.999884804505,Howard,067
HOWARD|CLAYA,18,1.000000000000,Howard,067
HOWARD|CLAYB,18,0.999990062320,Howard,067
HOWARD|CLAYB,21,0.000009937680,Howard,067
HOWARD|CLAYC,18,0.992484728976,Howard,067
HOWARD|CLAYC,21,0.007515271024,Howard,067
HOWARD|ERVINA,18,0.999877467525,Howard,067
HOWARD|ERVINA,22,0.000122532475,Howard,067
HOWARD|ERVINB,18,0.999963295978,Howard,067
HOWARD|ERVINB,22,0.000036704022,Howard,067
HOWARD|HARRISON1,21,1.000000000000,Howard,067
HOWARD|HARRISON2,21,1.000000000000,Howard,067
HOWARD|HARRISONA,18,0.006091306462,Howard,067
HOWARD|HARRISONA,21,0.993908693538,Howard,067
HOWARD|HARRISONB,21,1.000000000000,Howard,067
HOWARD|HARRISONC,18,0.000015183129,Howard,067
HOWARD|HARRISONC,21,0.999984816871,Howard,067
HOWARD|HONEYCREEKA,7,0.000061299118,Howard,067
HOWARD|HONEYCREEKA,18,0.000018874698,Howard,067
HOWARD|HONEYCREEKA,21,0.999919826185,Howard,067
HOWARD|HONEYCREEKB,21,1.000000000000,Howard,067
HOWARD|HOWARD1,18,0.003071082005,Howard,067
HOWARD|HOWARD1,21,0.996928917995,Howard,067
HOWARD|HOWARDA,18,0.999657750246,Howard,067
HOWARD|HOWARDA,21,0.000342249754,Howard,067
HOWARD|HOWARDB,18,0.999890014023,Howard,067
HOWARD|HOWARDB,21,0.000109985977,Howard,067
HOWARD|JACKSON,17,0.000001844277,Howard,067
HOWARD|JACKSON,18,0.999998155723,Howard,067
HOWARD|LIBERTYA,18,1.000000000000,Howard,067
HOWARD|LIBERTYB,18,1.000000000000,Howard,067
HOWARD|LIBERTYC,18,0.999920279529,Howard,067
HOWARD|LIBERTYC,21,0.000079720471,Howard,067
HOWARD|LIBERTYD,18,1.000000000000,Howard,067
HOWARD|MONROE,7,0.000013629403,Howard,067
HOWARD|MONROE,18,0.999952370502,Howard,067
HOWARD|MONROE,21,0.000030075162,Howard,067
HOWARD|MONROE,22,0.000003924933,Howard,067
HOWARD|TAYLOR1,21,1.000000000000,Howard,067
HOWARD|TAYLOR2,21,1.000000000000,Howard,067
HOWARD|TAYLOR3,21,1.000000000000,Howard,067
HOWARD|TAYLOR4,21,1.000000000000,Howard,067
HOWARD|TAYLORA,18,0.000154294269,Howard,067
HOWARD|TAYLORA,21,0.999845705731,Howard,067
HOWARD|TAYLORB,18,0.000041919457,Howard,067
HOWARD|TAYLORB,21,0.999958080543,Howard,067
HOWARD|TAYLORC,21,1.000000000000,Howard,067
HOWARD|UNION,17,0.000005794478,Howard,067
HOWARD|UNION,18,0.999971038433,Howard,067
HOWARD|UNION,21,0.000023167089,Howard,067
HUNTINGTON|CLEARCREEK1,16,0.000005759300,Huntington,069
HUNTINGTON|CLEARCREEK1,17,0.999994240700,Huntington,069
HUNTINGTON|CLEARCREEK2,17,1.000000000000,Huntington,069
HUNTINGTON|DALLAS1,17,1.000000000000,Huntington,069
HUNTINGTON|DALLAS2,17,1.000000000000,Huntington,069
HUNTINGTON|HUNTINGTON01A,17,1.000000000000,Huntington,069
HUNTINGTON|HUNTINGTON02A,17,1.000000000000,Huntington,069
HUNTINGTON|HUNTINGTON05A,17,1.000000000000,Huntington,069
HUNTINGTON|HUNTINGTON06A,17,1.000000000000,Huntington,069
HUNTINGTON|HUNTINGTON07A,17,1.000000000000,Huntington,069
HUNTINGTON|HUNTINGTON1,17,1.000000000000,Huntington,069
HUNTINGTON|HUNTINGTON10,17,1.000000000000,Huntington,069
HUNTINGTON|HUNTINGTON11,17,1.000000000000,Huntington,069
HUNTINGTON|HUNTINGTON11A,17,1.000000000000,Huntington,069
HUNTINGTON|HUNTINGTON12,17,1.000000000000,Huntington,069
HUNTINGTON|HUNTINGTON12A,17,1.000000000000,Huntington,069
HUNTINGTON|HUNTINGTON13NV,17,1.000000000000,Huntington,069
HUNTINGTON|HUNTINGTON2,17,1.000000000000,Huntington,069
HUNTINGTON|HUNTINGTON3,17,1.000000000000,Huntington,069
HUNTINGTON|HUNTINGTON4,17,1.000000000000,Huntington,069
HUNTINGTON|HUNTINGTON5,17,1.000000000000,Huntington,069
HUNTINGTON|HUNTINGTON6,17,1.000000000000,Huntington,069
HUNTINGTON|HUNTINGTON7,17,1.000000000000,Huntington,069
HUNTINGTON|HUNTINGTON8,17,1.000000000000,Huntington,069
HUNTINGTON|HUNTINGTON9,17,1.000000000000,Huntington,069
HUNTINGTON|JACKSON1,16,0.000001414786,Huntington,069
HUNTINGTON|JACKSON1,17,0.999958207983,Huntington,069
HUNTINGTON|JACKSON1,19,0.000040377231,Huntington,069
HUNTINGTON|JACKSON2,17,0.999924124121,Huntington,069
HUNTINGTON|JACKSON2,19,0.000075875879,Huntington,069
HUNTINGTON|JACKSON3,17,1.000000000000,Huntington,069
HUNTINGTON|JACKSON4,17,1.000000000000,Huntington,069
HUNTINGTON|JEFFERSON,17,1.000000000000,Huntington,069
HUNTINGTON|LANCASTER,17,1.000000000000,Huntington,069
HUNTINGTON|POLK,17,1.000000000000,Huntington,069
HUNTINGTON|ROCKCREEK,17,0.999997009130,Huntington,069
HUNTINGTON|ROCKCREEK,19,0.000002990870,Huntington,069
HUNTINGTON|SALAMONIE1,17,0.999961288218,Huntington,069
HUNTINGTON|SALAMONIE1,19,0.000038711782,Huntington,069
HUNTINGTON|SALAMONIE2,17,1.000000000000,Huntington,069
HUNTINGTON|UNION,17,0.999910295492,Huntington,069
HUNTINGTON|UNION,19,0.000089704508,Huntington,069
HUNTINGTON|WARREN,16,0.000002626617,Huntington,069
HUNTINGTON|WARREN,17,0.999997373383,Huntington,069
HUNTINGTON|WAYNE,17,1.000000000000,Huntington,069
JACKSON|BROWNSTOWN1,44,1.000000000000,Jackson,071
JACKSON|BROWNSTOWN2,44,1.000000000000,Jackson,071
JACKSON|BROWNSTOWN4,44,1.000000000000,Jackson,071
JACKSON|BROWNSTOWNTWPEAST,44,1.000000000000,Jackson,071
JACKSON|BROWNSTOWNTWPWEST,44,1.000000000000,Jackson,071
JACKSON|CARR,44,0.999869072295,Jackson,071
JACKSON|CARR,47,0.000130927705,Jackson,071
JACKSON|DRIFTWOOD,44,0.999736537480,Jackson,071
JACKSON|DRIFTWOOD,47,0.000263462520,Jackson,071
JACKSON|GRASSYFORK,44,0.999215928110,Jackson,071
JACKSON|GRASSYFORK,47,0.000784071890,Jackson,071
JACKSON|HAMILTON,41,0.000068905171,Jackson,071
JACKSON|HAMILTON,44,0.999931094829,Jackson,071
JACKSON|JACKSON1EAST,44,1.000000000000,Jackson,071
JACKSON|JACKSON2EAST,44,1.000000000000,Jackson,071
JACKSON|JACKSON2WEST,44,1.000000000000,Jackson,071
JACKSON|JACKSON3NORTH,44,1.000000000000,Jackson,071
JACKSON|JACKSON3SOUTH,44,1.000000000000,Jackson,071
JACKSON|JACKSON4NORTH,44,1.000000000000,Jackson,071
JACKSON|JACKSON4SOUTH,44,1.000000000000,Jackson,071
JACKSON|JACKSON5EAST,44,1.000000000000,Jackson,071
JACKSON|JACKSON5NORTH,44,1.000000000000,Jackson,071
JACKSON|JACKSON6,43,0.000085699037,Jackson,071
JACKSON|JACKSON6,44,0.999914300963,Jackson,071
JACKSON|JACKSON7,44,1.000000000000,Jackson,071
JACKSON|OWEN,44,1.000000000000,Jackson,071
JACKSON|PERSHING,41,0.000006830824,Jackson,071
JACKSON|PERSHING,44,0.999993169176,Jackson,071
JACKSON|REDDINGEAST,41,0.000056367591,Jackson,071
JACKSON|REDDINGEAST,42,0.000023130945,Jackson,071
JACKSON|REDDINGEAST,43,0.000022501643,Jackson,071
JACKSON|REDDINGEAST,44,0.999897999820,Jackson,071
JACKSON|REDDINGSEYMOURCITY,44,1.000000000000,Jackson,071
JACKSON|REDDINGWEST,41,0.000068870725,Jackson,071
JACKSON|REDDINGWEST,44,0.999931129275,Jackson,071
JACKSON|SALTCREEK,44,1.000000000000,Jackson,071
JACKSON|VERNONCROTHERSVILLE,44,1.000000000000,Jackson,071
JACKSON|VERNONNORTH,43,0.000100321146,Jackson,071
JACKSON|VERNONNORTH,44,0.999899678854,Jackson,071
JACKSON|VERNONSOUTH,43,0.001015312798,Jackson,071
JACKSON|VERNONSOUTH,44,0.998819483901,Jackson,071
JACKSON|VERNONSOUTH,47,0.000165203301,Jackson,071
JACKSON|WASHINGTON,43,0.000005127616,Jackson,071
JACKSON|WASHINGTON,44,0.999994872384,Jackson,071
JASPER|BARKLEYNORTH,5,0.999950516071,Jasper,073
JASPER|BARKLEYNORTH,6,0.000049483929,Jasper,073
JASPER|BARKLEYSOUTH,5,0.999813174173,Jasper,073
JASPER|BARKLEYSOUTH,6,0.000186825827,Jasper,073
JASPER|CARPENTEREAST,5,0.000031680083,Jasper,073
JASPER|CARPENTEREAST,6,0.999968319917,Jasper,073
JASPER|CARPENTERWEST,6,1.000000000000,Jasper,073
JASPER|GILLIAM,5,1.000000000000,Jasper,073
JASPER|HANGINGGROVE,5,0.999992555611,Jasper,073
JASPER|HANGINGGROVE,6,0.000007444389,Jasper,073
JASPER|JORDAN,5,0.000008510289,Jasper,073
JASPER|JORDAN,6,0.999991489711,Jasper,073
JASPER|KANKAKEE,5,0.999926652828,Jasper,073
JASPER|KANKAKEE,8,0.000073347172,Jasper,073
JASPER|KEENER1,6,1.000000000000,Jasper,073
JASPER|KEENER2,5,0.000129953894,Jasper,073
JASPER|KEENER2,6,0.999870046106,Jasper,073
JASPER|KEENER3,6,1.000000000000,Jasper,073
JASPER|KEENER4,6,1.000000000000,Jasper,073
JASPER|KEENER5,6,1.000000000000,Jasper,073
JASPER|MARION1,6,1.000000000000,Jasper,073
JASPER|MARION2,6,1.000000000000,Jasper,073
JASPER|MARION3,6,1.000000000000,Jasper,073
JASPER|MARION4,6,1.000000000000,Jasper,073
JASPER|MARION5,6,1.000000000000,Jasper,073
JASPER|MARION6,5,0.000072711584,Jasper,073
JASPER|MARION6,6,0.999927288416,Jasper,073
JASPER|MARION7,5,0.000105582340,Jasper,073
JASPER|MARION7,6,0.999894417660,Jasper,073
JASPER|MILROY,5,0.999894300458,Jasper,073
JASPER|MILROY,6,0.000105699542,Jasper,073
JASPER|NEWTON,6,1.000000000000,Jasper,073
JASPER|UNIONNORTH,5,0.000009399096,Jasper,073
JASPER|UNIONNORTH,6,0.999990600904,Jasper,073
JASPER|UNIONSOUTH,5,0.000064004155,Jasper,073
JASPER|UNIONSOUTH,6,0.999935995845,Jasper,073
JASPER|WALKEREAST,5,1.000000000000,Jasper,073
JASPER|WALKERWEST,5,0.999923800184,Jasper,073
JASPER|WALKERWEST,6,0.000076199816,Jasper,073
JASPER|WHEATFIELDEAST,5,1.000000000000,Jasper,073
JASPER|WHEATFIELDWEST1,5,0.999921879545,Jasper,073
JASPER|WHEATFIELDWEST1,6,0.000078120455,Jasper,073
JASPER|WHEATFIELDWEST2,5,0.999955455491,Jasper,073
JASPER|WHEATFIELDWEST2,6,0.000044544509,Jasper,073
JAY|BEARCREEK,19,1.000000000000,Jay,075
JAY|DUNKIRK1,19,0.999963860994,Jay,075
JAY|DUNKIRK1,26,0.000036139006,Jay,075
JAY|DUNKIRK3,19,1.000000000000,Jay,075
JAY|GREENE,19,1.000000000000,Jay,075
JAY|JACKSON,19,1.000000000000,Jay,075
JAY|JEFFERSON,19,0.999879199612,Jay,075
JAY|JEFFERSON,26,0.000120800388,Jay,075
JAY|KNOX,19,1.000000000000,Jay,075
JAY|MADISON,19,0.999912659515,Jay,075
JAY|MADISON,26,0.000087340485,Jay,075
JAY|NOBLE,19,1.000000000000,Jay,075
JAY|PENN,19,1.000000000000,Jay,075
JAY|PIKE,19,0.999919495106,Jay,075
JAY|PIKE,26,0.000080504894,Jay,075
JAY|REDKEY,19,0.999865296979,Jay,075
JAY|REDKEY,26,0.000134703021,Jay,075
JAY|WABASH,19,1.000000000000,Jay,075
JAY|WAYNE1,19,1.000000000000,Jay,075
JAY|WAYNE2,19,1.000000000000,Jay,075
JAY|WAYNE3,19,1.000000000000,Jay,075
JAY|WAYNE4,19,1.000000000000,Jay,075
JAY|WAYNE7,19,1.000000000000,Jay,075
JEFFERSON|GRAHAMTWP,43,1.000000000000,Jefferson,077
JEFFERSON|HANOVERTWP02A,43,1.000000000000,Jefferson,077
JEFFERSON|HANOVERTWP1,43,1.000000000000,Jefferson,077
JEFFERSON|HANOVERTWP2,43,1.000000000000,Jefferson,077
JEFFERSON|HANOVERTWP3,43,1.000000000000,Jefferson,077
JEFFERSON|LANCASTERTWP,43,1.000000000000,Jefferson,077
JEFFERSON|MADISON11,43,1.000000000000,Jefferson,077
JEFFERSON|MADISON12,43,1.000000000000,Jefferson,077
JEFFERSON|MADISON21,43,1.000000000000,Jefferson,077
JEFFERSON|MADISON22,43,1.000000000000,Jefferson,077
JEFFERSON|MADISON401A,43,1.000000000000,Jefferson,077
JEFFERSON|MADISON41,43,1.000000000000,Jefferson,077
JEFFERSON|MADISON42,43,1.000000000000,Jefferson,077
JEFFERSON|MADISON43,43,1.000000000000,Jefferson,077
JEFFERSON|MADISON51,43,1.000000000000,Jefferson,077
JEFFERSON|MADISON52,43,1.000000000000,Jefferson,077
JEFFERSON|MADISONTWP1,43,1.000000000000,Jefferson,077
JEFFERSON|MADISONTWP2,43,1.000000000000,Jefferson,077
JEFFERSON|MADISONTWP3,43,1.000000000000,Jefferson,077
JEFFERSON|MILTONTWP,43,1.000000000000,Jefferson,077
JEFFERSON|MONROETWP,42,0.000033596629,Jefferson,077
JEFFERSON|MONROETWP,43,0.999966403371,Jefferson,077
JEFFERSON|REPUBLICANTWP,43,1.000000000000,Jefferson,077
JEFFERSON|SALUDATWP,43,0.999943474482,Jefferson,077
JEFFERSON|SALUDATWP,45,0.000056525518,Jefferson,077
JEFFERSON|SHELBYTWP,42,0.000026509558,Jefferson,077
JEFFERSON|SHELBYTWP,43,0.999973490442,Jefferson,077
JEFFERSON|SMYRNA,43,1.000000000000,Jefferson,077
JEFFERSON|WARD3,43,1.000000000000,Jefferson,077
JENNINGS|BIGGER,42,0.000045256410,Jennings,079
JENNINGS|BIGGER,43,0.999954743590,Jennings,079
JENNINGS|CAMPBELL,42,0.999991100671,Jennings,079
JENNINGS|CAMPBELL,43,0.000008899329,Jennings,079
JENNINGS|CENTEREAST,42,1.000000000000,Jennings,079
JENNINGS|CENTERWEST,42,0.000536365642,Jennings,079
JENNINGS|CENTERWEST,43,0.999463634358,Jennings,079
JENNINGS|COLUMBIA,42,1.000000000000,Jennings,079
JENNINGS|GENEVA1EAST,42,0.999975023193,Jennings,079
JENNINGS|GENEVA1EAST,43,0.000024976807,Jennings,079
JENNINGS|GENEVA1WEST,42,0.999462510816,Jennings,079
JENNINGS|GENEVA1WEST,43,0.000537489184,Jennings,079
JENNINGS|GENEVA2,41,0.000050600276,Jennings,079
JENNINGS|GENEVA2,42,0.999891752754,Jennings,079
JENNINGS|GENEVA2,43,0.000013895102,Jennings,079
JENNINGS|GENEVA2,44,0.000043751867,Jennings,079
JENNINGS|GENEVA3,41,0.000084675537,Jennings,079
JENNINGS|GENEVA3,42,0.999915324463,Jennings,079
JENNINGS|LOVETT,43,1.000000000000,Jennings,079
JENNINGS|MARION,43,0.999969222114,Jennings,079
JENNINGS|MARION,44,0.000030777886,Jennings,079
JENNINGS|MONTGOMERY,43,1.000000000000,Jennings,079
JENNINGS|NORTHVERNON01A,42,0.999817050734,Jennings,079
JENNINGS|NORTHVERNON01A,43,0.000182949266,Jennings,079
JENNINGS|NORTHVERNON01B,42,0.999818920011,Jennings,079
JENNINGS|NORTHVERNON01B,43,0.000181079989,Jennings,079
JENNINGS|NORTHVERNON02A,42,0.991116739515,Jennings,079
JENNINGS|NORTHVERNON02A,43,0.008883260485,Jennings,079
JENNINGS|NORTHVERNON02B,42,0.999541257175,Jennings,079
JENNINGS|NORTHVERNON02B,43,0.000458742825,Jennings,079
JENNINGS|NORTHVERNON03A,42,0.995796748604,Jennings,079
JENNINGS|NORTHVERNON03A,43,0.004203251396,Jennings,079
JENNINGS|NORTHVERNON03B,42,0.999863813611,Jennings,079
JENNINGS|NORTHVERNON03B,43,0.000136186389,Jennings,079
JENNINGS|NORTHVERNON04A,42,0.999976491054,Jennings,079
JENNINGS|NORTHVERNON04A,43,0.000023508946,Jennings,079
JENNINGS|NORTHVERNON04B,42,1.000000000000,Jennings,079
JENNINGS|SANDCREEK,42,1.000000000000,Jennings,079
JENNINGS|SPENCERNORTH,42,0.000079522737,Jennings,079
JENNINGS|SPENCERNORTH,43,0.999860179213,Jennings,079
JENNINGS|SPENCERNORTH,44,0.000060298050,Jennings,079
JENNINGS|SPENCERSOUTH,43,0.999907595545,Jennings,079
JENNINGS|SPENCERSOUTH,44,0.000092404455,Jennings,079
JENNINGS|VERNONEAST,42,0.000148997991,Jennings,079
JENNINGS|VERNONEAST,43,0.999851002009,Jennings,079
JENNINGS|VERNONWEST,42,0.000003139157,Jennings,079
JENNINGS|VERNONWEST,43,0.999996860843,Jennings,079
JOHNSON|BLUERIVER1,41,1.000000000000,Johnson,081
JOHNSON|BLUERIVER2,41,0.999872651023,Johnson,081
JOHNSON|BLUERIVER2,42,0.000127348977,Johnson,081
JOHNSON|BLUERIVER3,41,0.999930768692,Johnson,081
JOHNSON|BLUERIVER3,42,0.000069231308,Johnson,081
JOHNSON|BLUERIVER4,41,1.000000000000,Johnson,081
JOHNSON|BLUERIVER5,41,0.999755577419,Johnson,081
JOHNSON|BLUERIVER5,42,0.000244422581,Johnson,081
JOHNSON|CLARK1,28,0.000082634835,Johnson,081
JOHNSON|CLARK1,32,0.999897114042,Johnson,081
JOHNSON|CLARK1,41,0.000020251123,Johnson,081
JOHNSON|CLARK2,28,0.000013462673,Johnson,081
JOHNSON|CLARK2,32,0.999986537327,Johnson,081
JOHNSON|CLARK3,32,0.999691374530,Johnson,081
JOHNSON|CLARK3,41,0.000308625470,Johnson,081
JOHNSON|FRANKLIN1,37,0.000069406086,Johnson,081
JOHNSON|FRANKLIN1,41,0.999930593914,Johnson,081
JOHNSON|FRANKLIN10,41,1.000000000000,Johnson,081
JOHNSON|FRANKLIN11,41,1.000000000000,Johnson,081
JOHNSON|FRANKLIN12,41,1.000000000000,Johnson,081
JOHNSON|FRANKLIN13,41,1.000000000000,Johnson,081
JOHNSON|FRANKLIN14,41,1.000000000000,Johnson,081
JOHNSON|FRANKLIN15,41,1.000000000000,Johnson,081
JOHNSON|FRANKLIN16,41,1.000000000000,Johnson,081
JOHNSON|FRANKLIN17,41,1.000000000000,Johnson,081
JOHNSON|FRANKLIN18,41,1.000000000000,Johnson,081
JOHNSON|FRANKLIN19,41,1.000000000000,Johnson,081
JOHNSON|FRANKLIN2,41,1.000000000000,Johnson,081
JOHNSON|FRANKLIN20,41,1.000000000000,Johnson,081
JOHNSON|FRANKLIN3,41,1.000000000000,Johnson,081
JOHNSON|FRANKLIN4,41,1.000000000000,Johnson,081
JOHNSON|FRANKLIN5,41,1.000000000000,Johnson,081
JOHNSON|FRANKLIN6,41,1.000000000000,Johnson,081
JOHNSON|FRANKLIN7,41,1.000000000000,Johnson,081
JOHNSON|FRANKLIN8,37,0.000027351893,Johnson,081
JOHNSON|FRANKLIN8,41,0.999972648107,Johnson,081
JOHNSON|FRANKLIN9,41,1.000000000000,Johnson,081
JOHNSON|HENSLEY1,37,1.000000000000,Johnson,081
JOHNSON|HENSLEY2,37,0.999960733147,Johnson,081
JOHNSON|HENSLEY2,44,0.000039266853,Johnson,081
JOHNSON|HENSLEY3,37,0.999894190151,Johnson,081
JOHNSON|HENSLEY3,41,0.000105809849,Johnson,081
JOHNSON|HENSLEY3,44,0.000000000000,Johnson,081
JOHNSON|NEEDHAM1,41,0.999968748099,Johnson,081
JOHNSON|NEEDHAM1,42,0.000031251901,Johnson,081
JOHNSON|NEEDHAM2,41,1.000000000000,Johnson,081
JOHNSON|NEEDHAM3,28,0.000000003354,Johnson,081
JOHNSON|NEEDHAM3,32,0.000017869653,Johnson,081
JOHNSON|NEEDHAM3,41,0.999899534529,Johnson,081
JOHNSON|NEEDHAM3,42,0.000082592464,Johnson,081
JOHNSON|NEEDHAM4,41,1.000000000000,Johnson,081
JOHNSON|NEEDHAM5,41,1.000000000000,Johnson,081
JOHNSON|NINEVEH1,37,0.000070169510,Johnson,081
JOHNSON|NINEVEH1,41,0.999929829538,Johnson,081
JOHNSON|NINEVEH1,44,0.000000000952,Johnson,081
JOHNSON|NINEVEH2,41,0.999998936952,Johnson,081
JOHNSON|NINEVEH2,44,0.000001063048,Johnson,081
JOHNSON|NINEVEH3,37,0.000005938954,Johnson,081
JOHNSON|NINEVEH3,41,0.999994061046,Johnson,081
JOHNSON|NINEVEH4NV,37,0.000820094438,Johnson,081
JOHNSON|NINEVEH4NV,41,0.999179905562,Johnson,081
JOHNSON|PLEASANT1,41,1.000000000000,Johnson,081
JOHNSON|PLEASANT10,32,1.000000000000,Johnson,081
JOHNSON|PLEASANT11,36,1.000000000000,Johnson,081
JOHNSON|PLEASANT12,32,0.000206613784,Johnson,081
JOHNSON|PLEASANT12,36,0.999793386216,Johnson,081
JOHNSON|PLEASANT13,36,1.000000000000,Johnson,081
JOHNSON|PLEASANT14,32,1.000000000000,Johnson,081
JOHNSON|PLEASANT15,32,0.999999553700,Johnson,081
JOHNSON|PLEASANT15,41,0.000000446300,Johnson,081
JOHNSON|PLEASANT16,36,1.000000000000,Johnson,081
JOHNSON|PLEASANT17,32,1.000000000000,Johnson,081
JOHNSON|PLEASANT18,41,1.000000000000,Johnson,081
JOHNSON|PLEASANT19,41,1.000000000000,Johnson,081
JOHNSON|PLEASANT2,41,1.000000000000,Johnson,081
JOHNSON|PLEASANT20,32,0.999670576465,Johnson,081
JOHNSON|PLEASANT20,41,0.000329423535,Johnson,081
JOHNSON|PLEASANT21,41,1.000000000000,Johnson,081
JOHNSON|PLEASANT22,32,0.999556204521,Johnson,081
JOHNSON|PLEASANT22,37,0.000142017522,Johnson,081
JOHNSON|PLEASANT22,41,0.000301777957,Johnson,081
JOHNSON|PLEASANT23,32,0.000031508474,Johnson,081
JOHNSON|PLEASANT23,36,0.999968491526,Johnson,081
JOHNSON|PLEASANT24,32,1.000000000000,Johnson,081
JOHNSON|PLEASANT25,32,1.000000000000,Johnson,081
JOHNSON|PLEASANT26,32,0.000178760770,Johnson,081
JOHNSON|PLEASANT26,36,0.999821239230,Johnson,081
JOHNSON|PLEASANT27,32,0.000157852863,Johnson,081
JOHNSON|PLEASANT27,36,0.999842147137,Johnson,081
JOHNSON|PLEASANT28,32,0.000000782027,Johnson,081
JOHNSON|PLEASANT28,36,0.999999217973,Johnson,081
JOHNSON|PLEASANT29,32,1.000000000000,Johnson,081
JOHNSON|PLEASANT3,32,0.000116131048,Johnson,081
JOHNSON|PLEASANT3,41,0.999883868952,Johnson,081
JOHNSON|PLEASANT30,32,0.998957246216,Johnson,081
JOHNSON|PLEASANT30,36,0.001042753784,Johnson,081
JOHNSON|PLEASANT31,41,1.000000000000,Johnson,081
JOHNSON|PLEASANT32,32,0.999987612621,Johnson,081
JOHNSON|PLEASANT32,36,0.000012387379,Johnson,081
JOHNSON|PLEASANT33,32,1.000000000000,Johnson,081
JOHNSON|PLEASANT34,41,1.000000000000,Johnson,081
JOHNSON|PLEASANT35,32,0.999647511406,Johnson,081
JOHNSON|PLEASANT35,36,0.000328280891,Johnson,081
JOHNSON|PLEASANT35,37,0.000024207703,Johnson,081
JOHNSON|PLEASANT36,36,1.000000000000,Johnson,081
JOHNSON|PLEASANT37,32,0.999893983083,Johnson,081
JOHNSON|PLEASANT37,36,0.000106016917,Johnson,081
JOHNSON|PLEASANT38,32,0.999928055961,Johnson,081
JOHNSON|PLEASANT38,41,0.000071944039,Johnson,081
JOHNSON|PLEASANT39,32,0.003017110372,Johnson,081
JOHNSON|PLEASANT39,41,0.996982889628,Johnson,081
JOHNSON|PLEASANT4,32,0.988400619006,Johnson,081
JOHNSON|PLEASANT4,36,0.011599380994,Johnson,081
JOHNSON|PLEASANT40,32,1.000000000000,Johnson,081
JOHNSON|PLEASANT41,32,0.000189688284,Johnson,081
JOHNSON|PLEASANT41,41,0.999810311716,Johnson,081
JOHNSON|PLEASANT42,32,0.999854100438,Johnson,081
JOHNSON|PLEASANT42,41,0.000145899562,Johnson,081
JOHNSON|PLEASANT43,32,0.999648574134,Johnson,081
JOHNSON|PLEASANT43,41,0.000351425866,Johnson,081
JOHNSON|PLEASANT44,32,0.000499411759,Johnson,081
JOHNSON|PLEASANT44,41,0.999500588241,Johnson,081
JOHNSON|PLEASANT45,32,0.999951987410,Johnson,081
JOHNSON|PLEASANT45,41,0.000048012590,Johnson,081
JOHNSON|PLEASANT46,32,0.000061800421,Johnson,081
JOHNSON|PLEASANT46,37,0.000024580831,Johnson,081
JOHNSON|PLEASANT46,41,0.999913618748,Johnson,081
JOHNSON|PLEASANT47,32,1.000000000000,Johnson,081
JOHNSON|PLEASANT48,32,1.000000000000,Johnson,081
JOHNSON|PLEASANT49,32,0.999682846908,Johnson,081
JOHNSON|PLEASANT49,36,0.000317153092,Johnson,081
JOHNSON|PLEASANT5,32,0.999996466310,Johnson,081
JOHNSON|PLEASANT5,36,0.000003533690,Johnson,081
JOHNSON|PLEASANT6,36,1.000000000000,Johnson,081
JOHNSON|PLEASANT7,41,1.000000000000,Johnson,081
JOHNSON|PLEASANT8,32,0.999814561767,Johnson,081
JOHNSON|PLEASANT8,36,0.000057234936,Johnson,081
JOHNSON|PLEASANT8,41,0.000128203297,Johnson,081
JOHNSON|PLEASANT9,32,1.000000000000,Johnson,081
JOHNSON|UNION1,37,0.999976715203,Johnson,081
JOHNSON|UNION1,41,0.000023284797,Johnson,081
JOHNSON|UNION2,37,0.999999830143,Johnson,081
JOHNSON|UNION2,41,0.000000169857,Johnson,081
JOHNSON|UNION3,37,1.000000000000,Johnson,081
JOHNSON|WHITERIVER1,36,0.000042927823,Johnson,081
JOHNSON|WHITERIVER1,37,0.999957072177,Johnson,081
JOHNSON|WHITERIVER10,36,0.999799909719,Johnson,081
JOHNSON|WHITERIVER10,37,0.000200090281,Johnson,081
JOHNSON|WHITERIVER11,36,0.000149909729,Johnson,081
JOHNSON|WHITERIVER11,37,0.999850090271,Johnson,081
JOHNSON|WHITERIVER12,37,1.000000000000,Johnson,081
JOHNSON|WHITERIVER13,37,1.000000000000,Johnson,081
JOHNSON|WHITERIVER14,36,0.999828270684,Johnson,081
JOHNSON|WHITERIVER14,37,0.000171729316,Johnson,081
JOHNSON|WHITERIVER15,37,0.999888739071,Johnson,081
JOHNSON|WHITERIVER15,41,0.000111260929,Johnson,081
JOHNSON|WHITERIVER16,37,1.000000000000,Johnson,081
JOHNSON|WHITERIVER17,36,1.000000000000,Johnson,081
JOHNSON|WHITERIVER18,36,1.000000000000,Johnson,081
JOHNSON|WHITERIVER19,36,1.000000000000,Johnson,081
JOHNSON|WHITERIVER2,36,1.000000000000,Johnson,081
JOHNSON|WHITERIVER20,36,0.999898014108,Johnson,081
JOHNSON|WHITERIVER20,37,0.000101985892,Johnson,081
JOHNSON|WHITERIVER21,32,0.000016084127,Johnson,081
JOHNSON|WHITERIVER21,37,0.999983915873,Johnson,081
JOHNSON|WHITERIVER22,37,1.000000000000,Johnson,081
JOHNSON|WHITERIVER23,36,1.000000000000,Johnson,081
JOHNSON|WHITERIVER24,37,1.000000000000,Johnson,081
JOHNSON|WHITERIVER25,36,1.000000000000,Johnson,081
JOHNSON|WHITERIVER26,35,0.000003816898,Johnson,081
JOHNSON|WHITERIVER26,36,0.000038193053,Johnson,081
JOHNSON|WHITERIVER26,37,0.999957990049,Johnson,081
JOHNSON|WHITERIVER27,32,0.000002255711,Johnson,081
JOHNSON|WHITERIVER27,36,0.999954763631,Johnson,081
JOHNSON|WHITERIVER27,37,0.000042980658,Johnson,081
JOHNSON|WHITERIVER28,37,1.000000000000,Johnson,081
JOHNSON|WHITERIVER29,36,0.999003902561,Johnson,081
JOHNSON|WHITERIVER29,37,0.000996097439,Johnson,081
JOHNSON|WHITERIVER3,37,1.000000000000,Johnson,081
JOHNSON|WHITERIVER30,36,1.000000000000,Johnson,081
JOHNSON|WHITERIVER31,36,0.999992327053,Johnson,081
JOHNSON|WHITERIVER31,37,0.000007672947,Johnson,081
JOHNSON|WHITERIVER32,36,0.000087174265,Johnson,081
JOHNSON|WHITERIVER32,37,0.999912825735,Johnson,081
JOHNSON|WHITERIVER33,36,0.000009643861,Johnson,081
JOHNSON|WHITERIVER33,37,0.999990356139,Johnson,081
JOHNSON|WHITERIVER34,37,1.000000000000,Johnson,081
JOHNSON|WHITERIVER35,37,1.000000000000,Johnson,081
JOHNSON|WHITERIVER36,36,1.000000000000,Johnson,081
JOHNSON|WHITERIVER37,32,0.000176797121,Johnson,081
JOHNSON|WHITERIVER37,36,0.000148309878,Johnson,081
JOHNSON|WHITERIVER37,37,0.999674893001,Johnson,081
JOHNSON|WHITERIVER38,37,1.000000000000,Johnson,081
JOHNSON|WHITERIVER39,32,0.000027753937,Johnson,081
JOHNSON|WHITERIVER39,37,0.999972246063,Johnson,081
JOHNSON|WHITERIVER4,37,1.000000000000,Johnson,081
JOHNSON|WHITERIVER40,36,0.000011552234,Johnson,081
JOHNSON|WHITERIVER40,37,0.999988447766,Johnson,081
JOHNSON|WHITERIVER41,37,1.000000000000,Johnson,081
JOHNSON|WHITERIVER42,36,0.003442397745,Johnson,081
JOHNSON|WHITERIVER42,37,0.996557602255,Johnson,081
JOHNSON|WHITERIVER43,37,1.000000000000,Johnson,081
JOHNSON|WHITERIVER5,36,1.000000000000,Johnson,081
JOHNSON|WHITERIVER6,36,1.000000000000,Johnson,081
JOHNSON|WHITERIVER7,36,0.999946687454,Johnson,081
JOHNSON|WHITERIVER7,37,0.000053312546,Johnson,081
JOHNSON|WHITERIVER8,37,1.000000000000,Johnson,081
JOHNSON|WHITERIVER9,37,1.000000000000,Johnson,081
KNOX|BICKNELL1,39,1.000000000000,Knox,083
KNOX|BICKNELL2,39,1.000000000000,Knox,083
KNOX|BICKNELL3,39,1.000000000000,Knox,083
KNOX|BICKNELL4,39,1.000000000000,Knox,083
KNOX|BUSSERON,39,1.000000000000,Knox,083
KNOX|DECKER,39,0.999000386198,Knox,083
KNOX|DECKER,48,0.000999613802,Knox,083
KNOX|HARRISON,39,0.999763532049,Knox,083
KNOX|HARRISON,48,0.000236467951,Knox,083
KNOX|JOHNSON,39,0.999694978309,Knox,083
KNOX|JOHNSON,48,0.000305021691,Knox,083
KNOX|PALMYRA,39,1.000000000000,Knox,083
KNOX|STEEN,39,1.000000000000,Knox,083
KNOX|VIGO1,39,1.000000000000,Knox,083
KNOX|VIGO2,39,1.000000000000,Knox,083
KNOX|VIGO3,39,1.000000000000,Knox,083
KNOX|VINCENNESCITY1,39,1.000000000000,Knox,083
KNOX|VINCENNESCITY10,39,1.000000000000,Knox,083
KNOX|VINCENNESCITY11,39,1.000000000000,Knox,083
KNOX|VINCENNESCITY12,39,1.000000000000,Knox,083
KNOX|VINCENNESCITY2,39,1.000000000000,Knox,083
KNOX|VINCENNESCITY3,39,1.000000000000,Knox,083
KNOX|VINCENNESCITY4,39,1.000000000000,Knox,083
KNOX|VINCENNESCITY5,39,1.000000000000,Knox,083
KNOX|VINCENNESCITY6,39,1.000000000000,Knox,083
KNOX|VINCENNESCITY7,39,1.000000000000,Knox,083
KNOX|VINCENNESCITY8,39,1.000000000000,Knox,083
KNOX|VINCENNESCITY9,39,1.000000000000,Knox,083
KNOX|VINCENNESTWP1,39,1.000000000000,Knox,083
KNOX|VINCENNESTWP2,39,1.000000000000,Knox,083
KNOX|VINCENNESTWP3,39,1.000000000000,Knox,083
KNOX|VINCENNESTWP4,39,1.000000000000,Knox,083
KNOX|VINCENNESTWP5,39,1.000000000000,Knox,083
KNOX|WASHINGTON,39,1.000000000000,Knox,083
KNOX|WIDNER,39,1.000000000000,Knox,083
KOSCIUSKO|CLAY1,18,1.000000000000,Kosciusko,085
KOSCIUSKO|CLAY2,18,1.000000000000,Kosciusko,085
KOSCIUSKO|ETNA,8,0.000019427758,Kosciusko,085
KOSCIUSKO|ETNA,9,0.999853426743,Kosciusko,085
KOSCIUSKO|ETNA,18,0.000127145499,Kosciusko,085
KOSCIUSKO|FRANKLIN1,8,0.000003596518,Kosciusko,085
KOSCIUSKO|FRANKLIN1,18,0.999996403482,Kosciusko,085
KOSCIUSKO|FRANKLIN2,18,1.000000000000,Kosciusko,085
KOSCIUSKO|HARRISON1,9,0.000032188214,Kosciusko,085
KOSCIUSKO|HARRISON1,18,0.999967811786,Kosciusko,085
KOSCIUSKO|HARRISON2,8,0.000004234071,Kosciusko,085
KOSCIUSKO|HARRISON2,9,0.000130992302,Kosciusko,085
KOSCIUSKO|HARRISON2,18,0.999864773627,Kosciusko,085
KOSCIUSKO|HARRISON3,18,1.000000000000,Kosciusko,085
KOSCIUSKO|JACKSON1,16,0.000007911509,Kosciusko,085
KOSCIUSKO|JACKSON1,18,0.999992088491,Kosciusko,085
KOSCIUSKO|JACKSON2,16,0.000016834742,Kosciusko,085
KOSCIUSKO|JACKSON2,17,0.000049632589,Kosciusko,085
KOSCIUSKO|JACKSON2,18,0.999933532669,Kosciusko,085
KOSCIUSKO|JEFFERSON1,9,1.000000000000,Kosciusko,085
KOSCIUSKO|JEFFERSON2,9,1.000000000000,Kosciusko,085
KOSCIUSKO|JEFFERSON3,9,1.000000000000,Kosciusko,085
KOSCIUSKO|LAKE1,18,1.000000000000,Kosciusko,085
KOSCIUSKO|LAKE2,17,0.000194409576,Kosciusko,085
KOSCIUSKO|LAKE2,18,0.999805590424,Kosciusko,085
KOSCIUSKO|MONROE,16,0.000019106028,Kosciusko,085
KOSCIUSKO|MONROE,18,0.999980893972,Kosciusko,085
KOSCIUSKO|PLAIN1,9,1.000000000000,Kosciusko,085
KOSCIUSKO|PLAIN2,9,1.000000000000,Kosciusko,085
KOSCIUSKO|PLAIN3,9,1.000000000000,Kosciusko,085
KOSCIUSKO|PLAIN4,9,1.000000000000,Kosciusko,085
KOSCIUSKO|PLAIN5CITYOFWARSAW,9,1.000000000000,Kosciusko,085
KOSCIUSKO|PLAIN6,9,1.000000000000,Kosciusko,085
KOSCIUSKO|PLAIN7,9,1.000000000000,Kosciusko,085
KOSCIUSKO|PRAIRIE1,9,1.000000000000,Kosciusko,085
KOSCIUSKO|PRAIRIE2,9,0.999954820749,Kosciusko,085
KOSCIUSKO|PRAIRIE2,18,0.000045179251,Kosciusko,085
KOSCIUSKO|PRAIRIE2WARSAW,9,1.000000000000,Kosciusko,085
KOSCIUSKO|SCOTT,8,0.000004143546,Kosciusko,085
KOSCIUSKO|SCOTT,9,0.999995856454,Kosciusko,085
KOSCIUSKO|SEWARD1,18,1.000000000000,Kosciusko,085
KOSCIUSKO|SEWARD2,17,0.000028243777,Kosciusko,085
KOSCIUSKO|SEWARD2,18,0.999971756223,Kosciusko,085
KOSCIUSKO|TIPPECANOE1,9,0.999986012353,Kosciusko,085
KOSCIUSKO|TIPPECANOE1,13,0.000013987647,Kosciusko,085
KOSCIUSKO|TIPPECANOE2,9,1.000000000000,Kosciusko,085
KOSCIUSKO|TIPPECANOE3,9,1.000000000000,Kosciusko,085
KOSCIUSKO|TIPPECANOE4,9,0.999964440846,Kosciusko,085
KOSCIUSKO|TIPPECANOE4,13,0.000007514991,Kosciusko,085
KOSCIUSKO|TIPPECANOE4,18,0.000028044163,Kosciusko,085
KOSCIUSKO|TURKEYCREEK1,9,0.999835384295,Kosciusko,085
KOSCIUSKO|TURKEYCREEK1,13,0.000164615705,Kosciusko,085
KOSCIUSKO|TURKEYCREEK2,9,1.000000000000,Kosciusko,085
KOSCIUSKO|TURKEYCREEK3,9,1.000000000000,Kosciusko,085
KOSCIUSKO|TURKEYCREEK4,9,1.000000000000,Kosciusko,085
KOSCIUSKO|TURKEYCREEK5,9,1.000000000000,Kosciusko,085
KOSCIUSKO|TURKEYCREEK6,9,0.999943092375,Kosciusko,085
KOSCIUSKO|TURKEYCREEK6,13,0.000056907625,Kosciusko,085
KOSCIUSKO|TURKEYCREEK7NV,9,1.000000000000,Kosciusko,085
KOSCIUSKO|VANBUREN1,9,1.000000000000,Kosciusko,085
KOSCIUSKO|VANBUREN2,9,1.000000000000,Kosciusko,085
KOSCIUSKO|VANBUREN3,9,1.000000000000,Kosciusko,085
KOSCIUSKO|WARD1PRECINCT1,9,1.000000000000,Kosciusko,085
KOSCIUSKO|WARD1PRECINCT2,9,1.000000000000,Kosciusko,085
KOSCIUSKO|WARD1PRECINCT3NV,9,1.000000000000,Kosciusko,085
KOSCIUSKO|WARD1PRECINCT4,9,1.000000000000,Kosciusko,085
KOSCIUSKO|WARD2PRECINCT1,9,0.999051458655,Kosciusko,085
KOSCIUSKO|WARD2PRECINCT1,18,0.000948541345,Kosciusko,085
KOSCIUSKO|WARD2PRECINCT2,9,1.000000000000,Kosciusko,085
KOSCIUSKO|WARD2PRECINCT3NV,9,0.998753357581,Kosciusko,085
KOSCIUSKO|WARD2PRECINCT3NV,18,0.001246642419,Kosciusko,085
KOSCIUSKO|WARD3PRECINCT1,9,0.998827066950,Kosciusko,085
KOSCIUSKO|WARD3PRECINCT1,18,0.001172933050,Kosciusko,085
KOSCIUSKO|WARD3PRECINCT2,9,0.998587052557,Kosciusko,085
KOSCIUSKO|WARD3PRECINCT2,18,0.001412947443,Kosciusko,085
KOSCIUSKO|WARD3PRECINCT3,9,0.996310780946,Kosciusko,085
KOSCIUSKO|WARD3PRECINCT3,18,0.003689219054,Kosciusko,085
KOSCIUSKO|WARD4PRECINCT1,9,1.000000000000,Kosciusko,085
KOSCIUSKO|WARD4PRECINCT2,9,0.999974908883,Kosciusko,085
KOSCIUSKO|WARD4PRECINCT2,18,0.000025091117,Kosciusko,085
KOSCIUSKO|WARD4PRECINCT3,9,0.995060458244,Kosciusko,085
KOSCIUSKO|WARD4PRECINCT3,18,0.004939541756,Kosciusko,085
KOSCIUSKO|WARD5PRECINCT1,9,0.999969163228,Kosciusko,085
KOSCIUSKO|WARD5PRECINCT1,18,0.000030836772,Kosciusko,085
KOSCIUSKO|WARD5PRECINCT2,9,1.000000000000,Kosciusko,085
KOSCIUSKO|WARD5PRECINCT3,9,1.000000000000,Kosciusko,085
KOSCIUSKO|WASHINGTON1,9,0.000004822656,Kosciusko,085
KOSCIUSKO|WASHINGTON1,16,0.000014870871,Kosciusko,085
KOSCIUSKO|WASHINGTON1,18,0.999980306473,Kosciusko,085
KOSCIUSKO|WASHINGTON2,9,0.000071998950,Kosciusko,085
KOSCIUSKO|WASHINGTON2,18,0.999928001050,Kosciusko,085
KOSCIUSKO|WASHINGTON3,16,0.000063318427,Kosciusko,085
KOSCIUSKO|WASHINGTON3,18,0.999936681573,Kosciusko,085
KOSCIUSKO|WAYNE1,9,0.999744343325,Kosciusko,085
KOSCIUSKO|WAYNE1,18,0.000255656675,Kosciusko,085
KOSCIUSKO|WAYNE10,9,0.999897505684,Kosciusko,085
KOSCIUSKO|WAYNE10,18,0.000102494316,Kosciusko,085
KOSCIUSKO|WAYNE11,9,1.000000000000,Kosciusko,085
KOSCIUSKO|WAYNE2,9,0.000541864969,Kosciusko,085
KOSCIUSKO|WAYNE2,18,0.999458135031,Kosciusko,085
KOSCIUSKO|WAYNE3,9,1.000000000000,Kosciusko,085
KOSCIUSKO|WAYNE4,9,0.996361881907,Kosciusko,085
KOSCIUSKO|WAYNE4,18,0.003638118093,Kosciusko,085
KOSCIUSKO|WAYNE5,9,0.999774811990,Kosciusko,085
KOSCIUSKO|WAYNE5,18,0.000225188010,Kosciusko,085
KOSCIUSKO|WAYNE6,9,0.023166439681,Kosciusko,085
KOSCIUSKO|WAYNE6,18,0.976833560319,Kosciusko,085
KOSCIUSKO|WAYNE7,9,0.000554651781,Kosciusko,085
KOSCIUSKO|WAYNE7,18,0.999445348219,Kosciusko,085
KOSCIUSKO|WAYNE8,9,0.000496018285,Kosciusko,085
KOSCIUSKO|WAYNE8,18,0.999503981715,Kosciusko,085
KOSCIUSKO|WAYNE9,9,0.000177506951,Kosciusko,085
KOSCIUSKO|WAYNE9,18,0.999822493049,Kosciusko,085
LAGRANGE|BLOOMFIELDI,13,1.000000000000,LaGrange,087
LAGRANGE|BLOOMFIELDII,13,1.000000000000,LaGrange,087
LAGRANGE|BLOOMFIELDIII,13,1.000000000000,LaGrange,087
LAGRANGE|BLOOMFIELDIV,13,1.000000000000,LaGrange,087
LAGRANGE|CLAYTOWNSHIP,13,1.000000000000,LaGrange,087
LAGRANGE|CLEARSPRINGTOWNSHIP,13,1.000000000000,LaGrange,087
LAGRANGE|EDENTOWNSHIP,12,0.000069439709,LaGrange,087
LAGRANGE|EDENTOWNSHIP,13,0.999930560291,LaGrange,087
LAGRANGE|GREENFIELDTOWNSHIP,13,1.000000000000,LaGrange,087
LAGRANGE|JOHNSONNORTH,13,1.000000000000,LaGrange,087
LAGRANGE|JOHNSONSOUTH,13,1.000000000000,LaGrange,087
LAGRANGE|LIMATOWNSHIP,13,1.000000000000,LaGrange,087
LAGRANGE|MILFORDEAST,13,1.000000000000,LaGrange,087
LAGRANGE|MILFORDWEST,13,1.000000000000,LaGrange,087
LAGRANGE|NEWBURYTOWNSHIP,12,0.000023803268,LaGrange,087
LAGRANGE|NEWBURYTOWNSHIP,13,0.999976196732,LaGrange,087
LAGRANGE|SPRINGFIELDTOWNSHIP,13,1.000000000000,LaGrange,087
LAGRANGE|VANBURENTOWNSHIP,11,0.000023556852,LaGrange,087
LAGRANGE|VANBURENTOWNSHIP,13,0.999976443148,LaGrange,087
LAKE|CALUMETTOWNSHIPPRECINCT10,1,0.999459429725,Lake,089
LAKE|CALUMETTOWNSHIPPRECINCT10,3,0.000540570275,Lake,089
LAKE|CALUMETTOWNSHIPPRECINCT12,1,0.999673866591,Lake,089
LAKE|CALUMETTOWNSHIPPRECINCT12,3,0.000326133409,Lake,089
LAKE|CALUMETTOWNSHIPPRECINCT14,1,0.999585194029,Lake,089
LAKE|CALUMETTOWNSHIPPRECINCT14,3,0.000414805971,Lake,089
LAKE|CALUMETTOWNSHIPPRECINCT5,1,1.000000000000,Lake,089
LAKE|CALUMETTOWNSHIPPRECINCT6,1,0.999975208222,Lake,089
LAKE|CALUMETTOWNSHIPPRECINCT6,3,0.000024791778,Lake,089
LAKE|CEDARCREEKTOWNSHIPPRECINCT1,6,1.000000000000,Lake,089
LAKE|CEDARCREEKTOWNSHIPPRECINCT2,6,1.000000000000,Lake,089
LAKE|CEDARCREEKTOWNSHIPPRECINCT4,6,1.000000000000,Lake,089
LAKE|CEDARCREEKTOWNSHIPPRECINCT5,6,1.000000000000,Lake,089
LAKE|CEDARCREEKTOWNSHIPPRECINCT6,6,1.000000000000,Lake,089
LAKE|CEDARCREEKTOWNSHIPPRECINCT7,6,1.000000000000,Lake,089
LAKE|CEDARCREEKTOWNSHIPPRECINCT8,6,1.000000000000,Lake,089
LAKE|CEDARCREEKTOWNSHIPPRECINCT9,6,1.000000000000,Lake,089
LAKE|CEDARLAKEPRECINCT1,6,1.000000000000,Lake,089
LAKE|CEDARLAKEPRECINCT10,6,1.000000000000,Lake,089
LAKE|CEDARLAKEPRECINCT2,6,1.000000000000,Lake,089
LAKE|CEDARLAKEPRECINCT3,6,1.000000000000,Lake,089
LAKE|CEDARLAKEPRECINCT5,6,1.000000000000,Lake,089
LAKE|CEDARLAKEPRECINCT6,6,1.000000000000,Lake,089
LAKE|CEDARLAKEPRECINCT7,6,1.000000000000,Lake,089
LAKE|CEDARLAKEPRECINCT8,6,1.000000000000,Lake,089
LAKE|CEDARLAKEPRECINCT9,6,1.000000000000,Lake,089
LAKE|CENTERTOWNSHIPPRECINCT1,6,1.000000000000,Lake,089
LAKE|CENTERTOWNSHIPPRECINCT3,6,1.000000000000,Lake,089
LAKE|CENTERTOWNSHIPPRECINCT4,6,1.000000000000,Lake,089
LAKE|CENTERTOWNSHIPPRECINCT5,1,0.003466747599,Lake,089
LAKE|CENTERTOWNSHIPPRECINCT5,6,0.996533252401,Lake,089
LAKE|CENTERTOWNSHIPPRECINCT6,3,0.000000664204,Lake,089
LAKE|CENTERTOWNSHIPPRECINCT6,6,0.999999335796,Lake,089
LAKE|CROWNPOINTPRECINCT10,1,0.000031298114,Lake,089
LAKE|CROWNPOINTPRECINCT10,6,0.999968701886,Lake,089
LAKE|CROWNPOINTPRECINCT11,1,0.000023651408,Lake,089
LAKE|CROWNPOINTPRECINCT11,6,0.999976348592,Lake,089
LAKE|CROWNPOINTPRECINCT12,6,1.000000000000,Lake,089
LAKE|CROWNPOINTPRECINCT13,6,1.000000000000,Lake,089
LAKE|CROWNPOINTPRECINCT14,6,1.000000000000,Lake,089
LAKE|CROWNPOINTPRECINCT15,6,1.000000000000,Lake,089
LAKE|CROWNPOINTPRECINCT18,1,0.000114055763,Lake,089
LAKE|CROWNPOINTPRECINCT18,3,0.000330279750,Lake,089
LAKE|CROWNPOINTPRECINCT18,6,0.999555664487,Lake,089
LAKE|CROWNPOINTPRECINCT19,6,1.000000000000,Lake,089
LAKE|CROWNPOINTPRECINCT2,6,1.000000000000,Lake,089
LAKE|CROWNPOINTPRECINCT20,6,1.000000000000,Lake,089
LAKE|CROWNPOINTPRECINCT21,1,0.000144203959,Lake,089
LAKE|CROWNPOINTPRECINCT21,6,0.999855796041,Lake,089
LAKE|CROWNPOINTPRECINCT24,3,0.000006490609,Lake,089
LAKE|CROWNPOINTPRECINCT24,6,0.999993509391,Lake,089
LAKE|CROWNPOINTPRECINCT25,1,0.000038164653,Lake,089
LAKE|CROWNPOINTPRECINCT25,6,0.999961835347,Lake,089
LAKE|CROWNPOINTPRECINCT26,1,0.999942546881,Lake,089
LAKE|CROWNPOINTPRECINCT26,6,0.000057453119,Lake,089
LAKE|CROWNPOINTPRECINCT29,6,1.000000000000,Lake,089
LAKE|CROWNPOINTPRECINCT30,6,1.000000000000,Lake,089
LAKE|CROWNPOINTPRECINCT31,3,0.000083250945,Lake,089
LAKE|CROWNPOINTPRECINCT31,6,0.999916749055,Lake,089
LAKE|CROWNPOINTPRECINCT32,6,1.000000000000,Lake,089
LAKE|CROWNPOINTPRECINCT4,6,1.000000000000,Lake,089
LAKE|CROWNPOINTPRECINCT5,6,1.000000000000,Lake,089
LAKE|CROWNPOINTPRECINCT6,6,1.000000000000,Lake,089
LAKE|CROWNPOINTPRECINCT9,6,1.000000000000,Lake,089
LAKE|DYERPRECINCT1,1,0.999980353833,Lake,089
LAKE|DYERPRECINCT1,2,0.000019646167,Lake,089
LAKE|DYERPRECINCT10,1,1.000000000000,Lake,089
LAKE|DYERPRECINCT11,1,1.000000000000,Lake,089
LAKE|DYERPRECINCT14,1,1.000000000000,Lake,089
LAKE|DYERPRECINCT2,1,1.000000000000,Lake,089
LAKE|DYERPRECINCT3,1,1.000000000000,Lake,089
LAKE|DYERPRECINCT4,1,0.999831160809,Lake,089
LAKE|DYERPRECINCT4,2,0.000168839191,Lake,089
LAKE|DYERPRECINCT5,1,1.000000000000,Lake,089
LAKE|DYERPRECINCT6,1,1.000000000000,Lake,089
LAKE|DYERPRECINCT7,1,1.000000000000,Lake,089
LAKE|DYERPRECINCT8,1,1.000000000000,Lake,089
LAKE|DYERPRECINCT9,1,0.999920215866,Lake,089
LAKE|DYERPRECINCT9,2,0.000079784134,Lake,089
LAKE|EAGLECREEKTOWNSHIPPRECINCT1,5,0.000052675659,Lake,089
LAKE|EAGLECREEKTOWNSHIPPRECINCT1,6,0.999947324341,Lake,089
LAKE|EASTCHICAGOPRECINCT11,2,1.000000000000,Lake,089
LAKE|EASTCHICAGOPRECINCT13,2,1.000000000000,Lake,089
LAKE|EASTCHICAGOPRECINCT17,2,1.000000000000,Lake,089
LAKE|EASTCHICAGOPRECINCT2,2,1.000000000000,Lake,089
LAKE|EASTCHICAGOPRECINCT22,2,1.000000000000,Lake,089
LAKE|EASTCHICAGOPRECINCT23,2,1.000000000000,Lake,089
LAKE|EASTCHICAGOPRECINCT24,2,0.999917981120,Lake,089
LAKE|EASTCHICAGOPRECINCT24,3,0.000082018880,Lake,089
LAKE|EASTCHICAGOPRECINCT25,2,1.000000000000,Lake,089
LAKE|EASTCHICAGOPRECINCT28,2,0.999252888204,Lake,089
LAKE|EASTCHICAGOPRECINCT28,3,0.000747111796,Lake,089
LAKE|EASTCHICAGOPRECINCT3,2,1.000000000000,Lake,089
LAKE|EASTCHICAGOPRECINCT31,2,1.000000000000,Lake,089
LAKE|EASTCHICAGOPRECINCT33,2,0.999188292008,Lake,089
LAKE|EASTCHICAGOPRECINCT33,3,0.000811707992,Lake,089
LAKE|EASTCHICAGOPRECINCT35,2,1.000000000000,Lake,089
LAKE|EASTCHICAGOPRECINCT36,2,0.997179805651,Lake,089
LAKE|EASTCHICAGOPRECINCT36,3,0.002820194349,Lake,089
LAKE|EASTCHICAGOPRECINCT5,2,1.000000000000,Lake,089
LAKE|EASTCHICAGOPRECINCT7,2,1.000000000000,Lake,089
LAKE|EASTCHICAGOPRECINCT8,2,1.000000000000,Lake,089
LAKE|GARYPRECINCT110,3,1.000000000000,Lake,089
LAKE|GARYPRECINCT116,3,1.000000000000,Lake,089
LAKE|GARYPRECINCT118,3,1.000000000000,Lake,089
LAKE|GARYPRECINCT120,3,1.000000000000,Lake,089
LAKE|GARYPRECINCT122,3,1.000000000000,Lake,089
LAKE|GARYPRECINCT124,3,0.999998544508,Lake,089
LAKE|GARYPRECINCT124,4,0.000001455492,Lake,089
LAKE|GARYPRECINCT13,3,0.999947955669,Lake,089
LAKE|GARYPRECINCT13,4,0.000052044331,Lake,089
LAKE|GARYPRECINCT18,3,1.000000000000,Lake,089
LAKE|GARYPRECINCT21,3,1.000000000000,Lake,089
LAKE|GARYPRECINCT210,2,0.000039883054,Lake,089
LAKE|GARYPRECINCT210,3,0.999960116946,Lake,089
LAKE|GARYPRECINCT212,3,1.000000000000,Lake,089
LAKE|GARYPRECINCT217,3,1.000000000000,Lake,089
LAKE|GARYPRECINCT220,3,1.000000000000,Lake,089
LAKE|GARYPRECINCT221,3,1.000000000000,Lake,089
LAKE|GARYPRECINCT224,2,0.000794862112,Lake,089
LAKE|GARYPRECINCT224,3,0.999205137888,Lake,089
LAKE|GARYPRECINCT23,3,1.000000000000,Lake,089
LAKE|GARYPRECINCT24,3,1.000000000000,Lake,089
LAKE|GARYPRECINCT311,3,1.000000000000,Lake,089
LAKE|GARYPRECINCT315,3,1.000000000000,Lake,089
LAKE|GARYPRECINCT316,3,1.000000000000,Lake,089
LAKE|GARYPRECINCT317,3,1.000000000000,Lake,089
LAKE|GARYPRECINCT319,2,0.000065034349,Lake,089
LAKE|GARYPRECINCT319,3,0.999934965651,Lake,089
LAKE|GARYPRECINCT321,3,1.000000000000,Lake,089
LAKE|GARYPRECINCT326,3,1.000000000000,Lake,089
LAKE|GARYPRECINCT33,1,0.000000000392,Lake,089
LAKE|GARYPRECINCT33,2,0.000104737453,Lake,089
LAKE|GARYPRECINCT33,3,0.999895262155,Lake,089
LAKE|GARYPRECINCT410,3,1.000000000000,Lake,089
LAKE|GARYPRECINCT414,3,1.000000000000,Lake,089
LAKE|GARYPRECINCT416,3,1.000000000000,Lake,089
LAKE|GARYPRECINCT422,3,1.000000000000,Lake,089
LAKE|GARYPRECINCT423,3,1.000000000000,Lake,089
LAKE|GARYPRECINCT425,3,1.000000000000,Lake,089
LAKE|GARYPRECINCT428,3,1.000000000000,Lake,089
LAKE|GARYPRECINCT43,3,1.000000000000,Lake,089
LAKE|GARYPRECINCT45,3,1.000000000000,Lake,089
LAKE|GARYPRECINCT51,1,0.000009776256,Lake,089
LAKE|GARYPRECINCT51,3,0.999990223744,Lake,089
LAKE|GARYPRECINCT513,3,1.000000000000,Lake,089
LAKE|GARYPRECINCT514,3,1.000000000000,Lake,089
LAKE|GARYPRECINCT516,3,1.000000000000,Lake,089
LAKE|GARYPRECINCT519,3,1.000000000000,Lake,089
LAKE|GARYPRECINCT52,3,1.000000000000,Lake,089
LAKE|GARYPRECINCT524NV,3,1.000000000000,Lake,089
LAKE|GARYPRECINCT53,1,0.000003618780,Lake,089
LAKE|GARYPRECINCT53,3,0.999996381220,Lake,089
LAKE|GARYPRECINCT54,1,0.000007939769,Lake,089
LAKE|GARYPRECINCT54,3,0.999992060231,Lake,089
LAKE|GARYPRECINCT56,3,1.000000000000,Lake,089
LAKE|GARYPRECINCT610,1,0.000127171969,Lake,089
LAKE|GARYPRECINCT610,3,0.999872828031,Lake,089
LAKE|GARYPRECINCT612,3,1.000000000000,Lake,089
LAKE|GARYPRECINCT614,1,0.000019477736,Lake,089
LAKE|GARYPRECINCT614,3,0.999980522264,Lake,089
LAKE|GARYPRECINCT616,3,1.000000000000,Lake,089
LAKE|GARYPRECINCT620,3,1.000000000000,Lake,089
LAKE|GARYPRECINCT64,3,1.000000000000,Lake,089
LAKE|GARYPRECINCT65,3,1.000000000000,Lake,089
LAKE|GARYPRECINCT67,3,1.000000000000,Lake,089
LAKE|GRIFFITHPRECINCT1,1,1.000000000000,Lake,089
LAKE|GRIFFITHPRECINCT10,1,1.000000000000,Lake,089
LAKE|GRIFFITHPRECINCT11,1,1.000000000000,Lake,089
LAKE|GRIFFITHPRECINCT12,1,0.999955000302,Lake,089
LAKE|GRIFFITHPRECINCT12,3,0.000044999698,Lake,089
LAKE|GRIFFITHPRECINCT15,1,0.999454490648,Lake,089
LAKE|GRIFFITHPRECINCT15,3,0.000545509352,Lake,089
LAKE|GRIFFITHPRECINCT16,1,1.000000000000,Lake,089
LAKE|GRIFFITHPRECINCT17,1,0.999996847432,Lake,089
LAKE|GRIFFITHPRECINCT17,3,0.000003152568,Lake,089
LAKE|GRIFFITHPRECINCT18,1,0.999957746337,Lake,089
LAKE|GRIFFITHPRECINCT18,3,0.000042253663,Lake,089
LAKE|GRIFFITHPRECINCT2,1,0.999998881061,Lake,089
LAKE|GRIFFITHPRECINCT2,3,0.000001118939,Lake,089
LAKE|GRIFFITHPRECINCT3,1,1.000000000000,Lake,089
LAKE|GRIFFITHPRECINCT5,1,1.000000000000,Lake,089
LAKE|GRIFFITHPRECINCT6,1,1.000000000000,Lake,089
LAKE|GRIFFITHPRECINCT7,1,1.000000000000,Lake,089
LAKE|GRIFFITHPRECINCT9,1,1.000000000000,Lake,089
LAKE|HAMMONDPRECINCT11,2,0.999994121097,Lake,089
LAKE|HAMMONDPRECINCT11,3,0.000005878903,Lake,089
LAKE|HAMMONDPRECINCT110,2,1.000000000000,Lake,089
LAKE|HAMMONDPRECINCT112,2,1.000000000000,Lake,089
LAKE|HAMMONDPRECINCT116,2,1.000000000000,Lake,089
LAKE|HAMMONDPRECINCT13,2,1.000000000000,Lake,089
LAKE|HAMMONDPRECINCT15,2,1.000000000000,Lake,089
LAKE|HAMMONDPRECINCT17,2,1.000000000000,Lake,089
LAKE|HAMMONDPRECINCT18,2,1.000000000000,Lake,089
LAKE|HAMMONDPRECINCT211,2,1.000000000000,Lake,089
LAKE|HAMMONDPRECINCT212,2,1.000000000000,Lake,089
LAKE|HAMMONDPRECINCT214,2,1.000000000000,Lake,089
LAKE|HAMMONDPRECINCT23,2,1.000000000000,Lake,089
LAKE|HAMMONDPRECINCT25,2,1.000000000000,Lake,089
LAKE|HAMMONDPRECINCT26,2,1.000000000000,Lake,089
LAKE|HAMMONDPRECINCT311,2,1.000000000000,Lake,089
LAKE|HAMMONDPRECINCT316,2,1.000000000000,Lake,089
LAKE|HAMMONDPRECINCT33,2,1.000000000000,Lake,089
LAKE|HAMMONDPRECINCT34,2,1.000000000000,Lake,089
LAKE|HAMMONDPRECINCT35,2,1.000000000000,Lake,089
LAKE|HAMMONDPRECINCT37,2,1.000000000000,Lake,089
LAKE|HAMMONDPRECINCT39,2,1.000000000000,Lake,089
LAKE|HAMMONDPRECINCT411,2,1.000000000000,Lake,089
LAKE|HAMMONDPRECINCT412,2,1.000000000000,Lake,089
LAKE|HAMMONDPRECINCT414,2,1.000000000000,Lake,089
LAKE|HAMMONDPRECINCT418,2,1.000000000000,Lake,089
LAKE|HAMMONDPRECINCT45,2,1.000000000000,Lake,089
LAKE|HAMMONDPRECINCT46,2,1.000000000000,Lake,089
LAKE|HAMMONDPRECINCT47,2,1.000000000000,Lake,089
LAKE|HAMMONDPRECINCT49,2,1.000000000000,Lake,089
LAKE|HAMMONDPRECINCT512,2,1.000000000000,Lake,089
LAKE|HAMMONDPRECINCT513,2,1.000000000000,Lake,089
LAKE|HAMMONDPRECINCT514,2,1.000000000000,Lake,089
LAKE|HAMMONDPRECINCT515,1,0.002802028661,Lake,089
LAKE|HAMMONDPRECINCT515,2,0.997193659717,Lake,089
LAKE|HAMMONDPRECINCT515,3,0.000004311622,Lake,089
LAKE|HAMMONDPRECINCT517,2,1.000000000000,Lake,089
LAKE|HAMMONDPRECINCT54,2,1.000000000000,Lake,089
LAKE|HAMMONDPRECINCT58,1,0.001337224589,Lake,089
LAKE|HAMMONDPRECINCT58,2,0.998662775411,Lake,089
LAKE|HAMMONDPRECINCT61,2,0.999725920310,Lake,089
LAKE|HAMMONDPRECINCT61,3,0.000274079690,Lake,089
LAKE|HAMMONDPRECINCT610,2,1.000000000000,Lake,089
LAKE|HAMMONDPRECINCT612,2,0.997199712096,Lake,089
LAKE|HAMMONDPRECINCT612,3,0.002800287904,Lake,089
LAKE|HAMMONDPRECINCT613,2,1.000000000000,Lake,089
LAKE|HAMMONDPRECINCT615,2,1.000000000000,Lake,089
LAKE|HAMMONDPRECINCT64,2,0.997235884772,Lake,089
LAKE|HAMMONDPRECINCT64,3,0.002764115228,Lake,089
LAKE|HAMMONDPRECINCT65,2,1.000000000000,Lake,089
LAKE|HAMMONDPRECINCT67,2,1.000000000000,Lake,089
LAKE|HAMMONDPRECINCT68,2,1.000000000000,Lake,089
LAKE|HAMMONDPRECINCT69,2,0.999335460638,Lake,089
LAKE|HAMMONDPRECINCT69,3,0.000664539362,Lake,089
LAKE|HANOVERTOWNSHIPPRECINCT1,1,0.000081756277,Lake,089
LAKE|HANOVERTOWNSHIPPRECINCT1,6,0.999918243723,Lake,089
LAKE|HANOVERTOWNSHIPPRECINCT2,1,0.038235673791,Lake,089
LAKE|HANOVERTOWNSHIPPRECINCT2,6,0.961764326209,Lake,089
LAKE|HIGHLANDPRECINCT10,1,1.000000000000,Lake,089
LAKE|HIGHLANDPRECINCT11,1,1.000000000000,Lake,089
LAKE|HIGHLANDPRECINCT12,1,1.000000000000,Lake,089
LAKE|HIGHLANDPRECINCT15,1,1.000000000000,Lake,089
LAKE|HIGHLANDPRECINCT16,1,0.996645319160,Lake,089
LAKE|HIGHLANDPRECINCT16,2,0.003354680840,Lake,089
LAKE|HIGHLANDPRECINCT19,1,1.000000000000,Lake,089
LAKE|HIGHLANDPRECINCT20,1,0.999936750538,Lake,089
LAKE|HIGHLANDPRECINCT20,2,0.000063249462,Lake,089
LAKE|HIGHLANDPRECINCT21,1,1.000000000000,Lake,089
LAKE|HIGHLANDPRECINCT23,1,1.000000000000,Lake,089
LAKE|HIGHLANDPRECINCT24,1,1.000000000000,Lake,089
LAKE|HIGHLANDPRECINCT25,1,1.000000000000,Lake,089
LAKE|HIGHLANDPRECINCT26,1,0.999865551388,Lake,089
LAKE|HIGHLANDPRECINCT26,2,0.000134448612,Lake,089
LAKE|HIGHLANDPRECINCT3,1,0.001819224349,Lake,089
LAKE|HIGHLANDPRECINCT3,2,0.998180775651,Lake,089
LAKE|HIGHLANDPRECINCT4,1,0.996280431817,Lake,089
LAKE|HIGHLANDPRECINCT4,2,0.003719568183,Lake,089
LAKE|HIGHLANDPRECINCT5,1,1.000000000000,Lake,089
LAKE|HIGHLANDPRECINCT6,1,0.998069104490,Lake,089
LAKE|HIGHLANDPRECINCT6,2,0.001930895510,Lake,089
LAKE|HIGHLANDPRECINCT8,1,1.000000000000,Lake,089
LAKE|HIGHLANDPRECINCT9,1,1.000000000000,Lake,089
LAKE|HOBARTPRECINCT10,3,0.999947044671,Lake,089
LAKE|HOBARTPRECINCT10,4,0.000052955329,Lake,089
LAKE|HOBARTPRECINCT11,3,0.999919632263,Lake,089
LAKE|HOBARTPRECINCT11,5,0.000080367737,Lake,089
LAKE|HOBARTPRECINCT12,3,1.000000000000,Lake,089
LAKE|HOBARTPRECINCT15,3,1.000000000000,Lake,089
LAKE|HOBARTPRECINCT16,3,1.000000000000,Lake,089
LAKE|HOBARTPRECINCT19,3,1.000000000000,Lake,089
LAKE|HOBARTPRECINCT2,3,1.000000000000,Lake,089
LAKE|HOBARTPRECINCT20,3,0.999996098967,Lake,089
LAKE|HOBARTPRECINCT20,4,0.000003901033,Lake,089
LAKE|HOBARTPRECINCT21,3,0.999856531014,Lake,089
LAKE|HOBARTPRECINCT21,4,0.000143468986,Lake,089
LAKE|HOBARTPRECINCT22,3,1.000000000000,Lake,089
LAKE|HOBARTPRECINCT23,3,1.000000000000,Lake,089
LAKE|HOBARTPRECINCT24,3,1.000000000000,Lake,089
LAKE|HOBARTPRECINCT25,3,1.000000000000,Lake,089
LAKE|HOBARTPRECINCT27,3,1.000000000000,Lake,089
LAKE|HOBARTPRECINCT29,3,1.000000000000,Lake,089
LAKE|HOBARTPRECINCT3,3,1.000000000000,Lake,089
LAKE|HOBARTPRECINCT4,3,1.000000000000,Lake,089
LAKE|HOBARTPRECINCT5,3,1.000000000000,Lake,089
LAKE|HOBARTPRECINCT6,3,1.000000000000,Lake,089
LAKE|HOBARTPRECINCT7,3,1.000000000000,Lake,089
LAKE|HOBARTPRECINCT9,3,1.000000000000,Lake,089
LAKE|HOBARTTOWNSHIP5,3,1.000000000000,Lake,089
LAKE|HOBARTTOWNSHIP8,3,1.000000000000,Lake,089
LAKE|HOBARTTOWNSHIP9,3,1.000000000000,Lake,089
LAKE|LAKEMICHIGANNV,2,0.000005714853,Lake,089
LAKE|LAKEMICHIGANNV,3,0.999994283735,Lake,089
LAKE|LAKEMICHIGANNV,4,0.000000001413,Lake,089
LAKE|LAKESTATIONPRECINCT01A,3,1.000000000000,Lake,089
LAKE|LAKESTATIONPRECINCT05A,3,1.000000000000,Lake,089
LAKE|LAKESTATIONPRECINCT07A,3,1.000000000000,Lake,089
LAKE|LAKESTATIONPRECINCT08A,3,1.000000000000,Lake,089
LAKE|LAKESTATIONPRECINCT1,3,0.999998832019,Lake,089
LAKE|LAKESTATIONPRECINCT1,4,0.000001167981,Lake,089
LAKE|LAKESTATIONPRECINCT10,3,1.000000000000,Lake,089
LAKE|LAKESTATIONPRECINCT11,3,1.000000000000,Lake,089
LAKE|LAKESTATIONPRECINCT13,3,0.999962481918,Lake,089
LAKE|LAKESTATIONPRECINCT13,4,0.000037518082,Lake,089
LAKE|LAKESTATIONPRECINCT14NV,3,1.000000000000,Lake,089
LAKE|LAKESTATIONPRECINCT2,3,0.999893367091,Lake,089
LAKE|LAKESTATIONPRECINCT2,4,0.000106632909,Lake,089
LAKE|LAKESTATIONPRECINCT5,3,1.000000000000,Lake,089
LAKE|LAKESTATIONPRECINCT6,3,1.000000000000,Lake,089
LAKE|LAKESTATIONPRECINCT7,3,1.000000000000,Lake,089
LAKE|LAKESTATIONPRECINCT8,3,1.000000000000,Lake,089
LAKE|MERRILLVILLEPRECINCT1,3,1.000000000000,Lake,089
LAKE|MERRILLVILLEPRECINCT10,3,1.000000000000,Lake,089
LAKE|MERRILLVILLEPRECINCT11,3,1.000000000000,Lake,089
LAKE|MERRILLVILLEPRECINCT12,3,0.998922839577,Lake,089
LAKE|MERRILLVILLEPRECINCT12,5,0.000900762812,Lake,089
LAKE|MERRILLVILLEPRECINCT12,6,0.000176397611,Lake,089
LAKE|MERRILLVILLEPRECINCT13,1,1.000000000000,Lake,089
LAKE|MERRILLVILLEPRECINCT15,1,0.000047512804,Lake,089
LAKE|MERRILLVILLEPRECINCT15,3,0.999952487196,Lake,089
LAKE|MERRILLVILLEPRECINCT16,1,0.999999930874,Lake,089
LAKE|MERRILLVILLEPRECINCT16,3,0.000000069126,Lake,089
LAKE|MERRILLVILLEPRECINCT18,1,0.000685972077,Lake,089
LAKE|MERRILLVILLEPRECINCT18,3,0.999314027923,Lake,089
LAKE|MERRILLVILLEPRECINCT19,3,1.000000000000,Lake,089
LAKE|MERRILLVILLEPRECINCT2,1,0.999710584192,Lake,089
LAKE|MERRILLVILLEPRECINCT2,3,0.000289415808,Lake,089
LAKE|MERRILLVILLEPRECINCT21,1,0.999983514472,Lake,089
LAKE|MERRILLVILLEPRECINCT21,3,0.000016485528,Lake,089
LAKE|MERRILLVILLEPRECINCT22,1,0.000243671791,Lake,089
LAKE|MERRILLVILLEPRECINCT22,3,0.999756328209,Lake,089
LAKE|MERRILLVILLEPRECINCT23,1,0.000722160490,Lake,089
LAKE|MERRILLVILLEPRECINCT23,3,0.999277839510,Lake,089
LAKE|MERRILLVILLEPRECINCT28,3,1.000000000000,Lake,089
LAKE|MERRILLVILLEPRECINCT29,3,1.000000000000,Lake,089
LAKE|MERRILLVILLEPRECINCT3,1,0.999335953162,Lake,089
LAKE|MERRILLVILLEPRECINCT3,6,0.000664046838,Lake,089
LAKE|MERRILLVILLEPRECINCT30,1,1.000000000000,Lake,089
LAKE|MERRILLVILLEPRECINCT32,1,0.000092623326,Lake,089
LAKE|MERRILLVILLEPRECINCT32,3,0.999907376674,Lake,089
LAKE|MERRILLVILLEPRECINCT33,1,0.999974078557,Lake,089
LAKE|MERRILLVILLEPRECINCT33,3,0.000025915507,Lake,089
LAKE|MERRILLVILLEPRECINCT33,6,0.000000005936,Lake,089
LAKE|MERRILLVILLEPRECINCT34,1,1.000000000000,Lake,089
LAKE|MERRILLVILLEPRECINCT4,1,0.999853881232,Lake,089
LAKE|MERRILLVILLEPRECINCT4,3,0.000146118768,Lake,089
LAKE|MERRILLVILLEPRECINCT5,1,0.000008628972,Lake,089
LAKE|MERRILLVILLEPRECINCT5,3,0.999991371028,Lake,089
LAKE|MERRILLVILLEPRECINCT7,3,1.000000000000,Lake,089
LAKE|MERRILLVILLEPRECINCT8,3,1.000000000000,Lake,089
LAKE|MERRILLVILLEPRECINCT9,1,0.000004666585,Lake,089
LAKE|MERRILLVILLEPRECINCT9,3,0.999995333415,Lake,089
LAKE|MUNSTERPRECINCT1,2,1.000000000000,Lake,089
LAKE|MUNSTERPRECINCT11,2,1.000000000000,Lake,089
LAKE|MUNSTERPRECINCT12,1,0.001880781617,Lake,089
LAKE|MUNSTERPRECINCT12,2,0.998119218383,Lake,089
LAKE|MUNSTERPRECINCT13,2,1.000000000000,Lake,089
LAKE|MUNSTERPRECINCT14,1,0.000200322704,Lake,089
LAKE|MUNSTERPRECINCT14,2,0.999799677296,Lake,089
LAKE|MUNSTERPRECINCT15,2,1.000000000000,Lake,089
LAKE|MUNSTERPRECINCT16,2,1.000000000000,Lake,089
LAKE|MUNSTERPRECINCT18,2,1.000000000000,Lake,089
LAKE|MUNSTERPRECINCT19,2,1.000000000000,Lake,089
LAKE|MUNSTERPRECINCT2,1,0.000002648755,Lake,089
LAKE|MUNSTERPRECINCT2,2,0.999997351245,Lake,089
LAKE|MUNSTERPRECINCT20,1,0.000020646464,Lake,089
LAKE|MUNSTERPRECINCT20,2,0.999979353536,Lake,089
LAKE|MUNSTERPRECINCT21,2,1.000000000000,Lake,089
LAKE|MUNSTERPRECINCT22,1,0.000009597327,Lake,089
LAKE|MUNSTERPRECINCT22,2,0.999990402673,Lake,089
LAKE|MUNSTERPRECINCT24,1,0.000695425077,Lake,089
LAKE|MUNSTERPRECINCT24,2,0.999304574923,Lake,089
LAKE|MUNSTERPRECINCT25,1,0.000000053184,Lake,089
LAKE|MUNSTERPRECINCT25,2,0.999999946816,Lake,089
LAKE|MUNSTERPRECINCT4,2,1.000000000000,Lake,089
LAKE|MUNSTERPRECINCT5,2,1.000000000000,Lake,089
LAKE|MUNSTERPRECINCT6,2,1.000000000000,Lake,089
LAKE|MUNSTERPRECINCT8,2,1.000000000000,Lake,089
LAKE|MUNSTERPRECINCT9,2,1.000000000000,Lake,089
LAKE|ROSSTOWNSHIPPRECINCT20,1,0.000000078953,Lake,089
LAKE|ROSSTOWNSHIPPRECINCT20,3,0.964496625779,Lake,089
LAKE|ROSSTOWNSHIPPRECINCT20,5,0.000351934799,Lake,089
LAKE|ROSSTOWNSHIPPRECINCT20,6,0.035151360469,Lake,089
LAKE|SCHERERVILLEPRECINCT10,1,1.000000000000,Lake,089
LAKE|SCHERERVILLEPRECINCT13,1,1.000000000000,Lake,089
LAKE|SCHERERVILLEPRECINCT14,1,1.000000000000,Lake,089
LAKE|SCHERERVILLEPRECINCT15,1,1.000000000000,Lake,089
LAKE|SCHERERVILLEPRECINCT16,1,0.999984883710,Lake,089
LAKE|SCHERERVILLEPRECINCT16,2,0.000015116290,Lake,089
LAKE|SCHERERVILLEPRECINCT17,1,1.000000000000,Lake,089
LAKE|SCHERERVILLEPRECINCT18,1,1.000000000000,Lake,089
LAKE|SCHERERVILLEPRECINCT19,1,1.000000000000,Lake,089
LAKE|SCHERERVILLEPRECINCT2,1,1.000000000000,Lake,089
LAKE|SCHERERVILLEPRECINCT20,1,0.999971595754,Lake,089
LAKE|SCHERERVILLEPRECINCT20,6,0.000028404246,Lake,089
LAKE|SCHERERVILLEPRECINCT22,1,1.000000000000,Lake,089
LAKE|SCHERERVILLEPRECINCT24,1,1.000000000000,Lake,089
LAKE|SCHERERVILLEPRECINCT26,1,1.000000000000,Lake,089
LAKE|SCHERERVILLEPRECINCT27,1,0.999999090189,Lake,089
LAKE|SCHERERVILLEPRECINCT27,2,0.000000909811,Lake,089
LAKE|SCHERERVILLEPRECINCT28,1,1.000000000000,Lake,089
LAKE|SCHERERVILLEPRECINCT32,1,1.000000000000,Lake,089
LAKE|SCHERERVILLEPRECINCT33,1,1.000000000000,Lake,089
LAKE|SCHERERVILLEPRECINCT4,1,1.000000000000,Lake,089
LAKE|SCHERERVILLEPRECINCT6,1,1.000000000000,Lake,089
LAKE|SCHERERVILLEPRECINCT7,1,1.000000000000,Lake,089
LAKE|SCHERERVILLEPRECINCT9,1,1.000000000000,Lake,089
LAKE|STJOHNTOWNPRECINCT1,1,1.000000000000,Lake,089
LAKE|STJOHNTOWNPRECINCT11,1,1.000000000000,Lake,089
LAKE|STJOHNTOWNPRECINCT12,1,0.999849989212,Lake,089
LAKE|STJOHNTOWNPRECINCT12,6,0.000150010788,Lake,089
LAKE|STJOHNTOWNPRECINCT13,1,0.715856007284,Lake,089
LAKE|STJOHNTOWNPRECINCT13,6,0.284143992716,Lake,089
LAKE|STJOHNTOWNPRECINCT14,1,1.000000000000,Lake,089
LAKE|STJOHNTOWNPRECINCT15,1,1.000000000000,Lake,089
LAKE|STJOHNTOWNPRECINCT16,1,0.996721629729,Lake,089
LAKE|STJOHNTOWNPRECINCT16,6,0.003278370271,Lake,089
LAKE|STJOHNTOWNPRECINCT18NV,1,1.000000000000,Lake,089
LAKE|STJOHNTOWNPRECINCT2,1,0.999985717287,Lake,089
LAKE|STJOHNTOWNPRECINCT2,6,0.000014282713,Lake,089
LAKE|STJOHNTOWNPRECINCT3,1,1.000000000000,Lake,089
LAKE|STJOHNTOWNPRECINCT4,1,1.000000000000,Lake,089
LAKE|STJOHNTOWNPRECINCT5,1,0.998316807991,Lake,089
LAKE|STJOHNTOWNPRECINCT5,6,0.001683192009,Lake,089
LAKE|STJOHNTOWNPRECINCT6,1,1.000000000000,Lake,089
LAKE|STJOHNTOWNPRECINCT7,1,1.000000000000,Lake,089
LAKE|STJOHNTOWNPRECINCT8,1,0.999271391367,Lake,089
LAKE|STJOHNTOWNPRECINCT8,6,0.000728608633,Lake,089
LAKE|STJOHNTOWNPRECINCT9,1,1.000000000000,Lake,089
LAKE|STJOHNTOWNSHIPPRECINCT1,1,1.000000000000,Lake,089
LAKE|STJOHNTOWNSHIPPRECINCT2,1,1.000000000000,Lake,089
LAKE|STJOHNTOWNSHIPPRECINCT3,1,1.000000000000,Lake,089
LAKE|STJOHNTOWNSHIPPRECINCT4,1,1.000000000000,Lake,089
LAKE|STJOHNTOWNSHIPPRECINCT5,1,1.000000000000,Lake,089
LAKE|STJOHNTOWNSHIPPRECINCT7,1,1.000000000000,Lake,089
LAKE|STJOHNTOWNSHIPPRECINCT8,1,0.999978251332,Lake,089
LAKE|STJOHNTOWNSHIPPRECINCT8,6,0.000021748668,Lake,089
LAKE|STJOHNTOWNSHIPPRECINCT9,1,1.000000000000,Lake,089
LAKE|WESTCREEKTOWNSHIPPRECINCT01A,6,1.000000000000,Lake,089
LAKE|WESTCREEKTOWNSHIPPRECINCT2,6,1.000000000000,Lake,089
LAKE|WESTCREEKTOWNSHIPPRECINCT3,6,1.000000000000,Lake,089
LAKE|WESTCREEKTOWNSHIPPRECINCT4,6,1.000000000000,Lake,089
LAKE|WESTCREEKTOWNSHIPPRECINCT6,6,1.000000000000,Lake,089
LAKE|WHITINGPRECINCT1,2,0.999995794628,Lake,089
LAKE|WHITINGPRECINCT1,3,0.000004205372,Lake,089
LAKE|WHITINGPRECINCT3,2,0.999997809678,Lake,089
LAKE|WHITINGPRECINCT3,3,0.000002190322,Lake,089
LAKE|WHITINGPRECINCT4,2,1.000000000000,Lake,089
LAKE|WINFIELDTOWNSHIPPRECINCT1,5,0.000101683787,Lake,089
LAKE|WINFIELDTOWNSHIPPRECINCT1,6,0.999898316213,Lake,089
LAKE|WINFIELDTOWNSHIPPRECINCT10,5,0.000000055524,Lake,089
LAKE|WINFIELDTOWNSHIPPRECINCT10,6,0.999999944476,Lake,089
LAKE|WINFIELDTOWNSHIPPRECINCT2,6,1.000000000000,Lake,089
LAKE|WINFIELDTOWNSHIPPRECINCT5,5,0.000007509465,Lake,089
LAKE|WINFIELDTOWNSHIPPRECINCT5,6,0.999992490535,Lake,089
LAKE|WINFIELDTOWNSHIPPRECINCT6,5,0.000215234090,Lake,089
LAKE|WINFIELDTOWNSHIPPRECINCT6,6,0.999784765910,Lake,089
LAKE|WINFIELDTOWNSHIPPRECINCT7,5,0.000115673410,Lake,089
LAKE|WINFIELDTOWNSHIPPRECINCT7,6,0.999884326590,Lake,089
LAKE|WINFIELDTOWNSHIPPRECINCT8,3,0.000081451359,Lake,089
LAKE|WINFIELDTOWNSHIPPRECINCT8,6,0.999918548641,Lake,089
LAKE|WINFIELDTOWNSHIPPRECINCT9,3,0.000007673890,Lake,089
LAKE|WINFIELDTOWNSHIPPRECINCT9,6,0.999992326110,Lake,089
LAPORTE|CASS,5,0.000019745465,LaPorte,091
LAPORTE|CASS,8,0.999980254535,LaPorte,091
LAPORTE|CENTER1,8,1.000000000000,LaPorte,091
LAPORTE|CENTER2,8,1.000000000000,LaPorte,091
LAPORTE|CENTER3,8,1.000000000000,LaPorte,091
LAPORTE|CENTER4,8,1.000000000000,LaPorte,091
LAPORTE|CENTER5,8,1.000000000000,LaPorte,091
LAPORTE|CLINTON,4,0.000016288354,LaPorte,091
LAPORTE|CLINTON,5,0.000045818316,LaPorte,091
LAPORTE|CLINTON,8,0.999937893330,LaPorte,091
LAPORTE|COOLSPRING1,4,0.000757798227,LaPorte,091
LAPORTE|COOLSPRING1,8,0.999242201773,LaPorte,091
LAPORTE|COOLSPRING2,4,0.999939078870,LaPorte,091
LAPORTE|COOLSPRING2,8,0.000060921130,LaPorte,091
LAPORTE|COOLSPRING3,4,0.001154113599,LaPorte,091
LAPORTE|COOLSPRING3,8,0.998845886401,LaPorte,091
LAPORTE|COOLSPRING4,4,0.999760961611,LaPorte,091
LAPORTE|COOLSPRING4,8,0.000239038389,LaPorte,091
LAPORTE|COOLSPRING5,4,0.999970490325,LaPorte,091
LAPORTE|COOLSPRING5,8,0.000029509675,LaPorte,091
LAPORTE|DEWEY,5,0.000028138235,LaPorte,091
LAPORTE|DEWEY,8,0.999971861765,LaPorte,091
LAPORTE|DUNELANDBEACH,4,1.000000000000,LaPorte,091
LAPORTE|GALENA1,8,1.000000000000,LaPorte,091
LAPORTE|GALENA2,8,1.000000000000,LaPorte,091
LAPORTE|HANNA,8,1.000000000000,LaPorte,091
LAPORTE|HUDSON,8,0.999984151061,LaPorte,091
LAPORTE|HUDSON,10,0.000015848939,LaPorte,091
LAPORTE|JOHNSON,8,1.000000000000,LaPorte,091
LAPORTE|KANKAKEE1,8,1.000000000000,LaPorte,091
LAPORTE|KANKAKEE2,8,1.000000000000,LaPorte,091
LAPORTE|KINGSBURY,8,1.000000000000,LaPorte,091
LAPORTE|KINGSFORDHEIGHTS,8,1.000000000000,LaPorte,091
LAPORTE|LACROSSE,8,1.000000000000,LaPorte,091
LAPORTE|LINCOLN,8,0.999980314904,LaPorte,091
LAPORTE|LINCOLN,10,0.000019685096,LaPorte,091
LAPORTE|LONGBEACH,4,1.000000000000,LaPorte,091
LAPORTE|LP25,8,1.000000000000,LaPorte,091
LAPORTE|LP26,8,1.000000000000,LaPorte,091
LAPORTE|LP27,8,1.000000000000,LaPorte,091
LAPORTE|LP28,8,1.000000000000,LaPorte,091
LAPORTE|LP29,8,1.000000000000,LaPorte,091
LAPORTE|LP30,8,1.000000000000,LaPorte,091
LAPORTE|LP31,8,1.000000000000,LaPorte,091
LAPORTE|LP32,8,1.000000000000,LaPorte,091
LAPORTE|LP33,8,1.000000000000,LaPorte,091
LAPORTE|LP34,8,1.000000000000,LaPorte,091
LAPORTE|LP35,8,1.000000000000,LaPorte,091
LAPORTE|LP36,8,1.000000000000,LaPorte,091
LAPORTE|LP37,8,1.000000000000,LaPorte,091
LAPORTE|LP38,8,1.000000000000,LaPorte,091
LAPORTE|LP39,8,1.000000000000,LaPorte,091
LAPORTE|LP40,8,1.000000000000,LaPorte,091
LAPORTE|LP41,8,1.000000000000,LaPorte,091
LAPORTE|LP42,8,1.000000000000,LaPorte,091
LAPORTE|LP43,8,1.000000000000,LaPorte,091
LAPORTE|LP44,8,1.000000000000,LaPorte,091
LAPORTE|MC1,4,1.000000000000,LaPorte,091
LAPORTE|MC10,4,1.000000000000,LaPorte,091
LAPORTE|MC11,4,1.000000000000,LaPorte,091
LAPORTE|MC12,4,1.000000000000,LaPorte,091
LAPORTE|MC13,4,1.000000000000,LaPorte,091
LAPORTE|MC14,4,1.000000000000,LaPorte,091
LAPORTE|MC15,4,1.000000000000,LaPorte,091
LAPORTE|MC16,4,1.000000000000,LaPorte,091
LAPORTE|MC17,4,1.000000000000,LaPorte,091
LAPORTE|MC18,4,1.000000000000,LaPorte,091
LAPORTE|MC19,4,1.000000000000,LaPorte,091
LAPORTE|MC2,4,1.000000000000,LaPorte,091
LAPORTE|MC20,4,1.000000000000,LaPorte,091
LAPORTE|MC21,4,1.000000000000,LaPorte,091
LAPORTE|MC22,4,0.999913488859,LaPorte,091
LAPORTE|MC22,8,0.000086511141,LaPorte,091
LAPORTE|MC23,4,0.999997157760,LaPorte,091
LAPORTE|MC23,8,0.000002842240,LaPorte,091
LAPORTE|MC24NV,4,1.000000000000,LaPorte,091
LAPORTE|MC3,4,1.000000000000,LaPorte,091
LAPORTE|MC4,4,1.000000000000,LaPorte,091
LAPORTE|MC45,4,1.000000000000,LaPorte,091
LAPORTE|MC5,4,1.000000000000,LaPorte,091
LAPORTE|MC6,4,1.000000000000,LaPorte,091
LAPORTE|MC7,4,1.000000000000,LaPorte,091
LAPORTE|MC8,4,1.000000000000,LaPorte,091
LAPORTE|MC9,4,1.000000000000,LaPorte,091
LAPORTE|MICHIANASHORES1,4,0.999915355089,LaPorte,091
LAPORTE|MICHIANASHORES1,8,0.000084644911,LaPorte,091
LAPORTE|MICHIANASHORES2,4,0.000194853717,LaPorte,091
LAPORTE|MICHIANASHORES2,8,0.999805146283,LaPorte,091
LAPORTE|NEWDURHAM1,4,0.999969390422,LaPorte,091
LAPORTE|NEWDURHAM1,8,0.000030609578,LaPorte,091
LAPORTE|NEWDURHAM2,4,0.999802176318,LaPorte,091
LAPORTE|NEWDURHAM2,8,0.000197823682,LaPorte,091
LAPORTE|NOBLE,8,1.000000000000,LaPorte,091
LAPORTE|PLEASANT,8,1.000000000000,LaPorte,091
LAPORTE|POTTAWATTAMIEPARK,4,1.000000000000,LaPorte,091
LAPORTE|PRAIRIE,8,1.000000000000,LaPorte,091
LAPORTE|SCIPIO1,4,0.000020166951,LaPorte,091
LAPORTE|SCIPIO1,8,0.999979833049,LaPorte,091
LAPORTE|SCIPIO2,4,0.000004121865,LaPorte,091
LAPORTE|SCIPIO2,8,0.999995878135,LaPorte,091
LAPORTE|SPRINGFIELD1,8,1.000000000000,LaPorte,091
LAPORTE|SPRINGFIELD2,8,1.000000000000,LaPorte,091
LAPORTE|SPRINGFIELD3,4,0.000101838526,LaPorte,091
LAPORTE|SPRINGFIELD3,8,0.999898161474,LaPorte,091
LAPORTE|TRAILCREEK1,4,1.000000000000,LaPorte,091
LAPORTE|TRAILCREEK2,4,1.000000000000,LaPorte,091
LAPORTE|UNION,8,1.000000000000,LaPorte,091
LAPORTE|WANATAH1,8,1.000000000000,LaPorte,091
LAPORTE|WANATAH2,8,1.000000000000,LaPorte,091
LAPORTE|WASHINGTON,8,1.000000000000,LaPorte,091
LAPORTE|WESTVILLE,4,0.999938326363,LaPorte,091
LAPORTE|WESTVILLE,8,0.000061673637,LaPorte,091
LAPORTE|WILLS,8,0.999939509242,LaPorte,091
LAPORTE|WILLS,10,0.000060490758,LaPorte,091
LAWRENCE|BONO,44,0.999919121625,Lawrence,093
LAWRENCE|BONO,47,0.000080878375,Lawrence,093
LAWRENCE|GUTHRIE,44,0.999996527093,Lawrence,093
LAWRENCE|GUTHRIE,47,0.000003472907,Lawrence,093
LAWRENCE|INDIANCREEKNORTH,39,0.000000416952,Lawrence,093
LAWRENCE|INDIANCREEKNORTH,44,0.999999583048,Lawrence,093
LAWRENCE|INDIANCREEKSOUTH,39,0.000011492623,Lawrence,093
LAWRENCE|INDIANCREEKSOUTH,44,0.999988507377,Lawrence,093
LAWRENCE|MARION05A,44,1.000000000000,Lawrence,093
LAWRENCE|MARION05B,44,1.000000000000,Lawrence,093
LAWRENCE|MARION05C,44,1.000000000000,Lawrence,093
LAWRENCE|MARION1,44,1.000000000000,Lawrence,093
LAWRENCE|MARION2,44,1.000000000000,Lawrence,093
LAWRENCE|MARION3,44,1.000000000000,Lawrence,093
LAWRENCE|MARION4,44,1.000000000000,Lawrence,093
LAWRENCE|MARION6,44,1.000000000000,Lawrence,093
LAWRENCE|MARSHALL1,44,1.000000000000,Lawrence,093
LAWRENCE|MARSHALL2,44,1.000000000000,Lawrence,093
LAWRENCE|MARSHALL3,44,1.000000000000,Lawrence,093
LAWRENCE|PERRY,39,0.000004614445,Lawrence,093
LAWRENCE|PERRY,40,0.000038297830,Lawrence,093
LAWRENCE|PERRY,44,0.999957087724,Lawrence,093
LAWRENCE|PLEASANTRUN,44,1.000000000000,Lawrence,093
LAWRENCE|SHAWSWICK01A,44,1.000000000000,Lawrence,093
LAWRENCE|SHAWSWICK01B,44,1.000000000000,Lawrence,093
LAWRENCE|SHAWSWICK05A,44,1.000000000000,Lawrence,093
LAWRENCE|SHAWSWICK05B,44,1.000000000000,Lawrence,093
LAWRENCE|SHAWSWICK07A,44,1.000000000000,Lawrence,093
LAWRENCE|SHAWSWICK07B,44,1.000000000000,Lawrence,093
LAWRENCE|SHAWSWICK10,44,1.000000000000,Lawrence,093
LAWRENCE|SHAWSWICK11,44,1.000000000000,Lawrence,093
LAWRENCE|SHAWSWICK12,44,1.000000000000,Lawrence,093
LAWRENCE|SHAWSWICK13,44,1.000000000000,Lawrence,093
LAWRENCE|SHAWSWICK14A,44,1.000000000000,Lawrence,093
LAWRENCE|SHAWSWICK14B,44,1.000000000000,Lawrence,093
LAWRENCE|SHAWSWICK15A,44,1.000000000000,Lawrence,093
LAWRENCE|SHAWSWICK15B,44,1.000000000000,Lawrence,093
LAWRENCE|SHAWSWICK16,44,1.000000000000,Lawrence,093
LAWRENCE|SHAWSWICK2,44,1.000000000000,Lawrence,093
LAWRENCE|SHAWSWICK3,44,1.000000000000,Lawrence,093
LAWRENCE|SHAWSWICK4,44,1.000000000000,Lawrence,093
LAWRENCE|SHAWSWICK6,44,1.000000000000,Lawrence,093
LAWRENCE|SHAWSWICK8,44,1.000000000000,Lawrence,093
LAWRENCE|SHAWSWICK9,44,1.000000000000,Lawrence,093
LAWRENCE|SPICEVALLEYNORTH,39,0.000046274320,Lawrence,093
LAWRENCE|SPICEVALLEYNORTH,44,0.999953725680,Lawrence,093
LAWRENCE|SPICEVALLEYSOUTH,39,0.000030295565,Lawrence,093
LAWRENCE|SPICEVALLEYSOUTH,44,0.999969704435,Lawrence,093
MADISON|ADAMS1,25,1.000000000000,Madison,095
MADISON|ADAMS2,25,0.999935058113,Madison,095
MADISON|ADAMS2,28,0.000064941887,Madison,095
MADISON|ADAMS3,25,1.000000000000,Madison,095
MADISON|ADAMS4,25,0.999989295588,Madison,095
MADISON|ADAMS4,27,0.000010704412,Madison,095
MADISON|ANDERSON1,25,1.000000000000,Madison,095
MADISON|ANDERSON11,25,1.000000000000,Madison,095
MADISON|ANDERSON12,25,1.000000000000,Madison,095
MADISON|ANDERSON13,25,1.000000000000,Madison,095
MADISON|ANDERSON14,25,1.000000000000,Madison,095
MADISON|ANDERSON15,25,1.000000000000,Madison,095
MADISON|ANDERSON16,25,1.000000000000,Madison,095
MADISON|ANDERSON17,25,1.000000000000,Madison,095
MADISON|ANDERSON2,25,1.000000000000,Madison,095
MADISON|ANDERSON21,25,1.000000000000,Madison,095
MADISON|ANDERSON22,25,1.000000000000,Madison,095
MADISON|ANDERSON23,25,1.000000000000,Madison,095
MADISON|ANDERSON24,25,1.000000000000,Madison,095
MADISON|ANDERSON25,25,1.000000000000,Madison,095
MADISON|ANDERSON26,25,1.000000000000,Madison,095
MADISON|ANDERSON27,25,1.000000000000,Madison,095
MADISON|ANDERSON28,25,1.000000000000,Madison,095
MADISON|ANDERSON3,25,1.000000000000,Madison,095
MADISON|ANDERSON31,25,1.000000000000,Madison,095
MADISON|ANDERSON32,25,1.000000000000,Madison,095
MADISON|ANDERSON33,25,1.000000000000,Madison,095
MADISON|ANDERSON34,25,1.000000000000,Madison,095
MADISON|ANDERSON35,25,1.000000000000,Madison,095
MADISON|ANDERSON36,25,1.000000000000,Madison,095
MADISON|ANDERSON37,25,1.000000000000,Madison,095
MADISON|ANDERSON38,25,1.000000000000,Madison,095
MADISON|ANDERSON39,25,1.000000000000,Madison,095
MADISON|ANDERSON41,25,1.000000000000,Madison,095
MADISON|ANDERSON42,25,1.000000000000,Madison,095
MADISON|ANDERSON43,25,1.000000000000,Madison,095
MADISON|ANDERSON44,25,1.000000000000,Madison,095
MADISON|ANDERSON45,25,1.000000000000,Madison,095
MADISON|ANDERSON46,25,1.000000000000,Madison,095
MADISON|ANDERSON47,25,1.000000000000,Madison,095
MADISON|ANDERSON51,25,1.000000000000,Madison,095
MADISON|ANDERSON52,25,1.000000000000,Madison,095
MADISON|ANDERSON53,25,1.000000000000,Madison,095
MADISON|ANDERSON54,25,1.000000000000,Madison,095
MADISON|ANDERSON55,25,1.000000000000,Madison,095
MADISON|ANDERSON56,25,1.000000000000,Madison,095
MADISON|ANDERSON61,25,1.000000000000,Madison,095
MADISON|ANDERSON62,25,1.000000000000,Madison,095
MADISON|ANDERSON63,25,1.000000000000,Madison,095
MADISON|ANDERSON64,25,1.000000000000,Madison,095
MADISON|ANDERSON65,25,1.000000000000,Madison,095
MADISON|ANDERSON66,25,1.000000000000,Madison,095
MADISON|ANDERSON67,25,1.000000000000,Madison,095
MADISON|BOONE,17,0.000093903758,Madison,095
MADISON|BOONE,25,0.999906096242,Madison,095
MADISON|DUCKCREEK1,17,0.000005401765,Madison,095
MADISON|DUCKCREEK1,21,0.000095454221,Madison,095
MADISON|DUCKCREEK1,25,0.999899144014,Madison,095
MADISON|DUCKCREEK2,25,1.000000000000,Madison,095
MADISON|FALLCREEK1,25,1.000000000000,Madison,095
MADISON|FALLCREEK10,25,1.000000000000,Madison,095
MADISON|FALLCREEK2,25,1.000000000000,Madison,095
MADISON|FALLCREEK3,25,1.000000000000,Madison,095
MADISON|FALLCREEK4,25,1.000000000000,Madison,095
MADISON|FALLCREEK5,25,1.000000000000,Madison,095
MADISON|FALLCREEK6,25,0.999847995309,Madison,095
MADISON|FALLCREEK6,28,0.000152004691,Madison,095
MADISON|FALLCREEK7,25,1.000000000000,Madison,095
MADISON|FALLCREEK8,25,1.000000000000,Madison,095
MADISON|FALLCREEK9,25,1.000000000000,Madison,095
MADISON|GREEN1,20,0.000022635177,Madison,095
MADISON|GREEN1,25,0.999964848803,Madison,095
MADISON|GREEN1,31,0.000012516020,Madison,095
MADISON|GREEN2,25,0.999796679179,Madison,095
MADISON|GREEN2,28,0.000065994159,Madison,095
MADISON|GREEN2,31,0.000137326663,Madison,095
MADISON|GREEN3,25,0.999803520144,Madison,095
MADISON|GREEN3,31,0.000196479856,Madison,095
MADISON|GREEN4,25,0.999996650486,Madison,095
MADISON|GREEN4,28,0.000003349514,Madison,095
MADISON|JACKSON,25,1.000000000000,Madison,095
MADISON|LAFAYETTE1,25,1.000000000000,Madison,095
MADISON|LAFAYETTE2,25,1.000000000000,Madison,095
MADISON|LAFAYETTE3,25,1.000000000000,Madison,095
MADISON|LAFAYETTE4,25,1.000000000000,Madison,095
MADISON|MONROE1,25,1.000000000000,Madison,095
MADISON|MONROE2,25,1.000000000000,Madison,095
MADISON|MONROE3,25,1.000000000000,Madison,095
MADISON|MONROE4,25,1.000000000000,Madison,095
MADISON|MONROE5,25,1.000000000000,Madison,095
MADISON|MONROE6,25,1.000000000000,Madison,095
MADISON|MONROE7,25,0.999973564925,Madison,095
MADISON|MONROE7,26,0.000026435075,Madison,095
MADISON|MONROE8,25,0.999950241693,Madison,095
MADISON|MONROE8,26,0.000049758307,Madison,095
MADISON|PIPECREEK1,25,1.000000000000,Madison,095
MADISON|PIPECREEK10,21,0.000080501967,Madison,095
MADISON|PIPECREEK10,25,0.999919498033,Madison,095
MADISON|PIPECREEK11,21,0.000061949410,Madison,095
MADISON|PIPECREEK11,25,0.999938050590,Madison,095
MADISON|PIPECREEK12,25,1.000000000000,Madison,095
MADISON|PIPECREEK2,25,1.000000000000,Madison,095
MADISON|PIPECREEK3,25,1.000000000000,Madison,095
MADISON|PIPECREEK4,25,1.000000000000,Madison,095
MADISON|PIPECREEK5,21,0.000022920101,Madison,095
MADISON|PIPECREEK5,25,0.999977079899,Madison,095
MADISON|PIPECREEK6,25,1.000000000000,Madison,095
MADISON|PIPECREEK7,25,1.000000000000,Madison,095
MADISON|PIPECREEK8,25,1.000000000000,Madison,095
MADISON|PIPECREEK9,25,1.000000000000,Madison,095
MADISON|RICHLAND1,25,0.999965590275,Madison,095
MADISON|RICHLAND1,26,0.000034409725,Madison,095
MADISON|RICHLAND2,25,1.000000000000,Madison,095
MADISON|RICHLAND3,25,0.999986027018,Madison,095
MADISON|RICHLAND3,26,0.000013972982,Madison,095
MADISON|RICHLAND4,25,1.000000000000,Madison,095
MADISON|RICHLAND5,25,1.000000000000,Madison,095
MADISON|RICHLAND6,25,1.000000000000,Madison,095
MADISON|STONEYCREEK1,20,0.000060565704,Madison,095
MADISON|STONEYCREEK1,25,0.999939434296,Madison,095
MADISON|STONEYCREEK2,20,0.000064286671,Madison,095
MADISON|STONEYCREEK2,25,0.999935713329,Madison,095
MADISON|STONEYCREEK3,25,1.000000000000,Madison,095
MADISON|UNION1,25,0.999887109046,Madison,095
MADISON|UNION1,26,0.000112890954,Madison,095
MADISON|UNION2,25,1.000000000000,Madison,095
MADISON|UNION3,25,1.000000000000,Madison,095
MADISON|UNION4,25,0.999986770429,Madison,095
MADISON|UNION4,26,0.000013229571,Madison,095
MADISON|UNION5,25,0.999930063607,Madison,095
MADISON|UNION5,26,0.000069936393,Madison,095
MADISON|UNION6,25,1.000000000000,Madison,095
MADISON|UNION7,25,0.999705330376,Madison,095
MADISON|UNION7,27,0.000294669624,Madison,095
MADISON|UNION9,25,0.999941707459,Madison,095
MADISON|UNION9,26,0.000058292541,Madison,095
MADISON|VANBUREN1,17,0.000023285615,Madison,095
MADISON|VANBUREN1,25,0.999936743185,Madison,095
MADISON|VANBUREN1,26,0.000039971201,Madison,095
MARION|CENTER101,46,1.000000000000,Marion,097
MARION|CENTER102,46,1.000000000000,Marion,097
MARION|CENTER103,46,1.000000000000,Marion,097
MARION|CENTER104,46,1.000000000000,Marion,097
MARION|CENTER105,46,1.000000000000,Marion,097
MARION|CENTER11,34,1.000000000000,Marion,097
MARION|CENTER110,34,1.000000000000,Marion,097
MARION|CENTER111,33,0.000072130809,Marion,097
MARION|CENTER111,46,0.999927869191,Marion,097
MARION|CENTER112,46,1.000000000000,Marion,097
MARION|CENTER113,46,1.000000000000,Marion,097
MARION|CENTER114,46,1.000000000000,Marion,097
MARION|CENTER115,46,1.000000000000,Marion,097
MARION|CENTER12,34,1.000000000000,Marion,097
MARION|CENTER121,33,0.995530054385,Marion,097
MARION|CENTER121,46,0.004469945615,Marion,097
MARION|CENTER122,33,0.002034367354,Marion,097
MARION|CENTER122,46,0.997965632646,Marion,097
MARION|CENTER123,33,0.000445714173,Marion,097
MARION|CENTER123,46,0.999554285827,Marion,097
MARION|CENTER13,34,1.000000000000,Marion,097
MARION|CENTER131,46,1.000000000000,Marion,097
MARION|CENTER132,46,1.000000000000,Marion,097
MARION|CENTER133,46,1.000000000000,Marion,097
MARION|CENTER134,36,0.000263779652,Marion,097
MARION|CENTER134,46,0.999736220348,Marion,097
MARION|CENTER135,46,1.000000000000,Marion,097
MARION|CENTER14,34,1.000000000000,Marion,097
MARION|CENTER141,35,0.000023851109,Marion,097
MARION|CENTER141,46,0.999976148891,Marion,097
MARION|CENTER142,35,0.000008764736,Marion,097
MARION|CENTER142,46,0.999991235264,Marion,097
MARION|CENTER15,34,1.000000000000,Marion,097
MARION|CENTER151,46,1.000000000000,Marion,097
MARION|CENTER152,46,1.000000000000,Marion,097
MARION|CENTER16,34,0.999357864104,Marion,097
MARION|CENTER16,46,0.000642135896,Marion,097
MARION|CENTER161,46,1.000000000000,Marion,097
MARION|CENTER162,46,1.000000000000,Marion,097
MARION|CENTER163,46,1.000000000000,Marion,097
MARION|CENTER164,46,1.000000000000,Marion,097
MARION|CENTER165,46,1.000000000000,Marion,097
MARION|CENTER17,34,1.000000000000,Marion,097
MARION|CENTER171,46,1.000000000000,Marion,097
MARION|CENTER172,32,0.000041528329,Marion,097
MARION|CENTER172,46,0.999958471671,Marion,097
MARION|CENTER173,46,1.000000000000,Marion,097
MARION|CENTER174,46,1.000000000000,Marion,097
MARION|CENTER175,32,0.000484846224,Marion,097
MARION|CENTER175,46,0.999515153776,Marion,097
MARION|CENTER18,34,1.000000000000,Marion,097
MARION|CENTER19,34,0.999788810990,Marion,097
MARION|CENTER19,46,0.000211189010,Marion,097
MARION|CENTER21,46,1.000000000000,Marion,097
MARION|CENTER22,46,1.000000000000,Marion,097
MARION|CENTER23,34,0.000158674456,Marion,097
MARION|CENTER23,46,0.999841325544,Marion,097
MARION|CENTER231,33,0.000035602064,Marion,097
MARION|CENTER231,34,0.999964397936,Marion,097
MARION|CENTER232,34,1.000000000000,Marion,097
MARION|CENTER233,33,0.000324565798,Marion,097
MARION|CENTER233,34,0.999653040839,Marion,097
MARION|CENTER233,46,0.000022393363,Marion,097
MARION|CENTER234,34,1.000000000000,Marion,097
MARION|CENTER235,34,1.000000000000,Marion,097
MARION|CENTER236,34,1.000000000000,Marion,097
MARION|CENTER237,34,0.998135647511,Marion,097
MARION|CENTER237,46,0.001864352489,Marion,097
MARION|CENTER238,33,0.000083167332,Marion,097
MARION|CENTER238,46,0.999916832668,Marion,097
MARION|CENTER239,34,0.000012345833,Marion,097
MARION|CENTER239,46,0.999987654167,Marion,097
MARION|CENTER24,46,1.000000000000,Marion,097
MARION|CENTER251,46,1.000000000000,Marion,097
MARION|CENTER252,46,1.000000000000,Marion,097
MARION|CENTER253,46,1.000000000000,Marion,097
MARION|CENTER254,46,1.000000000000,Marion,097
MARION|CENTER255,46,1.000000000000,Marion,097
MARION|CENTER301,46,1.000000000000,Marion,097
MARION|CENTER302,46,1.000000000000,Marion,097
MARION|CENTER303,36,0.003730625098,Marion,097
MARION|CENTER303,46,0.996269374902,Marion,097
MARION|CENTER304,46,1.000000000000,Marion,097
MARION|CENTER305,32,0.000023289245,Marion,097
MARION|CENTER305,46,0.999976710755,Marion,097
MARION|CENTER306,32,0.000011934468,Marion,097
MARION|CENTER306,36,0.000044536792,Marion,097
MARION|CENTER306,46,0.999943528740,Marion,097
MARION|CENTER307,32,0.999849141788,Marion,097
MARION|CENTER307,36,0.000000711121,Marion,097
MARION|CENTER307,46,0.000150147091,Marion,097
MARION|CENTER31,33,0.996781122954,Marion,097
MARION|CENTER31,34,0.003174414316,Marion,097
MARION|CENTER31,46,0.000044462730,Marion,097
MARION|CENTER32,33,1.000000000000,Marion,097
MARION|CENTER33,33,1.000000000000,Marion,097
MARION|CENTER34,33,0.999689697980,Marion,097
MARION|CENTER34,46,0.000310302020,Marion,097
MARION|CENTER35,33,0.999700631674,Marion,097
MARION|CENTER35,46,0.000299368326,Marion,097
MARION|CENTER41,33,1.000000000000,Marion,097
MARION|CENTER42,33,1.000000000000,Marion,097
MARION|CENTER43,33,1.000000000000,Marion,097
MARION|CENTER44,33,0.997712965362,Marion,097
MARION|CENTER44,34,0.002287034638,Marion,097
MARION|CENTER45,33,1.000000000000,Marion,097
MARION|CENTER51,33,1.000000000000,Marion,097
MARION|CENTER52,33,1.000000000000,Marion,097
MARION|CENTER53,33,1.000000000000,Marion,097
MARION|CENTER54,33,1.000000000000,Marion,097
MARION|CENTER55,33,1.000000000000,Marion,097
MARION|CENTER56,33,1.000000000000,Marion,097
MARION|CENTER61,33,1.000000000000,Marion,097
MARION|CENTER62,33,1.000000000000,Marion,097
MARION|CENTER63,33,1.000000000000,Marion,097
MARION|CENTER64,33,1.000000000000,Marion,097
MARION|CENTER65,33,1.000000000000,Marion,097
MARION|CENTER66,33,0.999842433245,Marion,097
MARION|CENTER66,46,0.000157566755,Marion,097
MARION|CENTER71,33,0.999849904900,Marion,097
MARION|CENTER71,46,0.000150095100,Marion,097
MARION|CENTER72,33,1.000000000000,Marion,097
MARION|CENTER73,33,0.999866870336,Marion,097
MARION|CENTER73,46,0.000133129664,Marion,097
MARION|CENTER81,33,0.000131803912,Marion,097
MARION|CENTER81,46,0.999868196088,Marion,097
MARION|CENTER82,33,0.001044118489,Marion,097
MARION|CENTER82,46,0.998955881511,Marion,097
MARION|CENTER83,46,1.000000000000,Marion,097
MARION|CENTER91,34,0.002856516399,Marion,097
MARION|CENTER91,46,0.997143483601,Marion,097
MARION|CENTER92,46,1.000000000000,Marion,097
MARION|CENTER93,46,1.000000000000,Marion,097
MARION|CENTER94,46,1.000000000000,Marion,097
MARION|CENTER95,46,1.000000000000,Marion,097
MARION|CENTER96,46,1.000000000000,Marion,097
MARION|CENTER97,46,1.000000000000,Marion,097
MARION|CENTERCO1,32,1.000000000000,Marion,097
MARION|CENTERCO2,32,1.000000000000,Marion,097
MARION|DECDE1,35,1.000000000000,Marion,097
MARION|DECDE10,35,0.997868332882,Marion,097
MARION|DECDE10,36,0.002131667118,Marion,097
MARION|DECDE11,35,1.000000000000,Marion,097
MARION|DECDE12,35,1.000000000000,Marion,097
MARION|DECDE13,35,1.000000000000,Marion,097
MARION|DECDE14,35,0.999837626736,Marion,097
MARION|DECDE14,37,0.000162373264,Marion,097
MARION|DECDE15,35,0.999974709792,Marion,097
MARION|DECDE15,37,0.000025290208,Marion,097
MARION|DECDE16,35,0.998544842806,Marion,097
MARION|DECDE16,36,0.001275900445,Marion,097
MARION|DECDE16,37,0.000179256749,Marion,097
MARION|DECDE2,35,1.000000000000,Marion,097
MARION|DECDE3,35,1.000000000000,Marion,097
MARION|DECDE4,35,1.000000000000,Marion,097
MARION|DECDE5,35,1.000000000000,Marion,097
MARION|DECDE6,35,0.996576307518,Marion,097
MARION|DECDE6,36,0.003423692482,Marion,097
MARION|DECDE7,35,1.000000000000,Marion,097
MARION|DECDE8,35,1.000000000000,Marion,097
MARION|DECDE9,35,1.000000000000,Marion,097
MARION|FRAFR1,32,1.000000000000,Marion,097
MARION|FRAFR10,32,1.000000000000,Marion,097
MARION|FRAFR11,32,1.000000000000,Marion,097
MARION|FRAFR12,32,1.000000000000,Marion,097
MARION|FRAFR13,32,1.000000000000,Marion,097
MARION|FRAFR14,32,1.000000000000,Marion,097
MARION|FRAFR15,28,0.000108719043,Marion,097
MARION|FRAFR15,32,0.999891280957,Marion,097
MARION|FRAFR16,32,0.999992444805,Marion,097
MARION|FRAFR16,36,0.000007555195,Marion,097
MARION|FRAFR17,32,0.999999923027,Marion,097
MARION|FRAFR17,36,0.000000076973,Marion,097
MARION|FRAFR18,32,1.000000000000,Marion,097
MARION|FRAFR19,32,1.000000000000,Marion,097
MARION|FRAFR2,32,1.000000000000,Marion,097
MARION|FRAFR20,32,0.999489480385,Marion,097
MARION|FRAFR20,36,0.000510519615,Marion,097
MARION|FRAFR21,32,1.000000000000,Marion,097
MARION|FRAFR22,32,1.000000000000,Marion,097
MARION|FRAFR23,32,1.000000000000,Marion,097
MARION|FRAFR24,32,1.000000000000,Marion,097
MARION|FRAFR25,32,0.999853553493,Marion,097
MARION|FRAFR25,36,0.000146446507,Marion,097
MARION|FRAFR26,32,1.000000000000,Marion,097
MARION|FRAFR27,32,1.000000000000,Marion,097
MARION|FRAFR28,32,1.000000000000,Marion,097
MARION|FRAFR29,32,1.000000000000,Marion,097
MARION|FRAFR3,32,1.000000000000,Marion,097
MARION|FRAFR4,28,0.000010156092,Marion,097
MARION|FRAFR4,32,0.999989843908,Marion,097
MARION|FRAFR5,32,1.000000000000,Marion,097
MARION|FRAFR6,32,1.000000000000,Marion,097
MARION|FRAFR7,32,1.000000000000,Marion,097
MARION|FRAFR8,32,1.000000000000,Marion,097
MARION|FRAFR9,32,0.998683561389,Marion,097
MARION|FRAFR9,36,0.001316438611,Marion,097
MARION|LAW271,34,1.000000000000,Marion,097
MARION|LAW2710,34,1.000000000000,Marion,097
MARION|LAW2711,34,1.000000000000,Marion,097
MARION|LAW2712,34,1.000000000000,Marion,097
MARION|LAW2713,34,1.000000000000,Marion,097
MARION|LAW2714,34,1.000000000000,Marion,097
MARION|LAW272,34,1.000000000000,Marion,097
MARION|LAW273,34,1.000000000000,Marion,097
MARION|LAW274,34,1.000000000000,Marion,097
MARION|LAW275,34,1.000000000000,Marion,097
MARION|LAW276,34,1.000000000000,Marion,097
MARION|LAW277,34,1.000000000000,Marion,097
MARION|LAW278,34,1.000000000000,Marion,097
MARION|LAW279,34,1.000000000000,Marion,097
MARION|LAWLA1,30,0.999809049338,Marion,097
MARION|LAWLA1,31,0.000190950662,Marion,097
MARION|LAWLA10,31,1.000000000000,Marion,097
MARION|LAWLA11,28,0.000893121193,Marion,097
MARION|LAWLA11,31,0.999106878807,Marion,097
MARION|LAWLA12,30,1.000000000000,Marion,097
MARION|LAWLA13,30,0.000265618246,Marion,097
MARION|LAWLA13,31,0.999734381754,Marion,097
MARION|LAWLA14,31,1.000000000000,Marion,097
MARION|LAWLA15,31,1.000000000000,Marion,097
MARION|LAWLA16,31,1.000000000000,Marion,097
MARION|LAWLA17,31,1.000000000000,Marion,097
MARION|LAWLA18,28,0.000020442501,Marion,097
MARION|LAWLA18,31,0.999979557499,Marion,097
MARION|LAWLA19,28,0.000021400490,Marion,097
MARION|LAWLA19,31,0.999978599510,Marion,097
MARION|LAWLA2,30,0.999992293073,Marion,097
MARION|LAWLA2,31,0.000007706927,Marion,097
MARION|LAWLA20,30,1.000000000000,Marion,097
MARION|LAWLA21,30,1.000000000000,Marion,097
MARION|LAWLA22,30,0.999953843140,Marion,097
MARION|LAWLA22,31,0.000046156860,Marion,097
MARION|LAWLA23,30,0.000008206247,Marion,097
MARION|LAWLA23,31,0.999991793753,Marion,097
MARION|LAWLA24,30,0.000001196174,Marion,097
MARION|LAWLA24,31,0.999764227077,Marion,097
MARION|LAWLA24,34,0.000234576749,Marion,097
MARION|LAWLA25,31,0.997005117055,Marion,097
MARION|LAWLA25,34,0.002994882945,Marion,097
MARION|LAWLA26,31,0.999871043807,Marion,097
MARION|LAWLA26,34,0.000128956193,Marion,097
MARION|LAWLA27,31,1.000000000000,Marion,097
MARION|LAWLA28,31,1.000000000000,Marion,097
MARION|LAWLA29,28,0.000000235089,Marion,097
MARION|LAWLA29,31,0.999999764911,Marion,097
MARION|LAWLA3,30,0.999873629993,Marion,097
MARION|LAWLA3,31,0.000126370007,Marion,097
MARION|LAWLA30,30,1.000000000000,Marion,097
MARION|LAWLA31,30,1.000000000000,Marion,097
MARION|LAWLA32,30,0.995590824899,Marion,097
MARION|LAWLA32,31,0.000190425341,Marion,097
MARION|LAWLA32,34,0.004218749760,Marion,097
MARION|LAWLA33,30,0.001235076087,Marion,097
MARION|LAWLA33,31,0.003066081295,Marion,097
MARION|LAWLA33,34,0.995698842618,Marion,097
MARION|LAWLA34,31,0.999915527839,Marion,097
MARION|LAWLA34,34,0.000084472161,Marion,097
MARION|LAWLA35,31,0.999962114572,Marion,097
MARION|LAWLA35,34,0.000037885428,Marion,097
MARION|LAWLA36,28,0.000023041976,Marion,097
MARION|LAWLA36,31,0.999976958024,Marion,097
MARION|LAWLA37,30,0.991958686458,Marion,097
MARION|LAWLA37,34,0.008041313542,Marion,097
MARION|LAWLA38,30,0.997742075139,Marion,097
MARION|LAWLA38,34,0.002257924861,Marion,097
MARION|LAWLA39,30,0.994380543585,Marion,097
MARION|LAWLA39,34,0.005619456415,Marion,097
MARION|LAWLA4,30,0.998479262724,Marion,097
MARION|LAWLA4,31,0.001520737276,Marion,097
MARION|LAWLA40,31,0.000873316139,Marion,097
MARION|LAWLA40,34,0.999126683861,Marion,097
MARION|LAWLA41,31,0.996986351173,Marion,097
MARION|LAWLA41,34,0.003013648827,Marion,097
MARION|LAWLA42,28,0.000310394017,Marion,097
MARION|LAWLA42,31,0.000288028758,Marion,097
MARION|LAWLA42,34,0.999401577225,Marion,097
MARION|LAWLA43,30,0.002049333879,Marion,097
MARION|LAWLA43,34,0.997950666121,Marion,097
MARION|LAWLA44,34,1.000000000000,Marion,097
MARION|LAWLA45,30,0.001574069481,Marion,097
MARION|LAWLA45,34,0.998425930519,Marion,097
MARION|LAWLA46,34,1.000000000000,Marion,097
MARION|LAWLA47,30,0.000309253320,Marion,097
MARION|LAWLA47,31,0.000701924386,Marion,097
MARION|LAWLA47,34,0.998988822293,Marion,097
MARION|LAWLA48,31,0.000000005487,Marion,097
MARION|LAWLA48,34,0.999999994513,Marion,097
MARION|LAWLA49,28,0.000315842117,Marion,097
MARION|LAWLA49,31,0.000006608880,Marion,097
MARION|LAWLA49,34,0.999677549003,Marion,097
MARION|LAWLA5,30,0.005460264940,Marion,097
MARION|LAWLA5,31,0.994539735060,Marion,097
MARION|LAWLA50,34,1.000000000000,Marion,097
MARION|LAWLA51,34,1.000000000000,Marion,097
MARION|LAWLA52,34,1.000000000000,Marion,097
MARION|LAWLA53,34,1.000000000000,Marion,097
MARION|LAWLA54,34,1.000000000000,Marion,097
MARION|LAWLA55,34,1.000000000000,Marion,097
MARION|LAWLA56,28,0.000030010784,Marion,097
MARION|LAWLA56,34,0.999969989216,Marion,097
MARION|LAWLA57,34,1.000000000000,Marion,097
MARION|LAWLA58,34,1.000000000000,Marion,097
MARION|LAWLA59,34,1.000000000000,Marion,097
MARION|LAWLA6,31,1.000000000000,Marion,097
MARION|LAWLA60,34,1.000000000000,Marion,097
MARION|LAWLA61,34,1.000000000000,Marion,097
MARION|LAWLA62,34,1.000000000000,Marion,097
MARION|LAWLA63,34,1.000000000000,Marion,097
MARION|LAWLA64,34,1.000000000000,Marion,097
MARION|LAWLA65,34,1.000000000000,Marion,097
MARION|LAWLA66,28,0.000027816267,Marion,097
MARION|LAWLA66,34,0.999972183733,Marion,097
MARION|LAWLA67,28,0.000020004752,Marion,097
MARION|LAWLA67,34,0.999979995248,Marion,097
MARION|LAWLA7,31,1.000000000000,Marion,097
MARION|LAWLA8,31,1.000000000000,Marion,097
MARION|LAWLA9,28,0.000274647687,Marion,097
MARION|LAWLA9,31,0.999725352313,Marion,097
MARION|PER261,36,0.999601948573,Marion,097
MARION|PER261,46,0.000398051427,Marion,097
MARION|PER262,36,0.999862538581,Marion,097
MARION|PER262,46,0.000137461419,Marion,097
MARION|PER263,36,1.000000000000,Marion,097
MARION|PERPE1,35,0.001712281913,Marion,097
MARION|PERPE1,36,0.998270134518,Marion,097
MARION|PERPE1,46,0.000017583569,Marion,097
MARION|PERPE10,36,1.000000000000,Marion,097
MARION|PERPE11,32,0.990247502936,Marion,097
MARION|PERPE11,36,0.009752497064,Marion,097
MARION|PERPE12,32,1.000000000000,Marion,097
MARION|PERPE13,36,1.000000000000,Marion,097
MARION|PERPE14,32,0.007664188233,Marion,097
MARION|PERPE14,36,0.992335811767,Marion,097
MARION|PERPE15,32,0.997212670940,Marion,097
MARION|PERPE15,36,0.002787329060,Marion,097
MARION|PERPE16,32,0.999992759414,Marion,097
MARION|PERPE16,36,0.000007240586,Marion,097
MARION|PERPE17,36,1.000000000000,Marion,097
MARION|PERPE18,36,1.000000000000,Marion,097
MARION|PERPE19,36,1.000000000000,Marion,097
MARION|PERPE2,36,0.000148668136,Marion,097
MARION|PERPE2,46,0.999851331864,Marion,097
MARION|PERPE20,36,1.000000000000,Marion,097
MARION|PERPE21,32,0.000065746795,Marion,097
MARION|PERPE21,36,0.999934253205,Marion,097
MARION|PERPE22,36,1.000000000000,Marion,097
MARION|PERPE23,36,1.000000000000,Marion,097
MARION|PERPE24,36,1.000000000000,Marion,097
MARION|PERPE25,36,1.000000000000,Marion,097
MARION|PERPE26,36,1.000000000000,Marion,097
MARION|PERPE27,36,1.000000000000,Marion,097
MARION|PERPE28,36,1.000000000000,Marion,097
MARION|PERPE29,36,1.000000000000,Marion,097
MARION|PERPE3,36,0.999969746578,Marion,097
MARION|PERPE3,46,0.000030253422,Marion,097
MARION|PERPE30,36,1.000000000000,Marion,097
MARION|PERPE31,36,1.000000000000,Marion,097
MARION|PERPE32,36,1.000000000000,Marion,097
MARION|PERPE33,32,0.000652546878,Marion,097
MARION|PERPE33,36,0.999347453122,Marion,097
MARION|PERPE34,35,0.001171808801,Marion,097
MARION|PERPE34,36,0.998741193344,Marion,097
MARION|PERPE34,37,0.000086997856,Marion,097
MARION|PERPE35,36,1.000000000000,Marion,097
MARION|PERPE36,36,1.000000000000,Marion,097
MARION|PERPE37,36,1.000000000000,Marion,097
MARION|PERPE38,36,1.000000000000,Marion,097
MARION|PERPE39,36,1.000000000000,Marion,097
MARION|PERPE4,32,0.011830185831,Marion,097
MARION|PERPE4,36,0.988165126265,Marion,097
MARION|PERPE4,46,0.000004687903,Marion,097
MARION|PERPE40,36,1.000000000000,Marion,097
MARION|PERPE41,36,1.000000000000,Marion,097
MARION|PERPE42,36,1.000000000000,Marion,097
MARION|PERPE43,32,0.002318555304,Marion,097
MARION|PERPE43,36,0.997681444696,Marion,097
MARION|PERPE44,36,1.000000000000,Marion,097
MARION|PERPE45,36,1.000000000000,Marion,097
MARION|PERPE46,36,1.000000000000,Marion,097
MARION|PERPE47,36,1.000000000000,Marion,097
MARION|PERPE48,36,1.000000000000,Marion,097
MARION|PERPE49,36,1.000000000000,Marion,097
MARION|PERPE5,32,0.000048941660,Marion,097
MARION|PERPE5,36,0.999951058340,Marion,097
MARION|PERPE50,36,1.000000000000,Marion,097
MARION|PERPE51,36,1.000000000000,Marion,097
MARION|PERPE52,36,1.000000000000,Marion,097
MARION|PERPE53,36,1.000000000000,Marion,097
MARION|PERPE54,36,1.000000000000,Marion,097
MARION|PERPE55,36,1.000000000000,Marion,097
MARION|PERPE56,36,1.000000000000,Marion,097
MARION|PERPE57,32,0.000299076731,Marion,097
MARION|PERPE57,36,0.999700923269,Marion,097
MARION|PERPE58,32,0.000552720022,Marion,097
MARION|PERPE58,36,0.999447279978,Marion,097
MARION|PERPE6,32,0.999933728467,Marion,097
MARION|PERPE6,36,0.000066271533,Marion,097
MARION|PERPE7,32,1.000000000000,Marion,097
MARION|PERPE8,36,0.999969611370,Marion,097
MARION|PERPE8,46,0.000030388630,Marion,097
MARION|PERPE9,36,1.000000000000,Marion,097
MARION|PIK321,29,0.005767901941,Marion,097
MARION|PIK321,33,0.994232098059,Marion,097
MARION|PIK322,29,0.995331405750,Marion,097
MARION|PIK322,33,0.004668594250,Marion,097
MARION|PIK323,29,0.000322458023,Marion,097
MARION|PIK323,33,0.999677541977,Marion,097
MARION|PIKPI1,7,0.000001683863,Marion,097
MARION|PIKPI1,29,0.999998316137,Marion,097
MARION|PIKPI10,29,0.000132263535,Marion,097
MARION|PIKPI10,30,0.999867736465,Marion,097
MARION|PIKPI11,30,1.000000000000,Marion,097
MARION|PIKPI12,30,1.000000000000,Marion,097
MARION|PIKPI13,30,1.000000000000,Marion,097
MARION|PIKPI14,30,1.000000000000,Marion,097
MARION|PIKPI15,30,1.000000000000,Marion,097
MARION|PIKPI16,30,1.000000000000,Marion,097
MARION|PIKPI17,30,1.000000000000,Marion,097
MARION|PIKPI18,29,0.996431429621,Marion,097
MARION|PIKPI18,30,0.003568570379,Marion,097
MARION|PIKPI19,30,1.000000000000,Marion,097
MARION|PIKPI2,29,0.999513335108,Marion,097
MARION|PIKPI2,30,0.000486664892,Marion,097
MARION|PIKPI20,30,0.999993619118,Marion,097
MARION|PIKPI20,33,0.000006380882,Marion,097
MARION|PIKPI21,30,0.995400176761,Marion,097
MARION|PIKPI21,33,0.004599823239,Marion,097
MARION|PIKPI22,30,0.999933829379,Marion,097
MARION|PIKPI22,33,0.000066170621,Marion,097
MARION|PIKPI23,30,1.000000000000,Marion,097
MARION|PIKPI24,30,0.999997692575,Marion,097
MARION|PIKPI24,33,0.000002307425,Marion,097
MARION|PIKPI25,7,0.000064894790,Marion,097
MARION|PIKPI25,24,0.000013708059,Marion,097
MARION|PIKPI25,29,0.999712171159,Marion,097
MARION|PIKPI25,30,0.000083202651,Marion,097
MARION|PIKPI25,33,0.000126023341,Marion,097
MARION|PIKPI26,29,0.005294022502,Marion,097
MARION|PIKPI26,30,0.987818105122,Marion,097
MARION|PIKPI26,33,0.006887872377,Marion,097
MARION|PIKPI27,30,0.002312265807,Marion,097
MARION|PIKPI27,33,0.997687734193,Marion,097
MARION|PIKPI28,30,0.001367353100,Marion,097
MARION|PIKPI28,33,0.998632646900,Marion,097
MARION|PIKPI29,33,1.000000000000,Marion,097
MARION|PIKPI3,29,0.000145220168,Marion,097
MARION|PIKPI3,30,0.999854779832,Marion,097
MARION|PIKPI30,30,0.002836502012,Marion,097
MARION|PIKPI30,33,0.997163497988,Marion,097
MARION|PIKPI31,30,0.000114114085,Marion,097
MARION|PIKPI31,33,0.999885885915,Marion,097
MARION|PIKPI32,30,0.000054893506,Marion,097
MARION|PIKPI32,33,0.999945106494,Marion,097
MARION|PIKPI33,29,1.000000000000,Marion,097
MARION|PIKPI34,29,1.000000000000,Marion,097
MARION|PIKPI35,29,1.000000000000,Marion,097
MARION|PIKPI36,29,0.999907923101,Marion,097
MARION|PIKPI36,33,0.000092076899,Marion,097
MARION|PIKPI37,29,0.000021373669,Marion,097
MARION|PIKPI37,33,0.999978626331,Marion,097
MARION|PIKPI38,33,1.000000000000,Marion,097
MARION|PIKPI39,33,1.000000000000,Marion,097
MARION|PIKPI4,30,1.000000000000,Marion,097
MARION|PIKPI40,33,1.000000000000,Marion,097
MARION|PIKPI41,29,1.000000000000,Marion,097
MARION|PIKPI42,29,1.000000000000,Marion,097
MARION|PIKPI43,29,0.000110559634,Marion,097
MARION|PIKPI43,33,0.999889440366,Marion,097
MARION|PIKPI44,29,1.000000000000,Marion,097
MARION|PIKPI45,29,1.000000000000,Marion,097
MARION|PIKPI46,29,1.000000000000,Marion,097
MARION|PIKPI47,29,1.000000000000,Marion,097
MARION|PIKPI48,29,1.000000000000,Marion,097
MARION|PIKPI49,33,1.000000000000,Marion,097
MARION|PIKPI5,30,1.000000000000,Marion,097
MARION|PIKPI50,33,1.000000000000,Marion,097
MARION|PIKPI51,33,1.000000000000,Marion,097
MARION|PIKPI6,29,0.000057503101,Marion,097
MARION|PIKPI6,30,0.999942496899,Marion,097
MARION|PIKPI7,30,1.000000000000,Marion,097
MARION|PIKPI8,7,0.000138000701,Marion,097
MARION|PIKPI8,29,0.999861999299,Marion,097
MARION|PIKPI9,29,0.999987090108,Marion,097
MARION|PIKPI9,30,0.000012909892,Marion,097
MARION|WAR181,46,1.000000000000,Marion,097
MARION|WAR182,46,1.000000000000,Marion,097
MARION|WAR183,46,1.000000000000,Marion,097
MARION|WAR184,46,1.000000000000,Marion,097
MARION|WAR185,46,1.000000000000,Marion,097
MARION|WAR186,32,0.000102629934,Marion,097
MARION|WAR186,46,0.999897370066,Marion,097
MARION|WAR187,32,0.000001342715,Marion,097
MARION|WAR187,46,0.999998657285,Marion,097
MARION|WAR281,34,1.000000000000,Marion,097
MARION|WAR2810,46,1.000000000000,Marion,097
MARION|WAR2811,46,1.000000000000,Marion,097
MARION|WAR2812,34,1.000000000000,Marion,097
MARION|WAR2813,34,1.000000000000,Marion,097
MARION|WAR2814,34,1.000000000000,Marion,097
MARION|WAR2815,34,1.000000000000,Marion,097
MARION|WAR2816,34,1.000000000000,Marion,097
MARION|WAR2817,34,1.000000000000,Marion,097
MARION|WAR282,34,1.000000000000,Marion,097
MARION|WAR283,34,0.999944315652,Marion,097
MARION|WAR283,46,0.000055684348,Marion,097
MARION|WAR284,34,0.001720239033,Marion,097
MARION|WAR284,46,0.998279760967,Marion,097
MARION|WAR285,34,0.999027270568,Marion,097
MARION|WAR285,46,0.000972729432,Marion,097
MARION|WAR286,46,1.000000000000,Marion,097
MARION|WAR287,46,1.000000000000,Marion,097
MARION|WAR288,28,0.001243751413,Marion,097
MARION|WAR288,34,0.000068108761,Marion,097
MARION|WAR288,46,0.998688139827,Marion,097
MARION|WAR289,46,1.000000000000,Marion,097
MARION|WARWR1,34,1.000000000000,Marion,097
MARION|WARWR10,28,0.999951754101,Marion,097
MARION|WARWR10,34,0.000048245899,Marion,097
MARION|WARWR11,28,0.000173893032,Marion,097
MARION|WARWR11,34,0.999826106968,Marion,097
MARION|WARWR12,28,0.997182517281,Marion,097
MARION|WARWR12,34,0.002817482719,Marion,097
MARION|WARWR13,28,0.999351786281,Marion,097
MARION|WARWR13,34,0.000648213719,Marion,097
MARION|WARWR14,28,0.999994934712,Marion,097
MARION|WARWR14,34,0.000005065288,Marion,097
MARION|WARWR15,28,0.999971917203,Marion,097
MARION|WARWR15,34,0.000028082797,Marion,097
MARION|WARWR16,28,1.000000000000,Marion,097
MARION|WARWR17,28,1.000000000000,Marion,097
MARION|WARWR18,46,1.000000000000,Marion,097
MARION|WARWR19,28,1.000000000000,Marion,097
MARION|WARWR2,28,0.000069498380,Marion,097
MARION|WARWR2,34,0.999929905759,Marion,097
MARION|WARWR2,46,0.000000595861,Marion,097
MARION|WARWR20,28,0.999971024807,Marion,097
MARION|WARWR20,32,0.000028975193,Marion,097
MARION|WARWR21,28,1.000000000000,Marion,097
MARION|WARWR22,28,0.000060366925,Marion,097
MARION|WARWR22,32,0.000073365903,Marion,097
MARION|WARWR22,46,0.999866267173,Marion,097
MARION|WARWR23,28,0.998115483471,Marion,097
MARION|WARWR23,32,0.000027157666,Marion,097
MARION|WARWR23,46,0.001857358862,Marion,097
MARION|WARWR24,28,0.999989802311,Marion,097
MARION|WARWR24,32,0.000010197689,Marion,097
MARION|WARWR25,28,1.000000000000,Marion,097
MARION|WARWR26,28,0.000001035096,Marion,097
MARION|WARWR26,32,0.999720340177,Marion,097
MARION|WARWR26,46,0.000278624726,Marion,097
MARION|WARWR27,28,0.000023985313,Marion,097
MARION|WARWR27,32,0.999976014687,Marion,097
MARION|WARWR28,28,0.000536133782,Marion,097
MARION|WARWR28,32,0.999463866218,Marion,097
MARION|WARWR29,28,0.999892025456,Marion,097
MARION|WARWR29,32,0.000107974544,Marion,097
MARION|WARWR3,28,0.000046652910,Marion,097
MARION|WARWR3,34,0.999953347090,Marion,097
MARION|WARWR30,32,0.000028583322,Marion,097
MARION|WARWR30,46,0.999971416678,Marion,097
MARION|WARWR31,32,0.999971442182,Marion,097
MARION|WARWR31,46,0.000028557818,Marion,097
MARION|WARWR32,32,1.000000000000,Marion,097
MARION|WARWR33,32,1.000000000000,Marion,097
MARION|WARWR34,32,0.999982326663,Marion,097
MARION|WARWR34,46,0.000017673337,Marion,097
MARION|WARWR35,32,1.000000000000,Marion,097
MARION|WARWR36,28,0.000257139333,Marion,097
MARION|WARWR36,32,0.999742860667,Marion,097
MARION|WARWR4,34,1.000000000000,Marion,097
MARION|WARWR5,34,1.000000000000,Marion,097
MARION|WARWR6,34,1.000000000000,Marion,097
MARION|WARWR7,34,1.000000000000,Marion,097
MARION|WARWR8,28,0.000676775611,Marion,097
MARION|WARWR8,34,0.999323224389,Marion,097
MARION|WARWR9,28,0.002832707943,Marion,097
MARION|WARWR9,34,0.997167292057,Marion,097
MARION|WAS201,33,1.000000000000,Marion,097
MARION|WAS2010,33,1.000000000000,Marion,097
MARION|WAS2011,33,1.000000000000,Marion,097
MARION|WAS2012,33,1.000000000000,Marion,097
MARION|WAS202,33,1.000000000000,Marion,097
MARION|WAS203,33,1.000000000000,Marion,097
MARION|WAS204,33,1.000000000000,Marion,097
MARION|WAS205,33,1.000000000000,Marion,097
MARION|WAS206,33,1.000000000000,Marion,097
MARION|WAS207,33,1.000000000000,Marion,097
MARION|WAS208,33,1.000000000000,Marion,097
MARION|WAS209,33,1.000000000000,Marion,097
MARION|WAS211,30,1.000000000000,Marion,097
MARION|WAS2110,33,1.000000000000,Marion,097
MARION|WAS2111,33,1.000000000000,Marion,097
MARION|WAS2112,33,0.999974593140,Marion,097
MARION|WAS2112,34,0.000025406860,Marion,097
MARION|WAS2113,30,0.000006964830,Marion,097
MARION|WAS2113,33,0.000088219858,Marion,097
MARION|WAS2113,34,0.999904815312,Marion,097
MARION|WAS212,30,1.000000000000,Marion,097
MARION|WAS213,30,0.999998605110,Marion,097
MARION|WAS213,33,0.000001394890,Marion,097
MARION|WAS214,30,0.999999944992,Marion,097
MARION|WAS214,33,0.000000055008,Marion,097
MARION|WAS215,30,0.999687787762,Marion,097
MARION|WAS215,33,0.000312212238,Marion,097
MARION|WAS216,30,0.999981612363,Marion,097
MARION|WAS216,33,0.000018387637,Marion,097
MARION|WAS217,30,0.004077046926,Marion,097
MARION|WAS217,33,0.995922953074,Marion,097
MARION|WAS218,30,0.000619753823,Marion,097
MARION|WAS218,33,0.999380246177,Marion,097
MARION|WAS219,30,0.000029488547,Marion,097
MARION|WAS219,33,0.997928706169,Marion,097
MARION|WAS219,34,0.002041805284,Marion,097
MARION|WAS221,33,1.000000000000,Marion,097
MARION|WAS222,33,1.000000000000,Marion,097
MARION|WAS223,33,1.000000000000,Marion,097
MARION|WAS224,33,1.000000000000,Marion,097
MARION|WAS225,33,0.999960957449,Marion,097
MARION|WAS225,34,0.000039042551,Marion,097
MARION|WAS226,33,1.000000000000,Marion,097
MARION|WAS227,33,0.997645884860,Marion,097
MARION|WAS227,34,0.002354115140,Marion,097
MARION|WAS228,33,1.000000000000,Marion,097
MARION|WAS311,34,1.000000000000,Marion,097
MARION|WAS312,33,0.001170585579,Marion,097
MARION|WAS312,34,0.998829414421,Marion,097
MARION|WAS313,34,1.000000000000,Marion,097
MARION|WAS314,34,1.000000000000,Marion,097
MARION|WASWS1,29,0.000136793691,Marion,097
MARION|WASWS1,30,0.999863206309,Marion,097
MARION|WASWS10,30,0.999958185096,Marion,097
MARION|WASWS10,31,0.000041814904,Marion,097
MARION|WASWS11,30,1.000000000000,Marion,097
MARION|WASWS12,30,1.000000000000,Marion,097
MARION|WASWS13,30,1.000000000000,Marion,097
MARION|WASWS14,30,1.000000000000,Marion,097
MARION|WASWS15,30,1.000000000000,Marion,097
MARION|WASWS16,30,1.000000000000,Marion,097
MARION|WASWS17,30,1.000000000000,Marion,097
MARION|WASWS18,30,1.000000000000,Marion,097
MARION|WASWS19,30,1.000000000000,Marion,097
MARION|WASWS2,29,0.000288171321,Marion,097
MARION|WASWS2,30,0.999711828679,Marion,097
MARION|WASWS20,30,1.000000000000,Marion,097
MARION|WASWS21,30,1.000000000000,Marion,097
MARION|WASWS22,30,1.000000000000,Marion,097
MARION|WASWS23,30,1.000000000000,Marion,097
MARION|WASWS24,30,1.000000000000,Marion,097
MARION|WASWS25,30,1.000000000000,Marion,097
MARION|WASWS26,30,1.000000000000,Marion,097
MARION|WASWS27,30,1.000000000000,Marion,097
MARION|WASWS28,30,1.000000000000,Marion,097
MARION|WASWS29,30,1.000000000000,Marion,097
MARION|WASWS3,29,0.000041478363,Marion,097
MARION|WASWS3,30,0.999958521637,Marion,097
MARION|WASWS30,30,1.000000000000,Marion,097
MARION|WASWS31,30,1.000000000000,Marion,097
MARION|WASWS32,30,1.000000000000,Marion,097
MARION|WASWS33,30,1.000000000000,Marion,097
MARION|WASWS34,30,1.000000000000,Marion,097
MARION|WASWS35,30,1.000000000000,Marion,097
MARION|WASWS36,30,1.000000000000,Marion,097
MARION|WASWS37,30,1.000000000000,Marion,097
MARION|WASWS38,30,1.000000000000,Marion,097
MARION|WASWS39,30,1.000000000000,Marion,097
MARION|WASWS4,29,0.000087463679,Marion,097
MARION|WASWS4,30,0.999912536321,Marion,097
MARION|WASWS40,30,1.000000000000,Marion,097
MARION|WASWS41,30,1.000000000000,Marion,097
MARION|WASWS42,30,1.000000000000,Marion,097
MARION|WASWS43,30,1.000000000000,Marion,097
MARION|WASWS44,30,1.000000000000,Marion,097
MARION|WASWS45,30,1.000000000000,Marion,097
MARION|WASWS46,30,1.000000000000,Marion,097
MARION|WASWS47,30,1.000000000000,Marion,097
MARION|WASWS48,30,0.999934546886,Marion,097
MARION|WASWS48,34,0.000065453114,Marion,097
MARION|WASWS49,30,1.000000000000,Marion,097
MARION|WASWS5,29,0.000046369813,Marion,097
MARION|WASWS5,30,0.999953630187,Marion,097
MARION|WASWS50,30,1.000000000000,Marion,097
MARION|WASWS51,30,1.000000000000,Marion,097
MARION|WASWS52,30,0.000019457786,Marion,097
MARION|WASWS52,33,0.999980542214,Marion,097
MARION|WASWS53,30,0.999771686544,Marion,097
MARION|WASWS53,33,0.000228313456,Marion,097
MARION|WASWS54,30,0.999441597099,Marion,097
MARION|WASWS54,33,0.000558402901,Marion,097
MARION|WASWS55,30,0.999953980073,Marion,097
MARION|WASWS55,33,0.000046019927,Marion,097
MARION|WASWS56,30,0.996652200315,Marion,097
MARION|WASWS56,34,0.003347799685,Marion,097
MARION|WASWS57,33,1.000000000000,Marion,097
MARION|WASWS58,30,0.000914121837,Marion,097
MARION|WASWS58,33,0.999085878163,Marion,097
MARION|WASWS59,30,0.002121545478,Marion,097
MARION|WASWS59,33,0.997878454522,Marion,097
MARION|WASWS6,20,0.000588397413,Marion,097
MARION|WASWS6,30,0.999411602587,Marion,097
MARION|WASWS60,33,0.000002217003,Marion,097
MARION|WASWS60,34,0.999997782997,Marion,097
MARION|WASWS61,30,0.001741805945,Marion,097
MARION|WASWS61,34,0.998258194055,Marion,097
MARION|WASWS62,34,1.000000000000,Marion,097
MARION|WASWS63,34,1.000000000000,Marion,097
MARION|WASWS64,33,1.000000000000,Marion,097
MARION|WASWS65,34,1.000000000000,Marion,097
MARION|WASWS66,34,1.000000000000,Marion,097
MARION|WASWS67,33,1.000000000000,Marion,097
MARION|WASWS68,33,1.000000000000,Marion,097
MARION|WASWS69,34,1.000000000000,Marion,097
MARION|WASWS7,30,1.000000000000,Marion,097
MARION|WASWS8,20,0.000011352866,Marion,097
MARION|WASWS8,30,0.999988647134,Marion,097
MARION|WASWS9,20,0.000013220650,Marion,097
MARION|WASWS9,30,0.999986779350,Marion,097
MARION|WAY191,33,0.998441439946,Marion,097
MARION|WAY191,35,0.001557367840,Marion,097
MARION|WAY191,46,0.000001192213,Marion,097
MARION|WAY192,33,1.000000000000,Marion,097
MARION|WAY193,33,1.000000000000,Marion,097
MARION|WAY194,33,0.000804119526,Marion,097
MARION|WAY194,35,0.005774513659,Marion,097
MARION|WAY194,46,0.993421366816,Marion,097
MARION|WAY195,33,0.999469428436,Marion,097
MARION|WAY195,46,0.000530571564,Marion,097
MARION|WAY196,33,0.999973908782,Marion,097
MARION|WAY196,46,0.000026091218,Marion,097
MARION|WAY241,33,0.000000423567,Marion,097
MARION|WAY241,35,0.000168476676,Marion,097
MARION|WAY241,46,0.999831099757,Marion,097
MARION|WAY242,46,1.000000000000,Marion,097
MARION|WAY243,33,0.000060242375,Marion,097
MARION|WAY243,46,0.999939757625,Marion,097
MARION|WAY244,35,0.002663727690,Marion,097
MARION|WAY244,46,0.997336272310,Marion,097
MARION|WAY245,35,0.999985658385,Marion,097
MARION|WAY245,46,0.000014341615,Marion,097
MARION|WAY291,29,0.999975340443,Marion,097
MARION|WAY291,33,0.000008163985,Marion,097
MARION|WAY291,35,0.000016495572,Marion,097
MARION|WAY2910,33,0.998238153649,Marion,097
MARION|WAY2910,35,0.001761846351,Marion,097
MARION|WAY2911,33,0.999907560097,Marion,097
MARION|WAY2911,35,0.000092439903,Marion,097
MARION|WAY2912,33,0.000647111476,Marion,097
MARION|WAY2912,35,0.999352888524,Marion,097
MARION|WAY2913,33,0.995718647581,Marion,097
MARION|WAY2913,35,0.004281352419,Marion,097
MARION|WAY2914,33,1.000000000000,Marion,097
MARION|WAY2915,33,1.000000000000,Marion,097
MARION|WAY2916,33,1.000000000000,Marion,097
MARION|WAY2917,33,0.999993898763,Marion,097
MARION|WAY2917,35,0.000006101237,Marion,097
MARION|WAY2918,33,1.000000000000,Marion,097
MARION|WAY292,29,0.000005727955,Marion,097
MARION|WAY292,33,0.999966929078,Marion,097
MARION|WAY292,35,0.000027342968,Marion,097
MARION|WAY293,33,1.000000000000,Marion,097
MARION|WAY294,33,1.000000000000,Marion,097
MARION|WAY295,33,1.000000000000,Marion,097
MARION|WAY296,33,1.000000000000,Marion,097
MARION|WAY297,33,1.000000000000,Marion,097
MARION|WAY298,29,0.000007905301,Marion,097
MARION|WAY298,35,0.999992094699,Marion,097
MARION|WAY299,33,0.000164868001,Marion,097
MARION|WAY299,35,0.999835131999,Marion,097
MARION|WAYWY1,24,0.000047651509,Marion,097
MARION|WAYWY1,29,0.999952348491,Marion,097
MARION|WAYWY10,33,0.000381504366,Marion,097
MARION|WAYWY10,35,0.999618495634,Marion,097
MARION|WAYWY11,24,0.000029320583,Marion,097
MARION|WAYWY11,29,0.999970679417,Marion,097
MARION|WAYWY12,24,0.000063635366,Marion,097
MARION|WAYWY12,29,0.999936364634,Marion,097
MARION|WAYWY13,29,1.000000000000,Marion,097
MARION|WAYWY14,29,0.998765318827,Marion,097
MARION|WAYWY14,35,0.001234681173,Marion,097
MARION|WAYWY15,35,1.000000000000,Marion,097
MARION|WAYWY16,24,0.000016711284,Marion,097
MARION|WAYWY16,29,0.999983288716,Marion,097
MARION|WAYWY17,29,1.000000000000,Marion,097
MARION|WAYWY18,29,0.999990462538,Marion,097
MARION|WAYWY18,35,0.000009537462,Marion,097
MARION|WAYWY19,29,0.004595278041,Marion,097
MARION|WAYWY19,35,0.995404721959,Marion,097
MARION|WAYWY2,29,1.000000000000,Marion,097
MARION|WAYWY20,35,1.000000000000,Marion,097
MARION|WAYWY21,35,1.000000000000,Marion,097
MARION|WAYWY22,24,0.000696097988,Marion,097
MARION|WAYWY22,29,0.999303902012,Marion,097
MARION|WAYWY23,29,1.000000000000,Marion,097
MARION|WAYWY24,29,1.000000000000,Marion,097
MARION|WAYWY25,29,0.003623431496,Marion,097
MARION|WAYWY25,35,0.996376568504,Marion,097
MARION|WAYWY26,35,1.000000000000,Marion,097
MARION|WAYWY27,35,0.999930674287,Marion,097
MARION|WAYWY27,46,0.000069325713,Marion,097
MARION|WAYWY28,33,0.002839544808,Marion,097
MARION|WAYWY28,35,0.997160455192,Marion,097
MARION|WAYWY29,24,0.000000378398,Marion,097
MARION|WAYWY29,29,0.999999621602,Marion,097
MARION|WAYWY3,29,1.000000000000,Marion,097
MARION|WAYWY30,29,1.000000000000,Marion,097
MARION|WAYWY31,29,1.000000000000,Marion,097
MARION|WAYWY32,29,1.000000000000,Marion,097
MARION|WAYWY33,29,0.998573529568,Marion,097
MARION|WAYWY33,35,0.001426470432,Marion,097
MARION|WAYWY34,35,1.000000000000,Marion,097
MARION|WAYWY35,35,1.000000000000,Marion,097
MARION|WAYWY36,35,0.998818134560,Marion,097
MARION|WAYWY36,46,0.001181865440,Marion,097
MARION|WAYWY37,35,1.000000000000,Marion,097
MARION|WAYWY38,24,0.000000238132,Marion,097
MARION|WAYWY38,29,0.999418455412,Marion,097
MARION|WAYWY38,35,0.000581306456,Marion,097
MARION|WAYWY39,29,0.999991768407,Marion,097
MARION|WAYWY39,35,0.000008231593,Marion,097
MARION|WAYWY4,29,1.000000000000,Marion,097
MARION|WAYWY40,29,0.999217197039,Marion,097
MARION|WAYWY40,35,0.000782802961,Marion,097
MARION|WAYWY41,29,0.003479069380,Marion,097
MARION|WAYWY41,35,0.996520930620,Marion,097
MARION|WAYWY42,35,1.000000000000,Marion,097
MARION|WAYWY43,24,0.000004962924,Marion,097
MARION|WAYWY43,29,0.000023748491,Marion,097
MARION|WAYWY43,35,0.999971288585,Marion,097
MARION|WAYWY44,29,0.000088641458,Marion,097
MARION|WAYWY44,35,0.999911358542,Marion,097
MARION|WAYWY45,29,0.000008505697,Marion,097
MARION|WAYWY45,35,0.999991494303,Marion,097
MARION|WAYWY46,29,0.000031248138,Marion,097
MARION|WAYWY46,35,0.999968751862,Marion,097
MARION|WAYWY47,35,0.999998043638,Marion,097
MARION|WAYWY47,46,0.000001956362,Marion,097
MARION|WAYWY48,35,0.999997224009,Marion,097
MARION|WAYWY48,46,0.000002775991,Marion,097
MARION|WAYWY49,35,1.000000000000,Marion,097
MARION|WAYWY5,29,1.000000000000,Marion,097
MARION|WAYWY50,35,1.000000000000,Marion,097
MARION|WAYWY51,24,0.000053168867,Marion,097
MARION|WAYWY51,35,0.999946831133,Marion,097
MARION|WAYWY52,35,1.000000000000,Marion,097
MARION|WAYWY53,35,1.000000000000,Marion,097
MARION|WAYWY54,35,1.000000000000,Marion,097
MARION|WAYWY55,24,0.000005512024,Marion,097
MARION|WAYWY55,35,0.999994487976,Marion,097
MARION|WAYWY56,24,0.000007611939,Marion,097
MARION|WAYWY56,35,0.999992388061,Marion,097
MARION|WAYWY57,35,1.000000000000,Marion,097
MARION|WAYWY58,35,1.000000000000,Marion,097
MARION|WAYWY59,35,0.999801288930,Marion,097
MARION|WAYWY59,46,0.000198711070,Marion,097
MARION|WAYWY6,29,1.000000000000,Marion,097
MARION|WAYWY60,35,1.000000000000,Marion,097
MARION|WAYWY7,29,0.999924516813,Marion,097
MARION|WAYWY7,35,0.000075483187,Marion,097
MARION|WAYWY8,29,0.000030249720,Marion,097
MARION|WAYWY8,35,0.999969750280,Marion,097
MARION|WAYWY9,35,1.000000000000,Marion,097
MARSHALL|BOURBON1,8,0.999947610601,Marshall,099
MARSHALL|BOURBON1,9,0.000052389399,Marshall,099
MARSHALL|BOURBON2,8,0.999953980615,Marshall,099
MARSHALL|BOURBON2,9,0.000046019385,Marshall,099
MARSHALL|CENTER1,8,1.000000000000,Marshall,099
MARSHALL|CENTER2,8,1.000000000000,Marshall,099
MARSHALL|CENTER3,8,1.000000000000,Marshall,099
MARSHALL|CENTER4,8,1.000000000000,Marshall,099
MARSHALL|CENTER5,8,0.999899646418,Marshall,099
MARSHALL|CENTER5,9,0.000100353582,Marshall,099
MARSHALL|CENTER6,8,1.000000000000,Marshall,099
MARSHALL|CENTER7,8,1.000000000000,Marshall,099
MARSHALL|CENTER8,8,1.000000000000,Marshall,099
MARSHALL|GERMAN1,8,0.000066877651,Marshall,099
MARSHALL|GERMAN1,9,0.999933122349,Marshall,099
MARSHALL|GERMAN2,8,0.000018965609,Marshall,099
MARSHALL|GERMAN2,9,0.999981034391,Marshall,099
MARSHALL|GERMAN3,9,1.000000000000,Marshall,099
MARSHALL|GERMAN4,9,1.000000000000,Marshall,099
MARSHALL|GERMAN5,9,1.000000000000,Marshall,099
MARSHALL|GREEN,8,0.999975063550,Marshall,099
MARSHALL|GREEN,18,0.000024936450,Marshall,099
MARSHALL|NORTH1,8,1.000000000000,Marshall,099
MARSHALL|NORTH2,8,0.999937630820,Marshall,099
MARSHALL|NORTH2,9,0.000062369180,Marshall,099
MARSHALL|NORTH3,8,1.000000000000,Marshall,099
MARSHALL|POLK1,8,1.000000000000,Marshall,099
MARSHALL|POLK2,8,1.000000000000,Marshall,099
MARSHALL|TIPPECANOE,8,0.999976903332,Marshall,099
MARSHALL|TIPPECANOE,9,0.000000497125,Marshall,099
MARSHALL|TIPPECANOE,18,0.000022599543,Marshall,099
MARSHALL|UNION1,8,1.000000000000,Marshall,099
MARSHALL|UNION2,8,0.999982657039,Marshall,099
MARSHALL|UNION2,18,0.000017342961,Marshall,099
MARSHALL|WALNUT1,8,1.000000000000,Marshall,099
MARSHALL|WALNUT2,8,0.999926859750,Marshall,099
MARSHALL|WALNUT2,18,0.000073140250,Marshall,099
MARSHALL|WEST1,8,1.000000000000,Marshall,099
MARSHALL|WEST2,8,1.000000000000,Marshall,099
MARSHALL|WEST3,8,1.000000000000,Marshall,099
MARSHALL|WESTCITYOFPLYMOUTH,8,1.000000000000,Marshall,099
MARTIN|CRANE,39,1.000000000000,Martin,101
MARTIN|EASTMEMPHIS,39,1.000000000000,Martin,101
MARTIN|LOSTRIVER,39,0.999962671224,Martin,101
MARTIN|LOSTRIVER,44,0.000005488602,Martin,101
MARTIN|LOSTRIVER,48,0.000031840174,Martin,101
MARTIN|MITCHELTREE,39,0.999939964755,Martin,101
MARTIN|MITCHELTREE,44,0.000060035245,Martin,101
MARTIN|NORTHCENTER,39,1.000000000000,Martin,101
MARTIN|NORTHHALBERT,39,1.000000000000,Martin,101
MARTIN|PERRY1,39,1.000000000000,Martin,101
MARTIN|PERRY2,39,1.000000000000,Martin,101
MARTIN|PERRY3,39,1.000000000000,Martin,101
MARTIN|PERRY4,39,1.000000000000,Martin,101
MARTIN|PERRY5,39,1.000000000000,Martin,101
MARTIN|PERRY6,39,1.000000000000,Martin,101
MARTIN|PERRY7,39,1.000000000000,Martin,101
MARTIN|RUTHERFORD,39,0.999972389255,Martin,101
MARTIN|RUTHERFORD,48,0.000027610745,Martin,101
MARTIN|SOUTHCENTER,39,1.000000000000,Martin,101
MARTIN|SOUTHEASTHALBERT,39,0.999938492856,Martin,101
MARTIN|SOUTHEASTHALBERT,44,0.000061507144,Martin,101
MARTIN|SOUTHHALBERT,39,0.999981821199,Martin,101
MARTIN|SOUTHHALBERT,44,0.000018178801,Martin,101
MARTIN|WESTMEMPHIS,39,1.000000000000,Martin,101
MIAMI|ALLEN,18,1.000000000000,Miami,103
MIAMI|BUTLER,17,0.000048046755,Miami,103
MIAMI|BUTLER,18,0.999951953245,Miami,103
MIAMI|CLAY,18,1.000000000000,Miami,103
MIAMI|DEERCREEK,18,1.000000000000,Miami,103
MIAMI|ERIE,17,0.000016981568,Miami,103
MIAMI|ERIE,18,0.999983018432,Miami,103
MIAMI|HARRISON,18,1.000000000000,Miami,103
MIAMI|JACKSON,17,0.000098185055,Miami,103
MIAMI|JACKSON,18,0.999901814945,Miami,103
MIAMI|JEFFERSON,18,1.000000000000,Miami,103
MIAMI|PERRY,17,0.000017551005,Miami,103
MIAMI|PERRY,18,0.999982448995,Miami,103
MIAMI|PERU10,18,1.000000000000,Miami,103
MIAMI|PERU11,18,1.000000000000,Miami,103
MIAMI|PERU2,18,1.000000000000,Miami,103
MIAMI|PERU3,18,1.000000000000,Miami,103
MIAMI|PERU5,18,1.000000000000,Miami,103
MIAMI|PERU6,18,1.000000000000,Miami,103
MIAMI|PERU7,18,1.000000000000,Miami,103
MIAMI|PERU9,18,1.000000000000,Miami,103
MIAMI|PIPECREEK2,18,1.000000000000,Miami,103
MIAMI|PIPECREEK3,18,1.000000000000,Miami,103
MIAMI|PIPECREEK4,18,1.000000000000,Miami,103
MIAMI|RICHLAND,17,0.000018541884,Miami,103
MIAMI|RICHLAND,18,0.999981458116,Miami,103
MIAMI|UNION,18,1.000000000000,Miami,103
MIAMI|WASHINGTON1,18,1.000000000000,Miami,103
MIAMI|WASHINGTON2,18,1.000000000000,Miami,103
MONROE|BEANBLOSSOM1,37,0.000304946559,Monroe,105
MONROE|BEANBLOSSOM1,39,0.000016945270,Monroe,105
MONROE|BEANBLOSSOM1,40,0.999678108171,Monroe,105
MONROE|BEANBLOSSOM2,37,0.000195841452,Monroe,105
MONROE|BEANBLOSSOM2,40,0.999804158548,Monroe,105
MONROE|BENTON1,37,0.000021261248,Monroe,105
MONROE|BENTON1,40,0.999619950541,Monroe,105
MONROE|BENTON1,44,0.000358788211,Monroe,105
MONROE|BENTON2,40,0.000527171395,Monroe,105
MONROE|BENTON2,44,0.999472828605,Monroe,105
MONROE|BLOOMINGTON1,40,1.000000000000,Monroe,105
MONROE|BLOOMINGTON10,40,1.000000000000,Monroe,105
MONROE|BLOOMINGTON11,40,0.999753782885,Monroe,105
MONROE|BLOOMINGTON11,44,0.000246217115,Monroe,105
MONROE|BLOOMINGTON12,40,1.000000000000,Monroe,105
MONROE|BLOOMINGTON13,40,1.000000000000,Monroe,105
MONROE|BLOOMINGTON14,40,1.000000000000,Monroe,105
MONROE|BLOOMINGTON15,40,1.000000000000,Monroe,105
MONROE|BLOOMINGTON16,40,1.000000000000,Monroe,105
MONROE|BLOOMINGTON17,40,1.000000000000,Monroe,105
MONROE|BLOOMINGTON18,40,1.000000000000,Monroe,105
MONROE|BLOOMINGTON19,40,1.000000000000,Monroe,105
MONROE|BLOOMINGTON2,40,1.000000000000,Monroe,105
MONROE|BLOOMINGTON20,40,1.000000000000,Monroe,105
MONROE|BLOOMINGTON21,40,1.000000000000,Monroe,105
MONROE|BLOOMINGTON22,40,1.000000000000,Monroe,105
MONROE|BLOOMINGTON23,40,1.000000000000,Monroe,105
MONROE|BLOOMINGTON24,40,1.000000000000,Monroe,105
MONROE|BLOOMINGTON3,40,1.000000000000,Monroe,105
MONROE|BLOOMINGTON4,40,1.000000000000,Monroe,105
MONROE|BLOOMINGTON5,40,1.000000000000,Monroe,105
MONROE|BLOOMINGTON6,40,1.000000000000,Monroe,105
MONROE|BLOOMINGTON7,40,1.000000000000,Monroe,105
MONROE|BLOOMINGTON8,40,1.000000000000,Monroe,105
MONROE|BLOOMINGTON9,40,1.000000000000,Monroe,105
MONROE|CLEARCREEK1,40,0.999035398687,Monroe,105
MONROE|CLEARCREEK1,44,0.000964601313,Monroe,105
MONROE|CLEARCREEK2,40,0.000324210638,Monroe,105
MONROE|CLEARCREEK2,44,0.999675789362,Monroe,105
MONROE|CLEARCREEK3,40,0.000576495340,Monroe,105
MONROE|CLEARCREEK3,44,0.999423504660,Monroe,105
MONROE|INDIANCREEK,39,0.000020367449,Monroe,105
MONROE|INDIANCREEK,40,0.999965850138,Monroe,105
MONROE|INDIANCREEK,44,0.000013782413,Monroe,105
MONROE|PERRY1,40,1.000000000000,Monroe,105
MONROE|PERRY10,40,1.000000000000,Monroe,105
MONROE|PERRY11,40,1.000000000000,Monroe,105
MONROE|PERRY12,40,1.000000000000,Monroe,105
MONROE|PERRY13,40,1.000000000000,Monroe,105
MONROE|PERRY14,40,1.000000000000,Monroe,105
MONROE|PERRY15,40,1.000000000000,Monroe,105
MONROE|PERRY16,40,1.000000000000,Monroe,105
MONROE|PERRY17,40,1.000000000000,Monroe,105
MONROE|PERRY18,40,1.000000000000,Monroe,105
MONROE|PERRY19,40,1.000000000000,Monroe,105
MONROE|PERRY2,40,1.000000000000,Monroe,105
MONROE|PERRY20,40,1.000000000000,Monroe,105
MONROE|PERRY21,40,1.000000000000,Monroe,105
MONROE|PERRY22,40,0.999984470484,Monroe,105
MONROE|PERRY22,44,0.000015529516,Monroe,105
MONROE|PERRY23,40,1.000000000000,Monroe,105
MONROE|PERRY24,40,0.999851312042,Monroe,105
MONROE|PERRY24,44,0.000148687958,Monroe,105
MONROE|PERRY25,40,1.000000000000,Monroe,105
MONROE|PERRY26,40,1.000000000000,Monroe,105
MONROE|PERRY27,40,1.000000000000,Monroe,105
MONROE|PERRY28,40,1.000000000000,Monroe,105
MONROE|PERRY29,40,1.000000000000,Monroe,105
MONROE|PERRY3,40,1.000000000000,Monroe,105
MONROE|PERRY30,40,1.000000000000,Monroe,105
MONROE|PERRY31,40,1.000000000000,Monroe,105
MONROE|PERRY32,40,1.000000000000,Monroe,105
MONROE|PERRY4,40,1.000000000000,Monroe,105
MONROE|PERRY5,40,1.000000000000,Monroe,105
MONROE|PERRY6,40,1.000000000000,Monroe,105
MONROE|PERRY7,40,1.000000000000,Monroe,105
MONROE|PERRY8,40,1.000000000000,Monroe,105
MONROE|PERRY9,40,1.000000000000,Monroe,105
MONROE|POLK,44,1.000000000000,Monroe,105
MONROE|RICHLAND1,40,1.000000000000,Monroe,105
MONROE|RICHLAND2,40,1.000000000000,Monroe,105
MONROE|RICHLAND3,40,1.000000000000,Monroe,105
MONROE|RICHLAND4,40,1.000000000000,Monroe,105
MONROE|RICHLAND5,40,1.000000000000,Monroe,105
MONROE|RICHLAND6,39,0.000021638553,Monroe,105
MONROE|RICHLAND6,40,0.999978361447,Monroe,105
MONROE|RICHLAND7,40,1.000000000000,Monroe,105
MONROE|RICHLAND8,40,1.000000000000,Monroe,105
MONROE|RICHLAND9,40,1.000000000000,Monroe,105
MONROE|SALTCREEK,40,0.000001106602,Monroe,105
MONROE|SALTCREEK,44,0.999998893398,Monroe,105
MONROE|VANBUREN1,40,1.000000000000,Monroe,105
MONROE|VANBUREN2,40,1.000000000000,Monroe,105
MONROE|VANBUREN3,40,1.000000000000,Monroe,105
MONROE|VANBUREN4,39,0.000052050242,Monroe,105
MONROE|VANBUREN4,40,0.999947949758,Monroe,105
MONROE|VANBUREN5,40,1.000000000000,Monroe,105
MONROE|VANBUREN6,40,1.000000000000,Monroe,105
MONROE|WASHINGTON,37,0.000047666364,Monroe,105
MONROE|WASHINGTON,40,0.999952333636,Monroe,105
MONTGOMERY|BROWN,7,0.000069514663,Montgomery,107
MONTGOMERY|BROWN,23,0.999854577971,Montgomery,107
MONTGOMERY|BROWN,24,0.000075907366,Montgomery,107
MONTGOMERY|CLARK,7,0.999962213414,Montgomery,107
MONTGOMERY|CLARK,24,0.000037786586,Montgomery,107
MONTGOMERY|COALCREEK,7,0.000064325750,Montgomery,107
MONTGOMERY|COALCREEK,23,0.999935674250,Montgomery,107
MONTGOMERY|CRAWFORDSVILLE1,7,1.000000000000,Montgomery,107
MONTGOMERY|CRAWFORDSVILLE10,7,1.000000000000,Montgomery,107
MONTGOMERY|CRAWFORDSVILLE2,7,1.000000000000,Montgomery,107
MONTGOMERY|CRAWFORDSVILLE3,7,1.000000000000,Montgomery,107
MONTGOMERY|CRAWFORDSVILLE4,7,1.000000000000,Montgomery,107
MONTGOMERY|CRAWFORDSVILLE5,7,1.000000000000,Montgomery,107
MONTGOMERY|CRAWFORDSVILLE6,7,1.000000000000,Montgomery,107
MONTGOMERY|CRAWFORDSVILLE7,7,1.000000000000,Montgomery,107
MONTGOMERY|CRAWFORDSVILLE8,7,1.000000000000,Montgomery,107
MONTGOMERY|CRAWFORDSVILLE9,7,1.000000000000,Montgomery,107
MONTGOMERY|FRANKLIN,7,1.000000000000,Montgomery,107
MONTGOMERY|MADISON,7,0.999951462951,Montgomery,107
MONTGOMERY|MADISON,22,0.000010713535,Montgomery,107
MONTGOMERY|MADISON,23,0.000037823514,Montgomery,107
MONTGOMERY|RIPLEY,7,0.000303388667,Montgomery,107
MONTGOMERY|RIPLEY,23,0.999696611333,Montgomery,107
MONTGOMERY|SCOTT,7,0.999940019487,Montgomery,107
MONTGOMERY|SCOTT,23,0.000010695478,Montgomery,107
MONTGOMERY|SCOTT,24,0.000049285035,Montgomery,107
MONTGOMERY|SUGARCREEK,7,0.999962552085,Montgomery,107
MONTGOMERY|SUGARCREEK,22,0.000037447915,Montgomery,107
MONTGOMERY|UNION1,7,0.999860638005,Montgomery,107
MONTGOMERY|UNION1,23,0.000139361995,Montgomery,107
MONTGOMERY|UNION2,7,0.999900988327,Montgomery,107
MONTGOMERY|UNION2,23,0.000099011673,Montgomery,107
MONTGOMERY|UNION3,7,1.000000000000,Montgomery,107
MONTGOMERY|UNION4,7,1.000000000000,Montgomery,107
MONTGOMERY|UNION5,7,0.999983875036,Montgomery,107
MONTGOMERY|UNION5,23,0.000016124964,Montgomery,107
MONTGOMERY|UNION6,7,0.999454130104,Montgomery,107
MONTGOMERY|UNION6,23,0.000545869896,Montgomery,107
MONTGOMERY|UNION7,7,0.998739367389,Montgomery,107
MONTGOMERY|UNION7,23,0.001260632611,Montgomery,107
MONTGOMERY|WALNUT,7,1.000000000000,Montgomery,107
MONTGOMERY|WAYNE,7,0.000056782488,Montgomery,107
MONTGOMERY|WAYNE,23,0.999943217512,Montgomery,107
MORGAN|ADAMS1,24,0.000076421606,Morgan,109
MORGAN|ADAMS1,37,0.999923578394,Morgan,109
MORGAN|ASHLAND1,37,1.000000000000,Morgan,109
MORGAN|ASHLAND2,37,1.000000000000,Morgan,109
MORGAN|BAKER1,37,0.999732116092,Morgan,109
MORGAN|BAKER1,40,0.000267883908,Morgan,109
MORGAN|BROWN1,37,1.000000000000,Morgan,109
MORGAN|BROWN10,35,0.004229675642,Morgan,109
MORGAN|BROWN10,37,0.995770324358,Morgan,109
MORGAN|BROWN11,37,1.000000000000,Morgan,109
MORGAN|BROWN2,37,1.000000000000,Morgan,109
MORGAN|BROWN3,37,1.000000000000,Morgan,109
MORGAN|BROWN4,37,1.000000000000,Morgan,109
MORGAN|BROWN5,35,0.000001010274,Morgan,109
MORGAN|BROWN5,37,0.999998989726,Morgan,109
MORGAN|BROWN6,35,0.000295398899,Morgan,109
MORGAN|BROWN6,37,0.999704601101,Morgan,109
MORGAN|BROWN7,35,0.000025477413,Morgan,109
MORGAN|BROWN7,37,0.999974522587,Morgan,109
MORGAN|BROWN8,35,0.000059465136,Morgan,109
MORGAN|BROWN8,37,0.999940534864,Morgan,109
MORGAN|BROWN9,37,1.000000000000,Morgan,109
MORGAN|CLAY1,37,1.000000000000,Morgan,109
MORGAN|CLAY2,37,1.000000000000,Morgan,109
MORGAN|CLAY3,37,1.000000000000,Morgan,109
MORGAN|GREEN1,37,1.000000000000,Morgan,109
MORGAN|GREEN2,37,1.000000000000,Morgan,109
MORGAN|GREGG1,37,1.000000000000,Morgan,109
MORGAN|GREGG2,37,1.000000000000,Morgan,109
MORGAN|HARRISON1,37,1.000000000000,Morgan,109
MORGAN|JACKSON1,37,1.000000000000,Morgan,109
MORGAN|JACKSON2,37,0.999876404595,Morgan,109
MORGAN|JACKSON2,44,0.000123595405,Morgan,109
MORGAN|JACKSON3,37,1.000000000000,Morgan,109
MORGAN|JEFFERSON1,37,1.000000000000,Morgan,109
MORGAN|JEFFERSON2,37,1.000000000000,Morgan,109
MORGAN|JEFFERSON3,37,1.000000000000,Morgan,109
MORGAN|MADISON1,37,1.000000000000,Morgan,109
MORGAN|MADISON2,37,1.000000000000,Morgan,109
MORGAN|MADISON3,35,0.000041562646,Morgan,109
MORGAN|MADISON3,37,0.999958437354,Morgan,109
MORGAN|MADISON4,37,1.000000000000,Morgan,109
MORGAN|MADISON5,35,0.000003543475,Morgan,109
MORGAN|MADISON5,37,0.999996456525,Morgan,109
MORGAN|MADISON6,35,0.000000617681,Morgan,109
MORGAN|MADISON6,37,0.999999382319,Morgan,109
MORGAN|MONROE1,35,0.000070502184,Morgan,109
MORGAN|MONROE1,37,0.999929497816,Morgan,109
MORGAN|MONROE2,37,1.000000000000,Morgan,109
MORGAN|MONROE3,35,0.000039564419,Morgan,109
MORGAN|MONROE3,37,0.999960435581,Morgan,109
MORGAN|RAY1,37,1.000000000000,Morgan,109
MORGAN|RAY2,37,1.000000000000,Morgan,109
MORGAN|WASHINGTON1,37,1.000000000000,Morgan,109
MORGAN|WASHINGTON10,37,1.000000000000,Morgan,109
MORGAN|WASHINGTON11,37,1.000000000000,Morgan,109
MORGAN|WASHINGTON12,37,1.000000000000,Morgan,109
MORGAN|WASHINGTON13,37,1.000000000000,Morgan,109
MORGAN|WASHINGTON14,37,1.000000000000,Morgan,109
MORGAN|WASHINGTON2,37,1.000000000000,Morgan,109
MORGAN|WASHINGTON3,37,1.000000000000,Morgan,109
MORGAN|WASHINGTON4,37,1.000000000000,Morgan,109
MORGAN|WASHINGTON5,37,1.000000000000,Morgan,109
MORGAN|WASHINGTON6,37,1.000000000000,Morgan,109
MORGAN|WASHINGTON7,37,0.999950450571,Morgan,109
MORGAN|WASHINGTON7,40,0.000035344394,Morgan,109
MORGAN|WASHINGTON7,44,0.000014205035,Morgan,109
MORGAN|WASHINGTON8,37,1.000000000000,Morgan,109
MORGAN|WASHINGTON9,37,1.000000000000,Morgan,109
NEWTON|BEAVER1,6,1.000000000000,Newton,111
NEWTON|BEAVER2,6,1.000000000000,Newton,111
NEWTON|COLFAX,6,1.000000000000,Newton,111
NEWTON|GRANT1,6,1.000000000000,Newton,111
NEWTON|GRANT2,6,1.000000000000,Newton,111
NEWTON|IROQUOIS1,6,1.000000000000,Newton,111
NEWTON|IROQUOIS2,6,1.000000000000,Newton,111
NEWTON|JACKSON,6,1.000000000000,Newton,111
NEWTON|JEFFERSON1,6,1.000000000000,Newton,111
NEWTON|JEFFERSON2,6,1.000000000000,Newton,111
NEWTON|JEFFERSON3,6,1.000000000000,Newton,111
NEWTON|LAKE1,6,1.000000000000,Newton,111
NEWTON|LAKE2,6,1.000000000000,Newton,111
NEWTON|LINCOLN1,6,1.000000000000,Newton,111
NEWTON|LINCOLN2,6,1.000000000000,Newton,111
NEWTON|LINCOLN3,6,1.000000000000,Newton,111
NEWTON|MCCLELLAN,6,1.000000000000,Newton,111
NEWTON|WASHINGTON,6,1.000000000000,Newton,111
NOBLE|ALBION28,13,1.000000000000,Noble,113
NOBLE|ALLEN23,13,1.000000000000,Noble,113
NOBLE|ALLEN24,13,1.000000000000,Noble,113
NOBLE|ALLEN25,13,1.000000000000,Noble,113
NOBLE|ALLEN26,13,1.000000000000,Noble,113
NOBLE|ELKHART7,13,1.000000000000,Noble,113
NOBLE|GREEN10,13,0.999945954557,Noble,113
NOBLE|GREEN10,16,0.000054045443,Noble,113
NOBLE|JEFFERSON11,13,1.000000000000,Noble,113
NOBLE|NOBLE29,13,0.999895879536,Noble,113
NOBLE|NOBLE29,16,0.000104120464,Noble,113
NOBLE|NOBLE9,13,1.000000000000,Noble,113
NOBLE|ORANGE12,13,1.000000000000,Noble,113
NOBLE|ORANGE13,13,1.000000000000,Noble,113
NOBLE|ORANGE14,13,1.000000000000,Noble,113
NOBLE|PERRY3,9,0.000023742228,Noble,113
NOBLE|PERRY3,13,0.999976257772,Noble,113
NOBLE|PERRY4,13,1.000000000000,Noble,113
NOBLE|PERRY5,13,1.000000000000,Noble,113
NOBLE|PERRY6,13,1.000000000000,Noble,113
NOBLE|SPARTA2,9,0.000029760906,Noble,113
NOBLE|SPARTA2,13,0.999970239094,Noble,113
NOBLE|SWAN27,13,0.999973524269,Noble,113
NOBLE|SWAN27,16,0.000026475731,Noble,113
NOBLE|WASHINGTON1,9,0.000122299510,Noble,113
NOBLE|WASHINGTON1,13,0.999764982693,Noble,113
NOBLE|WASHINGTON1,16,0.000112717796,Noble,113
NOBLE|WAYNE15,13,1.000000000000,Noble,113
NOBLE|WAYNE16,13,1.000000000000,Noble,113
NOBLE|WAYNE17,13,1.000000000000,Noble,113
NOBLE|WAYNE18,13,1.000000000000,Noble,113
NOBLE|WAYNE19,13,1.000000000000,Noble,113
NOBLE|WAYNE20,13,1.000000000000,Noble,113
NOBLE|WAYNE21,13,1.000000000000,Noble,113
NOBLE|WAYNE22,13,1.000000000000,Noble,113
NOBLE|YORK8,13,1.000000000000,Noble,113
OHIO|CASS7,43,1.000000000000,Ohio,115
OHIO|PIKE8,42,0.000000654791,Ohio,115
OHIO|PIKE8,43,0.999999345209,Ohio,115
OHIO|RANDOLPH1,43,1.000000000000,Ohio,115
OHIO|RANDOLPH10,43,1.000000000000,Ohio,115
OHIO|RANDOLPH11,43,1.000000000000,Ohio,115
OHIO|RANDOLPH2,43,1.000000000000,Ohio,115
OHIO|RANDOLPH3,43,1.000000000000,Ohio,115
OHIO|RANDOLPH4,43,1.000000000000,Ohio,115
OHIO|RANDOLPH5,43,1.000000000000,Ohio,115
OHIO|RANDOLPH6,43,1.000000000000,Ohio,115
OHIO|UNION9,43,1.000000000000,Ohio,115
ORANGE|FLEWESTBADEN,44,1.000000000000,Orange,117
ORANGE|FLWWESTBADEN,39,0.000125406497,Orange,117
ORANGE|FLWWESTBADEN,44,0.999874593503,Orange,117
ORANGE|FRENCHLICKEAST,44,1.000000000000,Orange,117
ORANGE|FRENCHLICKNORTH,44,1.000000000000,Orange,117
ORANGE|FRENCHLICKSOUTH,44,0.999948099206,Orange,117
ORANGE|FRENCHLICKSOUTH,48,0.000051900794,Orange,117
ORANGE|FRENCHLICKWEST,39,0.000215902329,Orange,117
ORANGE|FRENCHLICKWEST,44,0.999783018108,Orange,117
ORANGE|FRENCHLICKWEST,48,0.000001079563,Orange,117
ORANGE|GREENFIELD,44,0.999964228174,Orange,117
ORANGE|GREENFIELD,48,0.000035771826,Orange,117
ORANGE|JACKSON,44,0.999979077472,Orange,117
ORANGE|JACKSON,48,0.000020922528,Orange,117
ORANGE|NORTHEAST,44,0.999898355286,Orange,117
ORANGE|NORTHEAST,47,0.000101644714,Orange,117
ORANGE|NORTHWEST,39,0.000002606937,Orange,117
ORANGE|NORTHWEST,44,0.999997393063,Orange,117
ORANGE|ORANGEVILLE,44,1.000000000000,Orange,117
ORANGE|ORLEANSEAST,44,1.000000000000,Orange,117
ORANGE|ORLEANSNORTHWEST,44,1.000000000000,Orange,117
ORANGE|ORLEANSSOUTHWEST,44,1.000000000000,Orange,117
ORANGE|PAOLINORTH,44,1.000000000000,Orange,117
ORANGE|PAOLINORTHEAST,44,1.000000000000,Orange,117
ORANGE|PAOLINORTHWEST,44,1.000000000000,Orange,117
ORANGE|PAOLISOUTH,44,1.000000000000,Orange,117
ORANGE|PAOLISOUTHEAST,44,1.000000000000,Orange,117
ORANGE|PAOLISOUTHWEST,44,1.000000000000,Orange,117
ORANGE|SOUTHEAST,44,0.999942470832,Orange,117
ORANGE|SOUTHEAST,47,0.000002015014,Orange,117
ORANGE|SOUTHEAST,48,0.000055514154,Orange,117
ORANGE|STAMPERSCREEK,44,0.999977256457,Orange,117
ORANGE|STAMPERSCREEK,47,0.000022743543,Orange,117
OWEN|CLAY1,39,0.999987879259,Owen,119
OWEN|CLAY1,40,0.000012120741,Owen,119
OWEN|CLAY2,39,1.000000000000,Owen,119
OWEN|FRANKLIN,39,1.000000000000,Owen,119
OWEN|HARRISON,37,1.000000000000,Owen,119
OWEN|JACKSON,37,0.999982038384,Owen,119
OWEN|JACKSON,38,0.000017961616,Owen,119
OWEN|JEFFERSON,38,0.000072213380,Owen,119
OWEN|JEFFERSON,39,0.999927786620,Owen,119
OWEN|JENNINGS,37,1.000000000000,Owen,119
OWEN|LAFAYETTE,37,0.000075446618,Owen,119
OWEN|LAFAYETTE,39,0.999924553382,Owen,119
OWEN|MARION,37,0.000027675454,Owen,119
OWEN|MARION,38,0.000064981511,Owen,119
OWEN|MARION,39,0.999907343035,Owen,119
OWEN|MONTGOMERY,37,1.000000000000,Owen,119
OWEN|MORGAN,37,0.999981028519,Owen,119
OWEN|MORGAN,38,0.000005208382,Owen,119
OWEN|MORGAN,39,0.000013763099,Owen,119
OWEN|TAYLOR,37,1.000000000000,Owen,119
OWEN|WASHINGTON1,37,0.999698327046,Owen,119
OWEN|WASHINGTON1,39,0.000183836317,Owen,119
OWEN|WASHINGTON1,40,0.000117836637,Owen,119
OWEN|WASHINGTON2,37,0.999609449930,Owen,119
OWEN|WASHINGTON2,39,0.000390550070,Owen,119
OWEN|WASHINGTON3,37,0.087941939931,Owen,119
OWEN|WASHINGTON3,39,0.912058060069,Owen,119
OWEN|WASHINGTON4,37,0.023976866917,Owen,119
OWEN|WASHINGTON4,39,0.976003942704,Owen,119
OWEN|WASHINGTON4,40,0.000019190378,Owen,119
OWEN|WAYNE1,37,0.999590090505,Owen,119
OWEN|WAYNE1,40,0.000409909495,Owen,119
OWEN|WAYNE2,37,0.999470860371,Owen,119
OWEN|WAYNE2,40,0.000529139629,Owen,119
PARKE|ADAMS1,23,1.000000000000,Parke,121
PARKE|ADAMS2,23,1.000000000000,Parke,121
PARKE|ADAMS3,23,1.000000000000,Parke,121
PARKE|ADAMS4,23,1.000000000000,Parke,121
PARKE|FLORIDA1,23,0.999911252668,Parke,121
PARKE|FLORIDA1,38,0.000088747332,Parke,121
PARKE|FLORIDA2,23,0.999922789938,Parke,121
PARKE|FLORIDA2,38,0.000077210062,Parke,121
PARKE|GREENE,23,0.999975433088,Parke,121
PARKE|GREENE,24,0.000024566912,Parke,121
PARKE|HOWARD,23,1.000000000000,Parke,121
PARKE|JACKSON,23,0.999918503078,Parke,121
PARKE|JACKSON,24,0.000011390096,Parke,121
PARKE|JACKSON,38,0.000070106826,Parke,121
PARKE|LIBERTY,23,1.000000000000,Parke,121
PARKE|PENN,23,1.000000000000,Parke,121
PARKE|RACCOON,23,0.999951934745,Parke,121
PARKE|RACCOON,38,0.000048065255,Parke,121
PARKE|RESERVE,23,1.000000000000,Parke,121
PARKE|SUGARCREEK,23,1.000000000000,Parke,121
PARKE|UNION,23,0.999983714951,Parke,121
PARKE|UNION,24,0.000016285049,Parke,121
PARKE|WABASH,23,1.000000000000,Parke,121
PARKE|WASHINGTON,23,1.000000000000,Parke,121
PERRY|ANDERSON,48,1.000000000000,Perry,123
PERRY|CANNELTON,48,1.000000000000,Perry,123
PERRY|CLARK,48,1.000000000000,Perry,123
PERRY|DERBY,48,1.000000000000,Perry,123
PERRY|LEOPOLD,48,1.000000000000,Perry,123
PERRY|OIL,48,1.000000000000,Perry,123
PERRY|RONO,48,1.000000000000,Perry,123
PERRY|TELLCITY1,48,1.000000000000,Perry,123
PERRY|TELLCITY2,48,1.000000000000,Perry,123
PERRY|TELLCITY3,48,1.000000000000,Perry,123
PERRY|TELLCITY4,48,1.000000000000,Perry,123
PERRY|TELLCITY5,48,1.000000000000,Perry,123
PERRY|TELLCITY6,48,1.000000000000,Perry,123
PERRY|TELLCITY7,48,1.000000000000,Perry,123
PERRY|TELLCITY8,48,1.000000000000,Perry,123
PERRY|TOBIN,48,1.000000000000,Perry,123
PERRY|TROY,48,1.000000000000,Perry,123
PERRY|TROYTOWNSHIP1,48,1.000000000000,Perry,123
PERRY|TROYTOWNSHIP2,48,1.000000000000,Perry,123
PIKE|CLAY,39,0.000369105667,Pike,125
PIKE|CLAY,48,0.999630894333,Pike,125
PIKE|JEFFERSON1,39,0.000067066422,Pike,125
PIKE|JEFFERSON1,48,0.999932933578,Pike,125
PIKE|JEFFERSON2,39,0.000229278824,Pike,125
PIKE|JEFFERSON2,48,0.999770721176,Pike,125
PIKE|LOCKHART,48,0.999951964180,Pike,125
PIKE|LOCKHART,50,0.000048035820,Pike,125
PIKE|LOGAN,48,1.000000000000,Pike,125
PIKE|MADISON,39,0.000361241664,Pike,125
PIKE|MADISON,48,0.999638758336,Pike,125
PIKE|MARION,48,1.000000000000,Pike,125
PIKE|MONROE,48,0.999895584725,Pike,125
PIKE|MONROE,50,0.000104415275,Pike,125
PIKE|PATOKA1,48,1.000000000000,Pike,125
PIKE|PATOKA2,48,1.000000000000,Pike,125
PIKE|PETERSBURG1,48,1.000000000000,Pike,125
PIKE|PETERSBURG2,48,1.000000000000,Pike,125
PIKE|PETERSBURG3,48,1.000000000000,Pike,125
PIKE|PETERSBURG4,48,1.000000000000,Pike,125
PIKE|WASHINGTON1,39,0.000070398353,Pike,125
PIKE|WASHINGTON1,48,0.999929601647,Pike,125
PIKE|WASHINGTON2,48,1.000000000000,Pike,125
PIKE|WASHINGTON3,39,0.001049968515,Pike,125
PIKE|WASHINGTON3,48,0.998950031485,Pike,125
PIKE|WINSLOW,48,1.000000000000,Pike,125
PORTER|BOONE1,5,1.000000000000,Porter,127
PORTER|BOONE2,5,0.999994280844,Porter,127
PORTER|BOONE2,6,0.000005719156,Porter,127
PORTER|BOONE3,5,0.999914154741,Porter,127
PORTER|BOONE3,6,0.000085845259,Porter,127
PORTER|BOONE4,5,0.999738019754,Porter,127
PORTER|BOONE4,6,0.000261980246,Porter,127
PORTER|BOONE5,5,1.000000000000,Porter,127
PORTER|CENTER1,5,1.000000000000,Porter,127
PORTER|CENTER11,4,0.000237894483,Porter,127
PORTER|CENTER11,5,0.999762105517,Porter,127
PORTER|CENTER13,5,1.000000000000,Porter,127
PORTER|CENTER14,5,1.000000000000,Porter,127
PORTER|CENTER15,5,1.000000000000,Porter,127
PORTER|CENTER16,5,1.000000000000,Porter,127
PORTER|CENTER17,5,1.000000000000,Porter,127
PORTER|CENTER18,4,0.000005365317,Porter,127
PORTER|CENTER18,5,0.999994634683,Porter,127
PORTER|CENTER19,5,1.000000000000,Porter,127
PORTER|CENTER2,5,1.000000000000,Porter,127
PORTER|CENTER20,4,0.001623196981,Porter,127
PORTER|CENTER20,5,0.998376803019,Porter,127
PORTER|CENTER21,5,1.000000000000,Porter,127
PORTER|CENTER22,5,1.000000000000,Porter,127
PORTER|CENTER23,5,1.000000000000,Porter,127
PORTER|CENTER24,5,1.000000000000,Porter,127
PORTER|CENTER25,5,1.000000000000,Porter,127
PORTER|CENTER26,5,1.000000000000,Porter,127
PORTER|CENTER27,5,1.000000000000,Porter,127
PORTER|CENTER28,5,1.000000000000,Porter,127
PORTER|CENTER29,5,1.000000000000,Porter,127
PORTER|CENTER3,5,1.000000000000,Porter,127
PORTER|CENTER30,5,1.000000000000,Porter,127
PORTER|CENTER31,5,1.000000000000,Porter,127
PORTER|CENTER32,5,1.000000000000,Porter,127
PORTER|CENTER33,5,1.000000000000,Porter,127
PORTER|CENTER34,4,0.000228490845,Porter,127
PORTER|CENTER34,5,0.999771509155,Porter,127
PORTER|CENTER35,5,1.000000000000,Porter,127
PORTER|CENTER5,5,1.000000000000,Porter,127
PORTER|CENTER6,5,1.000000000000,Porter,127
PORTER|CENTER7,5,1.000000000000,Porter,127
PORTER|CENTER8,5,1.000000000000,Porter,127
PORTER|CENTER9,5,1.000000000000,Porter,127
PORTER|JACKSON1,4,0.999983638247,Porter,127
PORTER|JACKSON1,5,0.000016361753,Porter,127
PORTER|JACKSON2,4,0.999902973404,Porter,127
PORTER|JACKSON2,5,0.000097026596,Porter,127
PORTER|JACKSON3,4,1.000000000000,Porter,127
PORTER|JACKSON4,4,1.000000000000,Porter,127
PORTER|JACKSON5,4,1.000000000000,Porter,127
PORTER|LAKEMICHIGANNV,3,0.000001720383,Porter,127
PORTER|LAKEMICHIGANNV,4,0.999998279617,Porter,127
PORTER|LIBERTY1,4,1.000000000000,Porter,127
PORTER|LIBERTY2,4,1.000000000000,Porter,127
PORTER|LIBERTY3,4,0.999966796747,Porter,127
PORTER|LIBERTY3,5,0.000033203253,Porter,127
PORTER|LIBERTY4,4,1.000000000000,Porter,127
PORTER|LIBERTY5,4,1.000000000000,Porter,127
PORTER|LIBERTY6,4,1.000000000000,Porter,127
PORTER|LIBERTY7,4,0.999430483329,Porter,127
PORTER|LIBERTY7,5,0.000569516671,Porter,127
PORTER|MORGAN1,5,0.999961167957,Porter,127
PORTER|MORGAN1,8,0.000038832043,Porter,127
PORTER|MORGAN2,5,1.000000000000,Porter,127
PORTER|MORGAN3,5,0.999998541869,Porter,127
PORTER|MORGAN3,8,0.000001458131,Porter,127
PORTER|PINE1,4,1.000000000000,Porter,127
PORTER|PINE2,4,1.000000000000,Porter,127
PORTER|PLEASANT1,5,0.999920849988,Porter,127
PORTER|PLEASANT1,8,0.000079150012,Porter,127
PORTER|PLEASANT2,5,1.000000000000,Porter,127
PORTER|PLEASANT3,5,1.000000000000,Porter,127
PORTER|PORTAGE1,3,0.000007944398,Porter,127
PORTER|PORTAGE1,4,0.999850179254,Porter,127
PORTER|PORTAGE1,5,0.000141876348,Porter,127
PORTER|PORTAGE10,4,1.000000000000,Porter,127
PORTER|PORTAGE12,3,0.000005043591,Porter,127
PORTER|PORTAGE12,4,0.999994956409,Porter,127
PORTER|PORTAGE13,4,1.000000000000,Porter,127
PORTER|PORTAGE14,4,1.000000000000,Porter,127
PORTER|PORTAGE15,4,1.000000000000,Porter,127
PORTER|PORTAGE16,4,1.000000000000,Porter,127
PORTER|PORTAGE17,3,0.000080355705,Porter,127
PORTER|PORTAGE17,4,0.999919644295,Porter,127
PORTER|PORTAGE18,4,1.000000000000,Porter,127
PORTER|PORTAGE19,4,1.000000000000,Porter,127
PORTER|PORTAGE2,4,1.000000000000,Porter,127
PORTER|PORTAGE20,3,0.000083090554,Porter,127
PORTER|PORTAGE20,4,0.999916909446,Porter,127
PORTER|PORTAGE21,4,1.000000000000,Porter,127
PORTER|PORTAGE22,4,1.000000000000,Porter,127
PORTER|PORTAGE23,4,1.000000000000,Porter,127
PORTER|PORTAGE24,4,1.000000000000,Porter,127
PORTER|PORTAGE25,4,1.000000000000,Porter,127
PORTER|PORTAGE26,4,1.000000000000,Porter,127
PORTER|PORTAGE27,4,1.000000000000,Porter,127
PORTER|PORTAGE28,4,1.000000000000,Porter,127
PORTER|PORTAGE3,3,0.000084305456,Porter,127
PORTER|PORTAGE3,4,0.999915694544,Porter,127
PORTER|PORTAGE31,4,1.000000000000,Porter,127
PORTER|PORTAGE32,3,0.000014645150,Porter,127
PORTER|PORTAGE32,4,0.999985354850,Porter,127
PORTER|PORTAGE33,4,1.000000000000,Porter,127
PORTER|PORTAGE35,4,1.000000000000,Porter,127
PORTER|PORTAGE36,4,1.000000000000,Porter,127
PORTER|PORTAGE37,4,1.000000000000,Porter,127
PORTER|PORTAGE38,4,1.000000000000,Porter,127
PORTER|PORTAGE4,3,0.000161950319,Porter,127
PORTER|PORTAGE4,4,0.999838049681,Porter,127
PORTER|PORTAGE5,4,1.000000000000,Porter,127
PORTER|PORTAGE6,3,0.000014557049,Porter,127
PORTER|PORTAGE6,4,0.999985442951,Porter,127
PORTER|PORTAGE7,3,0.000119147246,Porter,127
PORTER|PORTAGE7,4,0.999880852754,Porter,127
PORTER|PORTAGE9,4,1.000000000000,Porter,127
PORTER|PORTER1,5,1.000000000000,Porter,127
PORTER|PORTER2,5,0.999882650191,Porter,127
PORTER|PORTER2,6,0.000117349809,Porter,127
PORTER|PORTER3,5,0.999915404307,Porter,127
PORTER|PORTER3,6,0.000084595693,Porter,127
PORTER|PORTER4,5,1.000000000000,Porter,127
PORTER|PORTER5,5,0.999993733416,Porter,127
PORTER|PORTER5,6,0.000006266584,Porter,127
PORTER|PORTER6,5,0.999745265879,Porter,127
PORTER|PORTER6,6,0.000254734121,Porter,127
PORTER|PORTER7,5,0.999663497821,Porter,127
PORTER|PORTER7,6,0.000336502179,Porter,127
PORTER|UNION1,4,0.000002634724,Porter,127
PORTER|UNION1,5,0.999997365276,Porter,127
PORTER|UNION2,5,1.000000000000,Porter,127
PORTER|UNION3,5,1.000000000000,Porter,127
PORTER|UNION4,3,0.000059318686,Porter,127
PORTER|UNION4,4,0.000093354716,Porter,127
PORTER|UNION4,5,0.999847326598,Porter,127
PORTER|UNION5,5,1.000000000000,Porter,127
PORTER|UNION6,4,0.000788410824,Porter,127
PORTER|UNION6,5,0.999211589176,Porter,127
PORTER|UNION7,3,0.000002479411,Porter,127
PORTER|UNION7,5,0.999997520589,Porter,127
PORTER|WASHINGTON1,4,0.000091747169,Porter,127
PORTER|WASHINGTON1,5,0.999902963251,Porter,127
PORTER|WASHINGTON1,8,0.000005289580,Porter,127
PORTER|WASHINGTON2,5,0.999903863891,Porter,127
PORTER|WASHINGTON2,8,0.000096136109,Porter,127
PORTER|WASHINGTON3,4,0.000144242060,Porter,127
PORTER|WASHINGTON3,5,0.999855757940,Porter,127
PORTER|WESTCHESTER1,4,1.000000000000,Porter,127
PORTER|WESTCHESTER10,4,1.000000000000,Porter,127
PORTER|WESTCHESTER11,4,1.000000000000,Porter,127
PORTER|WESTCHESTER12,4,1.000000000000,Porter,127
PORTER|WESTCHESTER13,4,1.000000000000,Porter,127
PORTER|WESTCHESTER14,4,1.000000000000,Porter,127
PORTER|WESTCHESTER16,4,1.000000000000,Porter,127
PORTER|WESTCHESTER17,4,1.000000000000,Porter,127
PORTER|WESTCHESTER18,4,1.000000000000,Porter,127
PORTER|WESTCHESTER3,4,1.000000000000,Porter,127
PORTER|WESTCHESTER4,4,1.000000000000,Porter,127
PORTER|WESTCHESTER5,4,1.000000000000,Porter,127
PORTER|WESTCHESTER6,4,1.000000000000,Porter,127
PORTER|WESTCHESTER7,4,1.000000000000,Porter,127
PORTER|WESTCHESTER8,4,1.000000000000,Porter,127
PORTER|WESTCHESTER9,4,1.000000000000,Porter,127
POSEY|BETHEL,48,0.000177009358,Posey,129
POSEY|BETHEL,49,0.999822990642,Posey,129
POSEY|BLACK1,49,1.000000000000,Posey,129
POSEY|BLACK10,49,1.000000000000,Posey,129
POSEY|BLACK11,49,1.000000000000,Posey,129
POSEY|BLACK12,49,1.000000000000,Posey,129
POSEY|BLACK13,49,1.000000000000,Posey,129
POSEY|BLACK2,49,1.000000000000,Posey,129
POSEY|BLACK3,49,1.000000000000,Posey,129
POSEY|BLACK4,49,1.000000000000,Posey,129
POSEY|BLACK5,49,1.000000000000,Posey,129
POSEY|BLACK6,49,1.000000000000,Posey,129
POSEY|BLACK7,49,1.000000000000,Posey,129
POSEY|BLACK8,49,1.000000000000,Posey,129
POSEY|BLACK9,49,1.000000000000,Posey,129
POSEY|CENTERNORTH,49,1.000000000000,Posey,129
POSEY|CENTERSOUTH,49,1.000000000000,Posey,129
POSEY|HARMONY1,49,1.000000000000,Posey,129
POSEY|HARMONY2,49,1.000000000000,Posey,129
POSEY|HARMONY3,49,1.000000000000,Posey,129
POSEY|LYNNEAST,49,1.000000000000,Posey,129
POSEY|LYNNWEST,49,1.000000000000,Posey,129
POSEY|MARRSCENTER,49,1.000000000000,Posey,129
POSEY|MARRSNORTH,49,1.000000000000,Posey,129
POSEY|MARRSSOUTH,49,1.000000000000,Posey,129
POSEY|MARRSWEST,49,1.000000000000,Posey,129
POSEY|POINT,49,1.000000000000,Posey,129
POSEY|ROBB1,49,1.000000000000,Posey,129
POSEY|ROBB2,48,0.000112442773,Posey,129
POSEY|ROBB2,49,0.999887557227,Posey,129
POSEY|ROBB3,48,0.000009916175,Posey,129
POSEY|ROBB3,49,0.999990083825,Posey,129
POSEY|ROBINSON1,49,1.000000000000,Posey,129
POSEY|ROBINSON2,49,1.000000000000,Posey,129
POSEY|ROBINSON3,49,1.000000000000,Posey,129
POSEY|SMITHEAST,48,0.000000080378,Posey,129
POSEY|SMITHEAST,49,0.999999919622,Posey,129
POSEY|SMITHWEST,48,0.000001281785,Posey,129
POSEY|SMITHWEST,49,0.999998718215,Posey,129
PULASKI|BEAVER,5,1.000000000000,Pulaski,131
PULASKI|CASS,5,0.999909374977,Pulaski,131
PULASKI|CASS,8,0.000090625023,Pulaski,131
PULASKI|FRANKLIN,5,0.999947394110,Pulaski,131
PULASKI|FRANKLIN,8,0.000052605890,Pulaski,131
PULASKI|HARRISON,5,0.999950892273,Pulaski,131
PULASKI|HARRISON,18,0.000049107727,Pulaski,131
PULASKI|INDIANCREEK,5,1.000000000000,Pulaski,131
PULASKI|JEFFERSON,5,1.000000000000,Pulaski,131
PULASKI|MONROE1,5,1.000000000000,Pulaski,131
PULASKI|MONROE2,5,1.000000000000,Pulaski,131
PULASKI|MONROE3,5,1.000000000000,Pulaski,131
PULASKI|MONROE4,5,1.000000000000,Pulaski,131
PULASKI|RICHGROVE,5,0.999959143079,Pulaski,131
PULASKI|RICHGROVE,8,0.000040856921,Pulaski,131
PULASKI|SALEM,5,1.000000000000,Pulaski,131
PULASKI|TIPPECANOE,5,0.999960801842,Pulaski,131
PULASKI|TIPPECANOE,8,0.000017994683,Pulaski,131
PULASKI|TIPPECANOE,18,0.000021203475,Pulaski,131
PULASKI|VANBUREN,5,0.999907207209,Pulaski,131
PULASKI|VANBUREN,18,0.000092792791,Pulaski,131
PULASKI|WHITEPOST,5,1.000000000000,Pulaski,131
PUTNAM|CLINTON,23,0.000060138315,Putnam,133
PUTNAM|CLINTON,24,0.999939861685,Putnam,133
PUTNAM|CLOVERDALE1,37,1.000000000000,Putnam,133
PUTNAM|CLOVERDALE2,37,1.000000000000,Putnam,133
PUTNAM|CLOVERDALE3,37,1.000000000000,Putnam,133
PUTNAM|EAST,24,1.000000000000,Putnam,133
PUTNAM|FLOYDEAST,24,1.000000000000,Putnam,133
PUTNAM|FLOYDSOUTH,24,1.000000000000,Putnam,133
PUTNAM|FLOYDWEST,24,1.000000000000,Putnam,133
PUTNAM|FOXRIDGE,24,0.999997293114,Putnam,133
PUTNAM|FOXRIDGE,37,0.000002706886,Putnam,133
PUTNAM|FRANKLINNORTH,7,0.000070539644,Putnam,133
PUTNAM|FRANKLINNORTH,24,0.999929460356,Putnam,133
PUTNAM|FRANKLINSOUTH,24,1.000000000000,Putnam,133
PUTNAM|GREENCASTLENORTH,24,1.000000000000,Putnam,133
PUTNAM|JACKSON,7,0.000048625020,Putnam,133
PUTNAM|JACKSON,24,0.999951374980,Putnam,133
PUTNAM|JEFFERSON,24,0.000204749745,Putnam,133
PUTNAM|JEFFERSON,37,0.999795250255,Putnam,133
PUTNAM|LIMEDALE,24,0.999979801144,Putnam,133
PUTNAM|LIMEDALE,37,0.000020198856,Putnam,133
PUTNAM|MADISON,23,0.000050779181,Putnam,133
PUTNAM|MADISON,24,0.999940680378,Putnam,133
PUTNAM|MADISON,37,0.000008540442,Putnam,133
PUTNAM|MARIONNORTH,24,1.000000000000,Putnam,133
PUTNAM|MARIONSOUTH,24,0.999980664562,Putnam,133
PUTNAM|MARIONSOUTH,37,0.000019335438,Putnam,133
PUTNAM|MONROEEAST,24,1.000000000000,Putnam,133
PUTNAM|MONROEWEST,24,1.000000000000,Putnam,133
PUTNAM|NORTH,24,1.000000000000,Putnam,133
PUTNAM|RUSSELL,7,0.000012759580,Putnam,133
PUTNAM|RUSSELL,23,0.000037097327,Putnam,133
PUTNAM|RUSSELL,24,0.999950143093,Putnam,133
PUTNAM|SOUTH,24,1.000000000000,Putnam,133
PUTNAM|WARREN,24,0.000087768599,Putnam,133
PUTNAM|WARREN,37,0.999912231401,Putnam,133
PUTNAM|WASHINGTONNORTH,24,0.000014376231,Putnam,133
PUTNAM|WASHINGTONNORTH,37,0.999935750591,Putnam,133
PUTNAM|WASHINGTONNORTH,38,0.000049873177,Putnam,133
PUTNAM|WASHINGTONSOUTH,37,0.999919624175,Putnam,133
PUTNAM|WASHINGTONSOUTH,38,0.000080375825,Putnam,133
PUTNAM|WEST,24,1.000000000000,Putnam,133
RANDOLPH|FARMLAND,26,1.000000000000,Randolph,135
RANDOLPH|GREEN,19,0.000040496542,Randolph,135
RANDOLPH|GREEN,26,0.999959503458,Randolph,135
RANDOLPH|JACKSON,19,0.000046540264,Randolph,135
RANDOLPH|JACKSON,26,0.999953459736,Randolph,135
RANDOLPH|PARKER,26,1.000000000000,Randolph,135
RANDOLPH|RIDGEVILLE,19,0.000007328002,Randolph,135
RANDOLPH|RIDGEVILLE,26,0.999992671998,Randolph,135
RANDOLPH|SPARTANBURG,26,0.999985391709,Randolph,135
RANDOLPH|SPARTANBURG,27,0.000014608291,Randolph,135
RANDOLPH|STONEYCREEK,26,1.000000000000,Randolph,135
RANDOLPH|UNION,26,0.999925697690,Randolph,135
RANDOLPH|UNION,27,0.000074302310,Randolph,135
RANDOLPH|UNIONCITY1,26,1.000000000000,Randolph,135
RANDOLPH|UNIONCITY2,26,1.000000000000,Randolph,135
RANDOLPH|WARD,19,0.000026940391,Randolph,135
RANDOLPH|WARD,26,0.999973059609,Randolph,135
RANDOLPH|WASHINGTON,26,0.999977266566,Randolph,135
RANDOLPH|WASHINGTON,27,0.000022733434,Randolph,135
RANDOLPH|WAYNE,26,1.000000000000,Randolph,135
RANDOLPH|WHITERIVER1,26,1.000000000000,Randolph,135
RANDOLPH|WHITERIVER2,26,1.000000000000,Randolph,135
RANDOLPH|WINCHESTER12,26,1.000000000000,Randolph,135
RANDOLPH|WINCHESTER3,26,1.000000000000,Randolph,135
RANDOLPH|WINCHESTER4,26,1.000000000000,Randolph,135
RIPLEY|ADAMS1,27,0.000026935653,Ripley,137
RIPLEY|ADAMS1,42,0.999962952705,Ripley,137
RIPLEY|ADAMS1,43,0.000010111642,Ripley,137
RIPLEY|ADAMS2,42,0.999846228567,Ripley,137
RIPLEY|ADAMS2,43,0.000153771433,Ripley,137
RIPLEY|ADAMS3,42,1.000000000000,Ripley,137
RIPLEY|BROWN1,42,0.999973935567,Ripley,137
RIPLEY|BROWN1,43,0.000026064433,Ripley,137
RIPLEY|BROWN2,42,0.999938924334,Ripley,137
RIPLEY|BROWN2,43,0.000061075666,Ripley,137
RIPLEY|CENTER1,42,1.000000000000,Ripley,137
RIPLEY|CENTER2,42,1.000000000000,Ripley,137
RIPLEY|CENTER3,42,1.000000000000,Ripley,137
RIPLEY|DELAWARE,42,1.000000000000,Ripley,137
RIPLEY|FRANKLIN1,42,0.999902287374,Ripley,137
RIPLEY|FRANKLIN1,43,0.000097712626,Ripley,137
RIPLEY|FRANKLIN2,42,0.999969952411,Ripley,137
RIPLEY|FRANKLIN2,43,0.000030047589,Ripley,137
RIPLEY|FRANKLIN3,42,1.000000000000,Ripley,137
RIPLEY|JACKSON,42,1.000000000000,Ripley,137
RIPLEY|JOHNSON1,42,1.000000000000,Ripley,137
RIPLEY|JOHNSON2,42,1.000000000000,Ripley,137
RIPLEY|JOHNSON3,42,1.000000000000,Ripley,137
RIPLEY|LAUGHERY1,42,1.000000000000,Ripley,137
RIPLEY|LAUGHERY11,42,1.000000000000,Ripley,137
RIPLEY|LAUGHERY21,42,1.000000000000,Ripley,137
RIPLEY|LAUGHERY31,42,1.000000000000,Ripley,137
RIPLEY|OTTERCREEK1,42,1.000000000000,Ripley,137
RIPLEY|OTTERCREEK2,42,1.000000000000,Ripley,137
RIPLEY|SHELBY,42,0.999979134909,Ripley,137
RIPLEY|SHELBY,43,0.000020865091,Ripley,137
RIPLEY|WASHINGTON1,42,0.999992199631,Ripley,137
RIPLEY|WASHINGTON1,43,0.000007800369,Ripley,137
RIPLEY|WASHINGTON2,42,0.999975053853,Ripley,137
RIPLEY|WASHINGTON2,43,0.000024946147,Ripley,137
RUSH|ANDERSON14,42,1.000000000000,Rush,139
RUSH|CENTER16,27,0.000027532871,Rush,139
RUSH|CENTER16,42,0.999972467129,Rush,139
RUSH|JACKSON15,42,1.000000000000,Rush,139
RUSH|NOBLE19,42,1.000000000000,Rush,139
RUSH|ORANGE13,42,1.000000000000,Rush,139
RUSH|POSEY11,42,1.000000000000,Rush,139
RUSH|RICHLAND20,42,1.000000000000,Rush,139
RUSH|RIPLEY10,27,0.000026104403,Rush,139
RUSH|RIPLEY10,28,0.000016641134,Rush,139
RUSH|RIPLEY10,42,0.999957254463,Rush,139
RUSH|RIPLEY9,42,1.000000000000,Rush,139
RUSH|RUSHVILLECITY1,42,1.000000000000,Rush,139
RUSH|RUSHVILLECITY2,42,1.000000000000,Rush,139
RUSH|RUSHVILLECITY3,42,1.000000000000,Rush,139
RUSH|RUSHVILLETOWNSHIP7,42,1.000000000000,Rush,139
RUSH|RUSHVILLETOWNSHIP8,42,1.000000000000,Rush,139
RUSH|UNION18,42,1.000000000000,Rush,139
RUSH|WALKER12,42,1.000000000000,Rush,139
RUSH|WASHINGTON17,27,0.000041511271,Rush,139
RUSH|WASHINGTON17,42,0.999958488729,Rush,139
SCOTT|FINLEY1,43,0.999832995177,Scott,143
SCOTT|FINLEY1,44,0.000078451799,Scott,143
SCOTT|FINLEY1,45,0.000007659884,Scott,143
SCOTT|FINLEY1,47,0.000080893140,Scott,143
SCOTT|JENNINGS1,43,1.000000000000,Scott,143
SCOTT|JENNINGS2,43,1.000000000000,Scott,143
SCOTT|JENNINGS3,43,1.000000000000,Scott,143
SCOTT|JENNINGS4,43,1.000000000000,Scott,143
SCOTT|JENNINGS5,43,0.998648063547,Scott,143
SCOTT|JENNINGS5,44,0.001351936453,Scott,143
SCOTT|JOHNSON1,43,1.000000000000,Scott,143
SCOTT|LEXINGTON1,43,0.999898960944,Scott,143
SCOTT|LEXINGTON1,45,0.000101039056,Scott,143
SCOTT|LEXINGTON2,43,1.000000000000,Scott,143
SCOTT|LEXINGTON3,43,1.000000000000,Scott,143
SCOTT|VIENNA1,43,0.999984404306,Scott,143
SCOTT|VIENNA1,45,0.000015595694,Scott,143
SCOTT|VIENNA2,43,1.000000000000,Scott,143
SCOTT|VIENNA3,43,1.000000000000,Scott,143
SCOTT|VIENNA4,43,1.000000000000,Scott,143
SCOTT|VIENNA5,43,1.000000000000,Scott,143
SCOTT|VIENNA6,43,1.000000000000,Scott,143
SHELBY|ADDISONEAST,28,0.999892404073,Shelby,145
SHELBY|ADDISONEAST,42,0.000107595927,Shelby,145
SHELBY|ADDISONWEST,28,0.999901997757,Shelby,145
SHELBY|ADDISONWEST,42,0.000098002243,Shelby,145
SHELBY|BRANDYWINE,28,0.999978204279,Shelby,145
SHELBY|BRANDYWINE,42,0.000021795721,Shelby,145
SHELBY|BRANDYWINENW,28,1.000000000000,Shelby,145
SHELBY|BRANDYWINESHELBYVILLE,28,1.000000000000,Shelby,145
SHELBY|EAST,28,0.957707109303,Shelby,145
SHELBY|EAST,42,0.042292890697,Shelby,145
SHELBY|HANOVERNORTH,28,0.000104368799,Shelby,145
SHELBY|HANOVERNORTH,42,0.999895631201,Shelby,145
SHELBY|HANOVERSOUTH,42,1.000000000000,Shelby,145
SHELBY|HENDRICKS,28,0.000017925458,Shelby,145
SHELBY|HENDRICKS,41,0.000042845075,Shelby,145
SHELBY|HENDRICKS,42,0.999939229466,Shelby,145
SHELBY|JACKSON,41,0.000069368560,Shelby,145
SHELBY|JACKSON,42,0.999930631440,Shelby,145
SHELBY|LIBERTYEAST,42,1.000000000000,Shelby,145
SHELBY|LIBERTYWEST,28,0.000069630584,Shelby,145
SHELBY|LIBERTYWEST,42,0.999930369416,Shelby,145
SHELBY|MARION,28,0.999933130126,Shelby,145
SHELBY|MARION,42,0.000066869874,Shelby,145
SHELBY|MORALNORTH,28,0.999945717520,Shelby,145
SHELBY|MORALNORTH,32,0.000054282480,Shelby,145
SHELBY|MORALNORTHWEST,28,0.999842013647,Shelby,145
SHELBY|MORALNORTHWEST,32,0.000157986353,Shelby,145
SHELBY|MORALSOUTH,28,1.000000000000,Shelby,145
SHELBY|MORALSOUTHWEST,28,0.999792099981,Shelby,145
SHELBY|MORALSOUTHWEST,32,0.000207900019,Shelby,145
SHELBY|NOBLE,41,0.000015884689,Shelby,145
SHELBY|NOBLE,42,0.999984115311,Shelby,145
SHELBY|NORTH,28,1.000000000000,Shelby,145
SHELBY|NORTHEAST,28,0.999985744246,Shelby,145
SHELBY|NORTHEAST,42,0.000014255754,Shelby,145
SHELBY|NORTHWEST,28,1.000000000000,Shelby,145
SHELBY|SHELBYEAST,28,0.000107754740,Shelby,145
SHELBY|SHELBYEAST,42,0.999892245260,Shelby,145
SHELBY|SHELBYWEST,28,0.000014924864,Shelby,145
SHELBY|SHELBYWEST,42,0.999985075136,Shelby,145
SHELBY|SOUTH,28,0.972612907194,Shelby,145
SHELBY|SOUTH,42,0.027387092806,Shelby,145
SHELBY|SOUTHEAST,28,0.863437072798,Shelby,145
SHELBY|SOUTHEAST,42,0.136562927202,Shelby,145
SHELBY|SUGARCREEK,28,0.999929068804,Shelby,145
SHELBY|SUGARCREEK,32,0.000003126174,Shelby,145
SHELBY|SUGARCREEK,41,0.000001715107,Shelby,145
SHELBY|SUGARCREEK,42,0.000066089915,Shelby,145
SHELBY|UNION,28,0.000047123160,Shelby,145
SHELBY|UNION,42,0.999952876840,Shelby,145
SHELBY|VANBUREN,28,0.999950988048,Shelby,145
SHELBY|VANBUREN,42,0.000049011952,Shelby,145
SHELBY|VANBURENMORRISTOWN,28,1.000000000000,Shelby,145
SHELBY|WASHINGTON,41,0.000084088873,Shelby,145
SHELBY|WASHINGTON,42,0.999915911127,Shelby,145
SHELBY|WEST,28,0.999988939626,Shelby,145
SHELBY|WEST,42,0.000011060374,Shelby,145
SPENCER|CARTER1,48,1.000000000000,Spencer,147
SPENCER|CARTER2,48,0.999821070953,Spencer,147
SPENCER|CARTER2,50,0.000178929047,Spencer,147
SPENCER|CARTER3,48,0.999896212046,Spencer,147
SPENCER|CARTER3,50,0.000103787954,Spencer,147
SPENCER|CARTER4,48,1.000000000000,Spencer,147
SPENCER|CLAY1,48,1.000000000000,Spencer,147
SPENCER|CLAY2,48,1.000000000000,Spencer,147
SPENCER|CLAY3,48,1.000000000000,Spencer,147
SPENCER|GRASS1,48,1.000000000000,Spencer,147
SPENCER|GRASS2,48,0.999877595706,Spencer,147
SPENCER|GRASS2,50,0.000122404294,Spencer,147
SPENCER|HAMMOND1,48,1.000000000000,Spencer,147
SPENCER|HAMMOND2,48,1.000000000000,Spencer,147
SPENCER|HARRISON1,48,1.000000000000,Spencer,147
SPENCER|HARRISON2,48,1.000000000000,Spencer,147
SPENCER|HUFF,48,1.000000000000,Spencer,147
SPENCER|JACKSON,48,0.999414456268,Spencer,147
SPENCER|JACKSON,50,0.000585543732,Spencer,147
SPENCER|LUCE1,48,0.999986062028,Spencer,147
SPENCER|LUCE1,50,0.000013937972,Spencer,147
SPENCER|LUCE2,48,0.999986819173,Spencer,147
SPENCER|LUCE2,50,0.000013180827,Spencer,147
SPENCER|LUCE3,48,0.999901020555,Spencer,147
SPENCER|LUCE3,50,0.000098979445,Spencer,147
SPENCER|OHIO1,48,1.000000000000,Spencer,147
SPENCER|OHIO2,48,1.000000000000,Spencer,147
SPENCER|OHIO3,48,1.000000000000,Spencer,147
SPENCER|OHIO4,48,1.000000000000,Spencer,147
SPENCER|OHIO5,48,1.000000000000,Spencer,147
SPENCER|OHIO6,48,1.000000000000,Spencer,147
ST JOSEPH|100001,8,0.000081358476,St. Joseph,141
ST JOSEPH|100001,10,0.999918641524,St. Joseph,141
ST JOSEPH|100002,8,0.000012891706,St. Joseph,141
ST JOSEPH|100002,10,0.999987108294,St. Joseph,141
ST JOSEPH|100003,8,0.000026357524,St. Joseph,141
ST JOSEPH|100003,10,0.999973642476,St. Joseph,141
ST JOSEPH|100004,8,0.000073108482,St. Joseph,141
ST JOSEPH|100004,10,0.999926891518,St. Joseph,141
ST JOSEPH|10001,10,1.000000000000,St. Joseph,141
ST JOSEPH|10002,8,0.000015700038,St. Joseph,141
ST JOSEPH|10002,9,0.000188813653,St. Joseph,141
ST JOSEPH|10002,10,0.999795486309,St. Joseph,141
ST JOSEPH|10003,10,1.000000000000,St. Joseph,141
ST JOSEPH|10004,10,1.000000000000,St. Joseph,141
ST JOSEPH|10005,8,0.000173705768,St. Joseph,141
ST JOSEPH|10005,10,0.999826294232,St. Joseph,141
ST JOSEPH|110001,9,0.003667772988,St. Joseph,141
ST JOSEPH|110001,11,0.996332227012,St. Joseph,141
ST JOSEPH|110002,9,0.993263727988,St. Joseph,141
ST JOSEPH|110002,11,0.006647006344,St. Joseph,141
ST JOSEPH|110002,12,0.000089265668,St. Joseph,141
ST JOSEPH|110003,9,0.999830866236,St. Joseph,141
ST JOSEPH|110003,12,0.000169133764,St. Joseph,141
ST JOSEPH|110004,9,0.999960812866,St. Joseph,141
ST JOSEPH|110004,12,0.000039187134,St. Joseph,141
ST JOSEPH|110005,9,1.000000000000,St. Joseph,141
ST JOSEPH|110006,9,0.000951541348,St. Joseph,141
ST JOSEPH|110006,11,0.999048458652,St. Joseph,141
ST JOSEPH|110007,11,1.000000000000,St. Joseph,141
ST JOSEPH|110008,9,1.000000000000,St. Joseph,141
ST JOSEPH|110009,9,0.999964037797,St. Joseph,141
ST JOSEPH|110009,10,0.000035962203,St. Joseph,141
ST JOSEPH|110010,11,1.000000000000,St. Joseph,141
ST JOSEPH|110011,11,1.000000000000,St. Joseph,141
ST JOSEPH|110012,11,1.000000000000,St. Joseph,141
ST JOSEPH|110013,9,1.000000000000,St. Joseph,141
ST JOSEPH|110014,9,1.000000000000,St. Joseph,141
ST JOSEPH|110015,11,1.000000000000,St. Joseph,141
ST JOSEPH|110016,9,0.000086720710,St. Joseph,141
ST JOSEPH|110016,11,0.999913279290,St. Joseph,141
ST JOSEPH|110017,9,0.001831887925,St. Joseph,141
ST JOSEPH|110017,11,0.998168112075,St. Joseph,141
ST JOSEPH|120001,10,0.997911593211,St. Joseph,141
ST JOSEPH|120001,11,0.002088406789,St. Joseph,141
ST JOSEPH|120002,10,1.000000000000,St. Joseph,141
ST JOSEPH|120003,10,1.000000000000,St. Joseph,141
ST JOSEPH|120004,10,0.999883603344,St. Joseph,141
ST JOSEPH|120004,11,0.000116396656,St. Joseph,141
ST JOSEPH|120005,10,1.000000000000,St. Joseph,141
ST JOSEPH|130101,10,1.000000000000,St. Joseph,141
ST JOSEPH|130102,10,1.000000000000,St. Joseph,141
ST JOSEPH|130103,10,1.000000000000,St. Joseph,141
ST JOSEPH|130104,10,1.000000000000,St. Joseph,141
ST JOSEPH|130105,10,1.000000000000,St. Joseph,141
ST JOSEPH|130106,10,1.000000000000,St. Joseph,141
ST JOSEPH|130107,10,1.000000000000,St. Joseph,141
ST JOSEPH|130108,10,1.000000000000,St. Joseph,141
ST JOSEPH|130109,10,0.996150901640,St. Joseph,141
ST JOSEPH|130109,11,0.003849098360,St. Joseph,141
ST JOSEPH|130110,10,1.000000000000,St. Joseph,141
ST JOSEPH|130111,11,1.000000000000,St. Joseph,141
ST JOSEPH|130112,10,0.998031982898,St. Joseph,141
ST JOSEPH|130112,11,0.001968017102,St. Joseph,141
ST JOSEPH|130114,10,1.000000000000,St. Joseph,141
ST JOSEPH|130115,10,1.000000000000,St. Joseph,141
ST JOSEPH|130201,10,1.000000000000,St. Joseph,141
ST JOSEPH|130202,10,1.000000000000,St. Joseph,141
ST JOSEPH|130203,10,1.000000000000,St. Joseph,141
ST JOSEPH|130204,10,1.000000000000,St. Joseph,141
ST JOSEPH|130205,10,1.000000000000,St. Joseph,141
ST JOSEPH|130206,10,1.000000000000,St. Joseph,141
ST JOSEPH|130207,10,1.000000000000,St. Joseph,141
ST JOSEPH|130208,10,1.000000000000,St. Joseph,141
ST JOSEPH|130209,10,1.000000000000,St. Joseph,141
ST JOSEPH|130210,10,1.000000000000,St. Joseph,141
ST JOSEPH|130211,10,1.000000000000,St. Joseph,141
ST JOSEPH|130301,10,1.000000000000,St. Joseph,141
ST JOSEPH|130302,9,0.000005942027,St. Joseph,141
ST JOSEPH|130302,10,0.999994057973,St. Joseph,141
ST JOSEPH|130303,10,1.000000000000,St. Joseph,141
ST JOSEPH|130304,10,1.000000000000,St. Joseph,141
ST JOSEPH|130305,10,1.000000000000,St. Joseph,141
ST JOSEPH|130306,9,0.000023800372,St. Joseph,141
ST JOSEPH|130306,10,0.999976199628,St. Joseph,141
ST JOSEPH|130307,9,0.001345046640,St. Joseph,141
ST JOSEPH|130307,10,0.998654953360,St. Joseph,141
ST JOSEPH|130308,9,0.000116378684,St. Joseph,141
ST JOSEPH|130308,10,0.999883621316,St. Joseph,141
ST JOSEPH|130309,9,0.000011474964,St. Joseph,141
ST JOSEPH|130309,10,0.999988525036,St. Joseph,141
ST JOSEPH|130310,9,0.000106460649,St. Joseph,141
ST JOSEPH|130310,10,0.999893539351,St. Joseph,141
ST JOSEPH|130311,9,0.000080005486,St. Joseph,141
ST JOSEPH|130311,10,0.999919994514,St. Joseph,141
ST JOSEPH|130312,10,1.000000000000,St. Joseph,141
ST JOSEPH|130313,9,0.000088408149,St. Joseph,141
ST JOSEPH|130313,10,0.999911591851,St. Joseph,141
ST JOSEPH|130314,10,1.000000000000,St. Joseph,141
ST JOSEPH|130401,10,0.999929547792,St. Joseph,141
ST JOSEPH|130401,11,0.000070452208,St. Joseph,141
ST JOSEPH|130402,10,0.999920091949,St. Joseph,141
ST JOSEPH|130402,11,0.000079908051,St. Joseph,141
ST JOSEPH|130403,10,1.000000000000,St. Joseph,141
ST JOSEPH|130404,10,1.000000000000,St. Joseph,141
ST JOSEPH|130405,10,1.000000000000,St. Joseph,141
ST JOSEPH|130406,10,1.000000000000,St. Joseph,141
ST JOSEPH|130407,10,1.000000000000,St. Joseph,141
ST JOSEPH|130408,10,1.000000000000,St. Joseph,141
ST JOSEPH|130409,10,0.999961896653,St. Joseph,141
ST JOSEPH|130409,11,0.000038103347,St. Joseph,141
ST JOSEPH|130410,10,1.000000000000,St. Joseph,141
ST JOSEPH|130411,10,1.000000000000,St. Joseph,141
ST JOSEPH|130412,10,0.999890443250,St. Joseph,141
ST JOSEPH|130412,11,0.000109556750,St. Joseph,141
ST JOSEPH|130413,11,1.000000000000,St. Joseph,141
ST JOSEPH|130414,10,1.000000000000,St. Joseph,141
ST JOSEPH|130415,10,1.000000000000,St. Joseph,141
ST JOSEPH|130416,10,1.000000000000,St. Joseph,141
ST JOSEPH|130417,10,0.000126403143,St. Joseph,141
ST JOSEPH|130417,11,0.999873596857,St. Joseph,141
ST JOSEPH|130501,10,1.000000000000,St. Joseph,141
ST JOSEPH|130502,10,1.000000000000,St. Joseph,141
ST JOSEPH|130503,9,0.000149600903,St. Joseph,141
ST JOSEPH|130503,10,0.999850399097,St. Joseph,141
ST JOSEPH|130504,9,0.000147716980,St. Joseph,141
ST JOSEPH|130504,10,0.999852283020,St. Joseph,141
ST JOSEPH|130505,9,0.999653019398,St. Joseph,141
ST JOSEPH|130505,10,0.000346980602,St. Joseph,141
ST JOSEPH|130506,10,1.000000000000,St. Joseph,141
ST JOSEPH|130507,10,1.000000000000,St. Joseph,141
ST JOSEPH|130508,9,0.000068375631,St. Joseph,141
ST JOSEPH|130508,10,0.999931624369,St. Joseph,141
ST JOSEPH|130509,10,1.000000000000,St. Joseph,141
ST JOSEPH|130510,10,1.000000000000,St. Joseph,141
ST JOSEPH|130511,10,1.000000000000,St. Joseph,141
ST JOSEPH|130512,10,1.000000000000,St. Joseph,141
ST JOSEPH|130513,10,1.000000000000,St. Joseph,141
ST JOSEPH|130514,9,0.999831115362,St. Joseph,141
ST JOSEPH|130514,10,0.000168884638,St. Joseph,141
ST JOSEPH|130515,10,1.000000000000,St. Joseph,141
ST JOSEPH|130516,10,1.000000000000,St. Joseph,141
ST JOSEPH|130517,9,0.000169282109,St. Joseph,141
ST JOSEPH|130517,10,0.999830717891,St. Joseph,141
ST JOSEPH|130601,10,1.000000000000,St. Joseph,141
ST JOSEPH|130602,10,1.000000000000,St. Joseph,141
ST JOSEPH|130603,10,1.000000000000,St. Joseph,141
ST JOSEPH|130604,10,1.000000000000,St. Joseph,141
ST JOSEPH|130605,10,1.000000000000,St. Joseph,141
ST JOSEPH|130606,10,1.000000000000,St. Joseph,141
ST JOSEPH|130607,10,1.000000000000,St. Joseph,141
ST JOSEPH|130608,10,1.000000000000,St. Joseph,141
ST JOSEPH|130609,10,1.000000000000,St. Joseph,141
ST JOSEPH|130610,10,1.000000000000,St. Joseph,141
ST JOSEPH|130611,10,1.000000000000,St. Joseph,141
ST JOSEPH|130612,10,1.000000000000,St. Joseph,141
ST JOSEPH|140001,8,0.999951798967,St. Joseph,141
ST JOSEPH|140001,10,0.000048201033,St. Joseph,141
ST JOSEPH|140002,8,0.999919176959,St. Joseph,141
ST JOSEPH|140002,9,0.000077925701,St. Joseph,141
ST JOSEPH|140002,10,0.000002897340,St. Joseph,141
ST JOSEPH|140003,8,1.000000000000,St. Joseph,141
ST JOSEPH|150001,10,1.000000000000,St. Joseph,141
ST JOSEPH|150002,10,1.000000000000,St. Joseph,141
ST JOSEPH|150003,10,1.000000000000,St. Joseph,141
ST JOSEPH|150004,10,1.000000000000,St. Joseph,141
ST JOSEPH|150005,10,1.000000000000,St. Joseph,141
ST JOSEPH|150006,10,1.000000000000,St. Joseph,141
ST JOSEPH|20001,11,1.000000000000,St. Joseph,141
ST JOSEPH|20002,10,0.000188307738,St. Joseph,141
ST JOSEPH|20002,11,0.999811692262,St. Joseph,141
ST JOSEPH|20003,11,1.000000000000,St. Joseph,141
ST JOSEPH|20004,10,0.000002059389,St. Joseph,141
ST JOSEPH|20004,11,0.999997940611,St. Joseph,141
ST JOSEPH|20005,11,1.000000000000,St. Joseph,141
ST JOSEPH|20006,11,1.000000000000,St. Joseph,141
ST JOSEPH|20007,11,1.000000000000,St. Joseph,141
ST JOSEPH|20008,11,1.000000000000,St. Joseph,141
ST JOSEPH|20009,11,1.000000000000,St. Joseph,141
ST JOSEPH|20010,10,0.000006325557,St. Joseph,141
ST JOSEPH|20010,11,0.999993674443,St. Joseph,141
ST JOSEPH|20011,11,1.000000000000,St. Joseph,141
ST JOSEPH|20012,11,1.000000000000,St. Joseph,141
ST JOSEPH|20013,11,1.000000000000,St. Joseph,141
ST JOSEPH|20014,11,1.000000000000,St. Joseph,141
ST JOSEPH|20015,11,1.000000000000,St. Joseph,141
ST JOSEPH|20016,11,1.000000000000,St. Joseph,141
ST JOSEPH|20017,11,1.000000000000,St. Joseph,141
ST JOSEPH|20018,11,1.000000000000,St. Joseph,141
ST JOSEPH|20019,11,1.000000000000,St. Joseph,141
ST JOSEPH|20020,11,1.000000000000,St. Joseph,141
ST JOSEPH|20021,11,1.000000000000,St. Joseph,141
ST JOSEPH|20022,11,1.000000000000,St. Joseph,141
ST JOSEPH|20023,11,1.000000000000,St. Joseph,141
ST JOSEPH|20024,10,0.000658433067,St. Joseph,141
ST JOSEPH|20024,11,0.999341566933,St. Joseph,141
ST JOSEPH|20025,11,1.000000000000,St. Joseph,141
ST JOSEPH|30001,10,0.999639603688,St. Joseph,141
ST JOSEPH|30001,11,0.000360396312,St. Joseph,141
ST JOSEPH|30002,10,0.999578961353,St. Joseph,141
ST JOSEPH|30002,11,0.000421038647,St. Joseph,141
ST JOSEPH|30003,10,1.000000000000,St. Joseph,141
ST JOSEPH|30004,10,1.000000000000,St. Joseph,141
ST JOSEPH|40001,8,0.000147220037,St. Joseph,141
ST JOSEPH|40001,10,0.999852779963,St. Joseph,141
ST JOSEPH|40002,8,0.000073500984,St. Joseph,141
ST JOSEPH|40002,10,0.999926499016,St. Joseph,141
ST JOSEPH|40003,10,1.000000000000,St. Joseph,141
ST JOSEPH|50001,11,1.000000000000,St. Joseph,141
ST JOSEPH|50002,11,1.000000000000,St. Joseph,141
ST JOSEPH|50003,11,1.000000000000,St. Joseph,141
ST JOSEPH|50004,11,1.000000000000,St. Joseph,141
ST JOSEPH|50005,11,1.000000000000,St. Joseph,141
ST JOSEPH|50006,11,1.000000000000,St. Joseph,141
ST JOSEPH|50007,11,1.000000000000,St. Joseph,141
ST JOSEPH|50008,11,1.000000000000,St. Joseph,141
ST JOSEPH|50009,11,1.000000000000,St. Joseph,141
ST JOSEPH|50010,11,1.000000000000,St. Joseph,141
ST JOSEPH|50011,11,1.000000000000,St. Joseph,141
ST JOSEPH|50012,11,1.000000000000,St. Joseph,141
ST JOSEPH|50013,11,1.000000000000,St. Joseph,141
ST JOSEPH|50014,11,1.000000000000,St. Joseph,141
ST JOSEPH|50015,11,1.000000000000,St. Joseph,141
ST JOSEPH|50016,11,1.000000000000,St. Joseph,141
ST JOSEPH|50017,11,1.000000000000,St. Joseph,141
ST JOSEPH|60001,8,1.000000000000,St. Joseph,141
ST JOSEPH|60002,8,0.999840771932,St. Joseph,141
ST JOSEPH|60002,10,0.000159228068,St. Joseph,141
ST JOSEPH|60003,8,1.000000000000,St. Joseph,141
ST JOSEPH|70001,8,1.000000000000,St. Joseph,141
ST JOSEPH|70002,8,1.000000000000,St. Joseph,141
ST JOSEPH|70003,8,1.000000000000,St. Joseph,141
ST JOSEPH|80001,8,0.000016962028,St. Joseph,141
ST JOSEPH|80001,9,0.999974630183,St. Joseph,141
ST JOSEPH|80001,10,0.000001155433,St. Joseph,141
ST JOSEPH|80001,12,0.000007252356,St. Joseph,141
ST JOSEPH|90101,9,0.995645153284,St. Joseph,141
ST JOSEPH|90101,10,0.004354846716,St. Joseph,141
ST JOSEPH|90102,9,1.000000000000,St. Joseph,141
ST JOSEPH|90103,9,0.999973386322,St. Joseph,141
ST JOSEPH|90103,10,0.000026613678,St. Joseph,141
ST JOSEPH|90104,9,1.000000000000,St. Joseph,141
ST JOSEPH|90105,9,1.000000000000,St. Joseph,141
ST JOSEPH|90106,9,1.000000000000,St. Joseph,141
ST JOSEPH|90201,9,1.000000000000,St. Joseph,141
ST JOSEPH|90202,9,1.000000000000,St. Joseph,141
ST JOSEPH|90203,9,1.000000000000,St. Joseph,141
ST JOSEPH|90204,9,1.000000000000,St. Joseph,141
ST JOSEPH|90205,9,1.000000000000,St. Joseph,141
ST JOSEPH|90206,9,1.000000000000,St. Joseph,141
ST JOSEPH|90207,9,0.999627538613,St. Joseph,141
ST JOSEPH|90207,11,0.000372461387,St. Joseph,141
ST JOSEPH|90208,9,0.994508544245,St. Joseph,141
ST JOSEPH|90208,11,0.005491455755,St. Joseph,141
ST JOSEPH|90301,9,0.998138760944,St. Joseph,141
ST JOSEPH|90301,11,0.001861239056,St. Joseph,141
ST JOSEPH|90302,9,1.000000000000,St. Joseph,141
ST JOSEPH|90303,9,1.000000000000,St. Joseph,141
ST JOSEPH|90304,9,1.000000000000,St. Joseph,141
ST JOSEPH|90305,9,0.999930207269,St. Joseph,141
ST JOSEPH|90305,11,0.000069792731,St. Joseph,141
ST JOSEPH|90306,9,1.000000000000,St. Joseph,141
ST JOSEPH|90307,9,0.997506232580,St. Joseph,141
ST JOSEPH|90307,11,0.002493767420,St. Joseph,141
ST JOSEPH|90401,9,1.000000000000,St. Joseph,141
ST JOSEPH|90402,9,1.000000000000,St. Joseph,141
ST JOSEPH|90403,9,1.000000000000,St. Joseph,141
ST JOSEPH|90404,9,1.000000000000,St. Joseph,141
ST JOSEPH|90405,9,0.999930300433,St. Joseph,141
ST JOSEPH|90405,10,0.000069699567,St. Joseph,141
ST JOSEPH|90406,9,0.999987347281,St. Joseph,141
ST JOSEPH|90406,10,0.000007525346,St. Joseph,141
ST JOSEPH|90406,11,0.000005127373,St. Joseph,141
ST JOSEPH|90407,9,0.999424815554,St. Joseph,141
ST JOSEPH|90407,10,0.000031531566,St. Joseph,141
ST JOSEPH|90407,11,0.000543652880,St. Joseph,141
ST JOSEPH|90501,9,0.000134747427,St. Joseph,141
ST JOSEPH|90501,11,0.999865252573,St. Joseph,141
ST JOSEPH|90502,11,1.000000000000,St. Joseph,141
ST JOSEPH|90503,9,0.001895105508,St. Joseph,141
ST JOSEPH|90503,11,0.998104894492,St. Joseph,141
ST JOSEPH|90504,11,1.000000000000,St. Joseph,141
ST JOSEPH|90505,11,1.000000000000,St. Joseph,141
ST JOSEPH|90506,9,0.000026380176,St. Joseph,141
ST JOSEPH|90506,11,0.999973619824,St. Joseph,141
ST JOSEPH|90507,9,0.997238495934,St. Joseph,141
ST JOSEPH|90507,11,0.002761504066,St. Joseph,141
ST JOSEPH|90601,9,0.000039786688,St. Joseph,141
ST JOSEPH|90601,11,0.999960213312,St. Joseph,141
ST JOSEPH|90602,9,0.000030034765,St. Joseph,141
ST JOSEPH|90602,10,0.000056530940,St. Joseph,141
ST JOSEPH|90602,11,0.999913434296,St. Joseph,141
ST JOSEPH|90603,11,1.000000000000,St. Joseph,141
ST JOSEPH|90604,11,1.000000000000,St. Joseph,141
ST JOSEPH|90605,11,1.000000000000,St. Joseph,141
ST JOSEPH|90606,11,1.000000000000,St. Joseph,141
ST JOSEPH|90608,11,1.000000000000,St. Joseph,141
ST JOSEPH|NV,10,0.777722633646,St. Joseph,141
ST JOSEPH|NV,11,0.222277366354,St. Joseph,141
STARKE|CALIFORNIA1,5,0.000094609285,Starke,149
STARKE|CALIFORNIA1,8,0.999905390715,Starke,149
STARKE|CALIFORNIA2,5,0.000010512806,Starke,149
STARKE|CALIFORNIA2,8,0.999989487194,Starke,149
STARKE|CENTER1,8,1.000000000000,Starke,149
STARKE|CENTER2,8,1.000000000000,Starke,149
STARKE|CENTER3,8,1.000000000000,Starke,149
STARKE|CENTER4,8,1.000000000000,Starke,149
STARKE|CENTER5,8,1.000000000000,Starke,149
STARKE|CENTER6,8,1.000000000000,Starke,149
STARKE|DAVIS,8,1.000000000000,Starke,149
STARKE|JACKSON,8,1.000000000000,Starke,149
STARKE|NORTHBEND,5,0.000030064716,Starke,149
STARKE|NORTHBEND,8,0.999969935284,Starke,149
STARKE|OREGON1,8,1.000000000000,Starke,149
STARKE|OREGON2,8,1.000000000000,Starke,149
STARKE|OREGON3,8,1.000000000000,Starke,149
STARKE|RAILROAD,5,0.000018031540,Starke,149
STARKE|RAILROAD,8,0.999981968460,Starke,149
STARKE|WASHINGTON1,8,1.000000000000,Starke,149
STARKE|WASHINGTON2,8,1.000000000000,Starke,149
STARKE|WAYNE1,5,0.000001147302,Starke,149
STARKE|WAYNE1,8,0.999998852698,Starke,149
STARKE|WAYNE2,8,1.000000000000,Starke,149
STARKE|WAYNE3,8,1.000000000000,Starke,149
STARKE|WAYNE4,5,0.000060925682,Starke,149
STARKE|WAYNE4,8,0.999939074318,Starke,149
STEUBEN|CLEARLAKE,13,1.000000000000,Steuben,151
STEUBEN|FREMONT1,13,1.000000000000,Steuben,151
STEUBEN|FREMONT2,13,1.000000000000,Steuben,151
STEUBEN|FREMONT3,13,1.000000000000,Steuben,151
STEUBEN|JACKSON,13,1.000000000000,Steuben,151
STEUBEN|JAMESTOWN1,13,1.000000000000,Steuben,151
STEUBEN|JAMESTOWN2,13,1.000000000000,Steuben,151
STEUBEN|MILLGROVE,13,1.000000000000,Steuben,151
STEUBEN|OSTEGO1,13,0.999996174819,Steuben,151
STEUBEN|OSTEGO1,14,0.000003825181,Steuben,151
STEUBEN|OSTEGO2,13,0.999994614426,Steuben,151
STEUBEN|OSTEGO2,14,0.000005385574,Steuben,151
STEUBEN|PLEASANT1,13,1.000000000000,Steuben,151
STEUBEN|PLEASANT2,13,1.000000000000,Steuben,151
STEUBEN|PLEASANT3,13,1.000000000000,Steuben,151
STEUBEN|PLEASANT4,13,1.000000000000,Steuben,151
STEUBEN|PLEASANT5,13,1.000000000000,Steuben,151
STEUBEN|PLEASANT6,13,1.000000000000,Steuben,151
STEUBEN|PLEASANT7,13,1.000000000000,Steuben,151
STEUBEN|RICHLAND,13,0.999956038451,Steuben,151
STEUBEN|RICHLAND,14,0.000043961549,Steuben,151
STEUBEN|SALEM,13,1.000000000000,Steuben,151
STEUBEN|SCOTT,13,1.000000000000,Steuben,151
STEUBEN|STEUBEN1,13,1.000000000000,Steuben,151
STEUBEN|STEUBEN2,13,0.999994358547,Steuben,151
STEUBEN|STEUBEN2,14,0.000005641453,Steuben,151
STEUBEN|YORK,13,1.000000000000,Steuben,151
SULLIVAN|CASS1,39,1.000000000000,Sullivan,153
SULLIVAN|CASS2,38,0.000108323130,Sullivan,153
SULLIVAN|CASS2,39,0.999891676870,Sullivan,153
SULLIVAN|CURRY1,38,1.000000000000,Sullivan,153
SULLIVAN|CURRY2,38,0.999912421042,Sullivan,153
SULLIVAN|CURRY2,39,0.000087578958,Sullivan,153
SULLIVAN|CURRY3,38,0.999950777414,Sullivan,153
SULLIVAN|CURRY3,39,0.000049222586,Sullivan,153
SULLIVAN|FAIRBANKS,38,0.000115987055,Sullivan,153
SULLIVAN|FAIRBANKS,39,0.999884012945,Sullivan,153
SULLIVAN|GILL1,39,1.000000000000,Sullivan,153
SULLIVAN|GILL2,39,1.000000000000,Sullivan,153
SULLIVAN|HADDON1,39,1.000000000000,Sullivan,153
SULLIVAN|HADDON2,39,1.000000000000,Sullivan,153
SULLIVAN|HAMILTON1,39,1.000000000000,Sullivan,153
SULLIVAN|HAMILTON2,39,1.000000000000,Sullivan,153
SULLIVAN|HAMILTON3,39,1.000000000000,Sullivan,153
SULLIVAN|HAMILTON4,39,1.000000000000,Sullivan,153
SULLIVAN|HAMILTON5,39,1.000000000000,Sullivan,153
SULLIVAN|HAMILTON6,38,0.000027710491,Sullivan,153
SULLIVAN|HAMILTON6,39,0.999972289509,Sullivan,153
SULLIVAN|JACKSON1,38,0.999975784464,Sullivan,153
SULLIVAN|JACKSON1,39,0.000024215536,Sullivan,153
SULLIVAN|JACKSON2,38,0.999906818478,Sullivan,153
SULLIVAN|JACKSON2,39,0.000093181522,Sullivan,153
SULLIVAN|JEFFERSON,39,1.000000000000,Sullivan,153
SULLIVAN|TURMAN,39,1.000000000000,Sullivan,153
SWITZERLAND|COTTON1,43,1.000000000000,Switzerland,155
SWITZERLAND|COTTON2,43,1.000000000000,Switzerland,155
SWITZERLAND|CRAIG1,43,1.000000000000,Switzerland,155
SWITZERLAND|CRAIG2,43,1.000000000000,Switzerland,155
SWITZERLAND|JEFFERSON1,43,1.000000000000,Switzerland,155
SWITZERLAND|JEFFERSON2,43,1.000000000000,Switzerland,155
SWITZERLAND|JEFFERSON3,43,1.000000000000,Switzerland,155
SWITZERLAND|PLEASANT1,43,1.000000000000,Switzerland,155
SWITZERLAND|PLEASANT2,42,0.000003947044,Switzerland,155
SWITZERLAND|PLEASANT2,43,0.999996052956,Switzerland,155
SWITZERLAND|POSEY1,43,1.000000000000,Switzerland,155
SWITZERLAND|POSEY2,43,1.000000000000,Switzerland,155
SWITZERLAND|YORK,43,1.000000000000,Switzerland,155
TIPPECANOE|FAIRFIELD1,22,0.999843732368,Tippecanoe,157
TIPPECANOE|FAIRFIELD1,23,0.000156267632,Tippecanoe,157
TIPPECANOE|FAIRFIELD10,22,1.000000000000,Tippecanoe,157
TIPPECANOE|FAIRFIELD11,22,1.000000000000,Tippecanoe,157
TIPPECANOE|FAIRFIELD12,22,1.000000000000,Tippecanoe,157
TIPPECANOE|FAIRFIELD13,22,1.000000000000,Tippecanoe,157
TIPPECANOE|FAIRFIELD14,22,1.000000000000,Tippecanoe,157
TIPPECANOE|FAIRFIELD15,22,1.000000000000,Tippecanoe,157
TIPPECANOE|FAIRFIELD16,22,1.000000000000,Tippecanoe,157
TIPPECANOE|FAIRFIELD17,22,1.000000000000,Tippecanoe,157
TIPPECANOE|FAIRFIELD18,22,1.000000000000,Tippecanoe,157
TIPPECANOE|FAIRFIELD19,22,1.000000000000,Tippecanoe,157
TIPPECANOE|FAIRFIELD2,22,1.000000000000,Tippecanoe,157
TIPPECANOE|FAIRFIELD20,22,1.000000000000,Tippecanoe,157
TIPPECANOE|FAIRFIELD21,22,1.000000000000,Tippecanoe,157
TIPPECANOE|FAIRFIELD22,22,1.000000000000,Tippecanoe,157
TIPPECANOE|FAIRFIELD23,22,1.000000000000,Tippecanoe,157
TIPPECANOE|FAIRFIELD24,22,1.000000000000,Tippecanoe,157
TIPPECANOE|FAIRFIELD25,22,1.000000000000,Tippecanoe,157
TIPPECANOE|FAIRFIELD26,22,1.000000000000,Tippecanoe,157
TIPPECANOE|FAIRFIELD27,22,1.000000000000,Tippecanoe,157
TIPPECANOE|FAIRFIELD28,22,1.000000000000,Tippecanoe,157
TIPPECANOE|FAIRFIELD29,22,1.000000000000,Tippecanoe,157
TIPPECANOE|FAIRFIELD3,22,1.000000000000,Tippecanoe,157
TIPPECANOE|FAIRFIELD30,22,1.000000000000,Tippecanoe,157
TIPPECANOE|FAIRFIELD31,22,1.000000000000,Tippecanoe,157
TIPPECANOE|FAIRFIELD32,22,1.000000000000,Tippecanoe,157
TIPPECANOE|FAIRFIELD33,22,1.000000000000,Tippecanoe,157
TIPPECANOE|FAIRFIELD34,22,1.000000000000,Tippecanoe,157
TIPPECANOE|FAIRFIELD35,22,1.000000000000,Tippecanoe,157
TIPPECANOE|FAIRFIELD36,22,0.999999923524,Tippecanoe,157
TIPPECANOE|FAIRFIELD36,23,0.000000076476,Tippecanoe,157
TIPPECANOE|FAIRFIELD37NV,22,1.000000000000,Tippecanoe,157
TIPPECANOE|FAIRFIELD4,22,1.000000000000,Tippecanoe,157
TIPPECANOE|FAIRFIELD5,22,1.000000000000,Tippecanoe,157
TIPPECANOE|FAIRFIELD6,22,1.000000000000,Tippecanoe,157
TIPPECANOE|FAIRFIELD7,22,1.000000000000,Tippecanoe,157
TIPPECANOE|FAIRFIELD8,22,1.000000000000,Tippecanoe,157
TIPPECANOE|FAIRFIELD9,22,1.000000000000,Tippecanoe,157
TIPPECANOE|JACKSON1,23,1.000000000000,Tippecanoe,157
TIPPECANOE|LAURAMIE1,7,0.000010784327,Tippecanoe,157
TIPPECANOE|LAURAMIE1,22,0.999964494561,Tippecanoe,157
TIPPECANOE|LAURAMIE1,23,0.000024721112,Tippecanoe,157
TIPPECANOE|LAURAMIE2,7,0.000122780410,Tippecanoe,157
TIPPECANOE|LAURAMIE2,22,0.997538742370,Tippecanoe,157
TIPPECANOE|LAURAMIE2,23,0.002338477220,Tippecanoe,157
TIPPECANOE|PERRY1,22,1.000000000000,Tippecanoe,157
TIPPECANOE|PERRY2,22,1.000000000000,Tippecanoe,157
TIPPECANOE|PERRY3,22,1.000000000000,Tippecanoe,157
TIPPECANOE|PERRY4,7,0.000018186199,Tippecanoe,157
TIPPECANOE|PERRY4,22,0.999981813801,Tippecanoe,157
TIPPECANOE|PERRY5,22,1.000000000000,Tippecanoe,157
TIPPECANOE|PERRY6,22,1.000000000000,Tippecanoe,157
TIPPECANOE|RANDOLPH1,7,0.000007839073,Tippecanoe,157
TIPPECANOE|RANDOLPH1,22,0.000034008828,Tippecanoe,157
TIPPECANOE|RANDOLPH1,23,0.999958152098,Tippecanoe,157
TIPPECANOE|SHEFFIELD1,22,1.000000000000,Tippecanoe,157
TIPPECANOE|SHEFFIELD2,7,0.000006919546,Tippecanoe,157
TIPPECANOE|SHEFFIELD2,22,0.999993080454,Tippecanoe,157
TIPPECANOE|SHEFFIELD3,22,1.000000000000,Tippecanoe,157
TIPPECANOE|SHEFFIELD4NV,22,1.000000000000,Tippecanoe,157
TIPPECANOE|SHELBY1,5,0.000012593545,Tippecanoe,157
TIPPECANOE|SHELBY1,6,0.000044446830,Tippecanoe,157
TIPPECANOE|SHELBY1,23,0.999942959625,Tippecanoe,157
TIPPECANOE|SHELBY2,23,1.000000000000,Tippecanoe,157
TIPPECANOE|TIPPECANOE1,5,0.000038145496,Tippecanoe,157
TIPPECANOE|TIPPECANOE1,22,0.999961854504,Tippecanoe,157
TIPPECANOE|TIPPECANOE2,5,0.000004212666,Tippecanoe,157
TIPPECANOE|TIPPECANOE2,22,0.999995787334,Tippecanoe,157
TIPPECANOE|TIPPECANOE3,5,0.000026464584,Tippecanoe,157
TIPPECANOE|TIPPECANOE3,22,0.999973535416,Tippecanoe,157
TIPPECANOE|TIPPECANOE4,22,1.000000000000,Tippecanoe,157
TIPPECANOE|TIPPECANOE5,22,0.999993687230,Tippecanoe,157
TIPPECANOE|TIPPECANOE5,23,0.000006312770,Tippecanoe,157
TIPPECANOE|TIPPECANOE6,22,0.999928864778,Tippecanoe,157
TIPPECANOE|TIPPECANOE6,23,0.000071135222,Tippecanoe,157
TIPPECANOE|TIPPECANOE7,22,0.999784357844,Tippecanoe,157
TIPPECANOE|TIPPECANOE7,23,0.000215642156,Tippecanoe,157
TIPPECANOE|UNION1,22,0.000026008554,Tippecanoe,157
TIPPECANOE|UNION1,23,0.999973991446,Tippecanoe,157
TIPPECANOE|WABASH1,5,0.000055636518,Tippecanoe,157
TIPPECANOE|WABASH1,22,0.002435398616,Tippecanoe,157
TIPPECANOE|WABASH1,23,0.997508964866,Tippecanoe,157
TIPPECANOE|WABASH10,23,1.000000000000,Tippecanoe,157
TIPPECANOE|WABASH11,23,1.000000000000,Tippecanoe,157
TIPPECANOE|WABASH12,23,1.000000000000,Tippecanoe,157
TIPPECANOE|WABASH13,23,1.000000000000,Tippecanoe,157
TIPPECANOE|WABASH14,23,1.000000000000,Tippecanoe,157
TIPPECANOE|WABASH15,23,1.000000000000,Tippecanoe,157
TIPPECANOE|WABASH16,23,1.000000000000,Tippecanoe,157
TIPPECANOE|WABASH17,23,1.000000000000,Tippecanoe,157
TIPPECANOE|WABASH18,23,1.000000000000,Tippecanoe,157
TIPPECANOE|WABASH19,23,1.000000000000,Tippecanoe,157
TIPPECANOE|WABASH2,22,0.000115693590,Tippecanoe,157
TIPPECANOE|WABASH2,23,0.999884306410,Tippecanoe,157
TIPPECANOE|WABASH20,23,1.000000000000,Tippecanoe,157
TIPPECANOE|WABASH21,23,1.000000000000,Tippecanoe,157
TIPPECANOE|WABASH22,23,1.000000000000,Tippecanoe,157
TIPPECANOE|WABASH23,23,1.000000000000,Tippecanoe,157
TIPPECANOE|WABASH24,23,1.000000000000,Tippecanoe,157
TIPPECANOE|WABASH25,23,1.000000000000,Tippecanoe,157
TIPPECANOE|WABASH26,23,1.000000000000,Tippecanoe,157
TIPPECANOE|WABASH27,23,1.000000000000,Tippecanoe,157
TIPPECANOE|WABASH28,23,1.000000000000,Tippecanoe,157
TIPPECANOE|WABASH29,23,1.000000000000,Tippecanoe,157
TIPPECANOE|WABASH3,22,0.001793538059,Tippecanoe,157
TIPPECANOE|WABASH3,23,0.998206461941,Tippecanoe,157
TIPPECANOE|WABASH30,23,1.000000000000,Tippecanoe,157
TIPPECANOE|WABASH31,22,0.038316799774,Tippecanoe,157
TIPPECANOE|WABASH31,23,0.961683200226,Tippecanoe,157
TIPPECANOE|WABASH4,23,1.000000000000,Tippecanoe,157
TIPPECANOE|WABASH5,23,1.000000000000,Tippecanoe,157
TIPPECANOE|WABASH6,22,0.016131487807,Tippecanoe,157
TIPPECANOE|WABASH6,23,0.983868512193,Tippecanoe,157
TIPPECANOE|WABASH7,23,1.000000000000,Tippecanoe,157
TIPPECANOE|WABASH8,23,1.000000000000,Tippecanoe,157
TIPPECANOE|WABASH9,23,1.000000000000,Tippecanoe,157
TIPPECANOE|WASHINGTON1,22,1.000000000000,Tippecanoe,157
TIPPECANOE|WASHINGTON2,22,1.000000000000,Tippecanoe,157
TIPPECANOE|WAYNE1,23,1.000000000000,Tippecanoe,157
TIPPECANOE|WEA1,22,1.000000000000,Tippecanoe,157
TIPPECANOE|WEA10,22,1.000000000000,Tippecanoe,157
TIPPECANOE|WEA11,22,1.000000000000,Tippecanoe,157
TIPPECANOE|WEA12,22,1.000000000000,Tippecanoe,157
TIPPECANOE|WEA13,22,0.999806295771,Tippecanoe,157
TIPPECANOE|WEA13,23,0.000193704229,Tippecanoe,157
TIPPECANOE|WEA14,22,1.000000000000,Tippecanoe,157
TIPPECANOE|WEA15,22,1.000000000000,Tippecanoe,157
TIPPECANOE|WEA16,22,1.000000000000,Tippecanoe,157
TIPPECANOE|WEA17,22,1.000000000000,Tippecanoe,157
TIPPECANOE|WEA18,22,1.000000000000,Tippecanoe,157
TIPPECANOE|WEA19,22,1.000000000000,Tippecanoe,157
TIPPECANOE|WEA2,22,1.000000000000,Tippecanoe,157
TIPPECANOE|WEA20,22,1.000000000000,Tippecanoe,157
TIPPECANOE|WEA21,22,0.999898505971,Tippecanoe,157
TIPPECANOE|WEA21,23,0.000101494029,Tippecanoe,157
TIPPECANOE|WEA3,22,1.000000000000,Tippecanoe,157
TIPPECANOE|WEA4,22,1.000000000000,Tippecanoe,157
TIPPECANOE|WEA5,22,1.000000000000,Tippecanoe,157
TIPPECANOE|WEA6,22,1.000000000000,Tippecanoe,157
TIPPECANOE|WEA7,22,0.999425655578,Tippecanoe,157
TIPPECANOE|WEA7,23,0.000574344422,Tippecanoe,157
TIPPECANOE|WEA8,22,1.000000000000,Tippecanoe,157
TIPPECANOE|WEA9,22,1.000000000000,Tippecanoe,157
TIPTON|CICERO1,21,1.000000000000,Tipton,159
TIPTON|CICERO2,21,1.000000000000,Tipton,159
TIPTON|CICERO3,21,1.000000000000,Tipton,159
TIPTON|CICERO4,21,1.000000000000,Tipton,159
TIPTON|CICERO5,21,1.000000000000,Tipton,159
TIPTON|CICERO6,21,0.999985079997,Tipton,159
TIPTON|CICERO6,25,0.000014920003,Tipton,159
TIPTON|CICERO7,21,0.999957983780,Tipton,159
TIPTON|CICERO7,25,0.000042016220,Tipton,159
TIPTON|JEFFERSON1,21,1.000000000000,Tipton,159
TIPTON|JEFFERSON2,7,0.000020295876,Tipton,159
TIPTON|JEFFERSON2,21,0.999979704124,Tipton,159
TIPTON|LIBERTY1,21,1.000000000000,Tipton,159
TIPTON|LIBERTY2,21,1.000000000000,Tipton,159
TIPTON|MADISON1,21,0.999988188352,Tipton,159
TIPTON|MADISON1,25,0.000011811648,Tipton,159
TIPTON|MADISON2,21,0.999853977227,Tipton,159
TIPTON|MADISON2,25,0.000146022773,Tipton,159
TIPTON|PRAIRIE1,7,0.000004432524,Tipton,159
TIPTON|PRAIRIE1,21,0.999995567476,Tipton,159
TIPTON|WILDCAT1,17,0.000006463407,Tipton,159
TIPTON|WILDCAT1,18,0.000064079543,Tipton,159
TIPTON|WILDCAT1,21,0.999898847067,Tipton,159
TIPTON|WILDCAT1,25,0.000030609984,Tipton,159
UNION|BROWNSVILLE,27,0.999922883173,Union,161
UNION|BROWNSVILLE,42,0.000077116827,Union,161
UNION|CENTER,27,1.000000000000,Union,161
UNION|CENTER1,27,1.000000000000,Union,161
UNION|CENTER2,27,1.000000000000,Union,161
UNION|CENTER3,27,1.000000000000,Union,161
UNION|HARMONY,27,0.999989593024,Union,161
UNION|HARMONY,42,0.000010406976,Union,161
UNION|HARRISON,27,1.000000000000,Union,161
UNION|LIBERTY,27,0.999943492799,Union,161
UNION|LIBERTY,42,0.000056507201,Union,161
UNION|UNION,27,1.000000000000,Union,161
UNION|WESTCOLLEGECORNER,27,1.000000000000,Union,161
VANDERBURGH|ARMSTRONGPRECINCT1,48,0.000010814245,Vanderburgh,163
VANDERBURGH|ARMSTRONGPRECINCT1,49,0.999989185755,Vanderburgh,163
VANDERBURGH|CENTERPRECINCT1,49,0.000054837239,Vanderburgh,163
VANDERBURGH|CENTERPRECINCT1,50,0.999945162761,Vanderburgh,163
VANDERBURGH|CENTERPRECINCT10,49,1.000000000000,Vanderburgh,163
VANDERBURGH|CENTERPRECINCT11,49,0.000031287849,Vanderburgh,163
VANDERBURGH|CENTERPRECINCT11,50,0.999968712151,Vanderburgh,163
VANDERBURGH|CENTERPRECINCT12,50,1.000000000000,Vanderburgh,163
VANDERBURGH|CENTERPRECINCT13,50,1.000000000000,Vanderburgh,163
VANDERBURGH|CENTERPRECINCT14,49,0.000006103514,Vanderburgh,163
VANDERBURGH|CENTERPRECINCT14,50,0.999993896486,Vanderburgh,163
VANDERBURGH|CENTERPRECINCT15,49,0.999887413601,Vanderburgh,163
VANDERBURGH|CENTERPRECINCT15,50,0.000112586399,Vanderburgh,163
VANDERBURGH|CENTERPRECINCT2,49,1.000000000000,Vanderburgh,163
VANDERBURGH|CENTERPRECINCT3,49,0.999430076949,Vanderburgh,163
VANDERBURGH|CENTERPRECINCT3,50,0.000569923051,Vanderburgh,163
VANDERBURGH|CENTERPRECINCT4,50,1.000000000000,Vanderburgh,163
VANDERBURGH|CENTERPRECINCT5,49,0.000366261056,Vanderburgh,163
VANDERBURGH|CENTERPRECINCT5,50,0.999633738944,Vanderburgh,163
VANDERBURGH|CENTERPRECINCT6,49,1.000000000000,Vanderburgh,163
VANDERBURGH|CENTERPRECINCT7,49,1.000000000000,Vanderburgh,163
VANDERBURGH|CENTERPRECINCT8,49,1.000000000000,Vanderburgh,163
VANDERBURGH|CENTERPRECINCT9,49,1.000000000000,Vanderburgh,163
VANDERBURGH|GERMANPRECINCT1,49,1.000000000000,Vanderburgh,163
VANDERBURGH|GERMANPRECINCT2,49,1.000000000000,Vanderburgh,163
VANDERBURGH|GERMANPRECINCT3,49,1.000000000000,Vanderburgh,163
VANDERBURGH|GERMANPRECINCT4,49,1.000000000000,Vanderburgh,163
VANDERBURGH|GERMANPRECINCT5,49,1.000000000000,Vanderburgh,163
VANDERBURGH|GERMANPRECINCT6,49,1.000000000000,Vanderburgh,163
VANDERBURGH|GERMANPRECINCT7,49,1.000000000000,Vanderburgh,163
VANDERBURGH|KNIGHTPRECINCT1,49,0.000200986003,Vanderburgh,163
VANDERBURGH|KNIGHTPRECINCT1,50,0.999799013997,Vanderburgh,163
VANDERBURGH|KNIGHTPRECINCT2,50,1.000000000000,Vanderburgh,163
VANDERBURGH|KNIGHTPRECINCT3,50,1.000000000000,Vanderburgh,163
VANDERBURGH|KNIGHTPRECINCT4,50,1.000000000000,Vanderburgh,163
VANDERBURGH|PERRYPRECINCT1,49,1.000000000000,Vanderburgh,163
VANDERBURGH|PERRYPRECINCT10,49,1.000000000000,Vanderburgh,163
VANDERBURGH|PERRYPRECINCT2,49,1.000000000000,Vanderburgh,163
VANDERBURGH|PERRYPRECINCT3,49,1.000000000000,Vanderburgh,163
VANDERBURGH|PERRYPRECINCT4,49,1.000000000000,Vanderburgh,163
VANDERBURGH|PERRYPRECINCT5,49,1.000000000000,Vanderburgh,163
VANDERBURGH|PERRYPRECINCT6,49,1.000000000000,Vanderburgh,163
VANDERBURGH|PERRYPRECINCT7,49,1.000000000000,Vanderburgh,163
VANDERBURGH|PERRYPRECINCT8,49,1.000000000000,Vanderburgh,163
VANDERBURGH|PERRYPRECINCT9,49,1.000000000000,Vanderburgh,163
VANDERBURGH|PIGEONPRECINCT1NV,49,1.000000000000,Vanderburgh,163
VANDERBURGH|PIGEONPRECINCT2,49,1.000000000000,Vanderburgh,163
VANDERBURGH|PIGEONPRECINCT3,49,0.999663656929,Vanderburgh,163
VANDERBURGH|PIGEONPRECINCT3,50,0.000336343071,Vanderburgh,163
VANDERBURGH|SCOTTPRECINCT1,49,0.999715271444,Vanderburgh,163
VANDERBURGH|SCOTTPRECINCT1,50,0.000284728556,Vanderburgh,163
VANDERBURGH|SCOTTPRECINCT2,48,0.000037188622,Vanderburgh,163
VANDERBURGH|SCOTTPRECINCT2,49,0.999936113779,Vanderburgh,163
VANDERBURGH|SCOTTPRECINCT2,50,0.000026697599,Vanderburgh,163
VANDERBURGH|SCOTTPRECINCT3,48,0.000006050994,Vanderburgh,163
VANDERBURGH|SCOTTPRECINCT3,49,0.999993949006,Vanderburgh,163
VANDERBURGH|SCOTTPRECINCT4,49,1.000000000000,Vanderburgh,163
VANDERBURGH|SCOTTPRECINCT5,49,0.999980392439,Vanderburgh,163
VANDERBURGH|SCOTTPRECINCT5,50,0.000019607561,Vanderburgh,163
VANDERBURGH|SCOTTPRECINCT6,49,1.000000000000,Vanderburgh,163
VANDERBURGH|UNIONPRECINCT1,49,1.000000000000,Vanderburgh,163
VANDERBURGH|WARD1PRECINCT1,50,1.000000000000,Vanderburgh,163
VANDERBURGH|WARD1PRECINCT10,50,1.000000000000,Vanderburgh,163
VANDERBURGH|WARD1PRECINCT13,50,1.000000000000,Vanderburgh,163
VANDERBURGH|WARD1PRECINCT14,50,1.000000000000,Vanderburgh,163
VANDERBURGH|WARD1PRECINCT15,50,1.000000000000,Vanderburgh,163
VANDERBURGH|WARD1PRECINCT16,50,1.000000000000,Vanderburgh,163
VANDERBURGH|WARD1PRECINCT17,50,1.000000000000,Vanderburgh,163
VANDERBURGH|WARD1PRECINCT18,50,1.000000000000,Vanderburgh,163
VANDERBURGH|WARD1PRECINCT4,50,1.000000000000,Vanderburgh,163
VANDERBURGH|WARD1PRECINCT5,50,1.000000000000,Vanderburgh,163
VANDERBURGH|WARD1PRECINCT6,50,1.000000000000,Vanderburgh,163
VANDERBURGH|WARD1PRECINCT7,50,1.000000000000,Vanderburgh,163
VANDERBURGH|WARD1PRECINCT8,50,1.000000000000,Vanderburgh,163
VANDERBURGH|WARD1PRECINCT9,50,1.000000000000,Vanderburgh,163
VANDERBURGH|WARD2PRECINCT1,50,1.000000000000,Vanderburgh,163
VANDERBURGH|WARD2PRECINCT10,49,0.003637008951,Vanderburgh,163
VANDERBURGH|WARD2PRECINCT10,50,0.996362991049,Vanderburgh,163
VANDERBURGH|WARD2PRECINCT12,50,1.000000000000,Vanderburgh,163
VANDERBURGH|WARD2PRECINCT13,49,0.999815882870,Vanderburgh,163
VANDERBURGH|WARD2PRECINCT13,50,0.000184117130,Vanderburgh,163
VANDERBURGH|WARD2PRECINCT14,50,1.000000000000,Vanderburgh,163
VANDERBURGH|WARD2PRECINCT15,49,0.002163520373,Vanderburgh,163
VANDERBURGH|WARD2PRECINCT15,50,0.997836479627,Vanderburgh,163
VANDERBURGH|WARD2PRECINCT17,49,0.000389566197,Vanderburgh,163
VANDERBURGH|WARD2PRECINCT17,50,0.999610433803,Vanderburgh,163
VANDERBURGH|WARD2PRECINCT2,50,1.000000000000,Vanderburgh,163
VANDERBURGH|WARD2PRECINCT3,50,1.000000000000,Vanderburgh,163
VANDERBURGH|WARD2PRECINCT4,50,1.000000000000,Vanderburgh,163
VANDERBURGH|WARD2PRECINCT5,49,0.996460168966,Vanderburgh,163
VANDERBURGH|WARD2PRECINCT5,50,0.003539831034,Vanderburgh,163
VANDERBURGH|WARD2PRECINCT7,49,0.999787289581,Vanderburgh,163
VANDERBURGH|WARD2PRECINCT7,50,0.000212710419,Vanderburgh,163
VANDERBURGH|WARD2PRECINCT8,49,0.000204619111,Vanderburgh,163
VANDERBURGH|WARD2PRECINCT8,50,0.999795380889,Vanderburgh,163
VANDERBURGH|WARD2PRECINCT9,49,0.000139342885,Vanderburgh,163
VANDERBURGH|WARD2PRECINCT9,50,0.999860657115,Vanderburgh,163
VANDERBURGH|WARD3PRECINCT10,49,1.000000000000,Vanderburgh,163
VANDERBURGH|WARD3PRECINCT11,49,0.000007777390,Vanderburgh,163
VANDERBURGH|WARD3PRECINCT11,50,0.999992222610,Vanderburgh,163
VANDERBURGH|WARD3PRECINCT12,49,0.999796730247,Vanderburgh,163
VANDERBURGH|WARD3PRECINCT12,50,0.000203269753,Vanderburgh,163
VANDERBURGH|WARD3PRECINCT13,49,1.000000000000,Vanderburgh,163
VANDERBURGH|WARD3PRECINCT14,49,0.999955690564,Vanderburgh,163
VANDERBURGH|WARD3PRECINCT14,50,0.000044309436,Vanderburgh,163
VANDERBURGH|WARD3PRECINCT16,50,1.000000000000,Vanderburgh,163
VANDERBURGH|WARD3PRECINCT17,50,1.000000000000,Vanderburgh,163
VANDERBURGH|WARD3PRECINCT2,49,1.000000000000,Vanderburgh,163
VANDERBURGH|WARD3PRECINCT3,49,1.000000000000,Vanderburgh,163
VANDERBURGH|WARD3PRECINCT4,49,0.999955436156,Vanderburgh,163
VANDERBURGH|WARD3PRECINCT4,50,0.000044563844,Vanderburgh,163
VANDERBURGH|WARD3PRECINCT6,49,0.000042465892,Vanderburgh,163
VANDERBURGH|WARD3PRECINCT6,50,0.999957534108,Vanderburgh,163
VANDERBURGH|WARD3PRECINCT7,49,1.000000000000,Vanderburgh,163
VANDERBURGH|WARD3PRECINCT8,49,0.999199035495,Vanderburgh,163
VANDERBURGH|WARD3PRECINCT8,50,0.000800964505,Vanderburgh,163
VANDERBURGH|WARD3PRECINCT9,49,0.000952504578,Vanderburgh,163
VANDERBURGH|WARD3PRECINCT9,50,0.999047495422,Vanderburgh,163
VANDERBURGH|WARD4PRECINCT1,49,1.000000000000,Vanderburgh,163
VANDERBURGH|WARD4PRECINCT10,49,0.999531396066,Vanderburgh,163
VANDERBURGH|WARD4PRECINCT10,50,0.000468603934,Vanderburgh,163
VANDERBURGH|WARD4PRECINCT11,49,1.000000000000,Vanderburgh,163
VANDERBURGH|WARD4PRECINCT12,49,1.000000000000,Vanderburgh,163
VANDERBURGH|WARD4PRECINCT13,49,1.000000000000,Vanderburgh,163
VANDERBURGH|WARD4PRECINCT14,49,0.999996640093,Vanderburgh,163
VANDERBURGH|WARD4PRECINCT14,50,0.000003359907,Vanderburgh,163
VANDERBURGH|WARD4PRECINCT15,49,0.999543690801,Vanderburgh,163
VANDERBURGH|WARD4PRECINCT15,50,0.000456309199,Vanderburgh,163
VANDERBURGH|WARD4PRECINCT16,49,0.999946229668,Vanderburgh,163
VANDERBURGH|WARD4PRECINCT16,50,0.000053770332,Vanderburgh,163
VANDERBURGH|WARD4PRECINCT17,49,1.000000000000,Vanderburgh,163
VANDERBURGH|WARD4PRECINCT2,49,1.000000000000,Vanderburgh,163
VANDERBURGH|WARD4PRECINCT3,49,1.000000000000,Vanderburgh,163
VANDERBURGH|WARD4PRECINCT4,49,1.000000000000,Vanderburgh,163
VANDERBURGH|WARD4PRECINCT5,49,1.000000000000,Vanderburgh,163
VANDERBURGH|WARD4PRECINCT6,49,1.000000000000,Vanderburgh,163
VANDERBURGH|WARD4PRECINCT7,49,1.000000000000,Vanderburgh,163
VANDERBURGH|WARD4PRECINCT8,49,1.000000000000,Vanderburgh,163
VANDERBURGH|WARD4PRECINCT9,49,1.000000000000,Vanderburgh,163
VANDERBURGH|WARD5PRECINCT1,49,1.000000000000,Vanderburgh,163
VANDERBURGH|WARD5PRECINCT11,49,0.998337105163,Vanderburgh,163
VANDERBURGH|WARD5PRECINCT11,50,0.001662894837,Vanderburgh,163
VANDERBURGH|WARD5PRECINCT12,49,1.000000000000,Vanderburgh,163
VANDERBURGH|WARD5PRECINCT13,49,1.000000000000,Vanderburgh,163
VANDERBURGH|WARD5PRECINCT14,49,0.999876574721,Vanderburgh,163
VANDERBURGH|WARD5PRECINCT14,50,0.000123425279,Vanderburgh,163
VANDERBURGH|WARD5PRECINCT15,49,1.000000000000,Vanderburgh,163
VANDERBURGH|WARD5PRECINCT16,49,1.000000000000,Vanderburgh,163
VANDERBURGH|WARD5PRECINCT2,49,0.000461729284,Vanderburgh,163
VANDERBURGH|WARD5PRECINCT2,50,0.999538270716,Vanderburgh,163
VANDERBURGH|WARD5PRECINCT3,50,1.000000000000,Vanderburgh,163
VANDERBURGH|WARD5PRECINCT4,50,1.000000000000,Vanderburgh,163
VANDERBURGH|WARD5PRECINCT5,50,1.000000000000,Vanderburgh,163
VANDERBURGH|WARD5PRECINCT6,50,1.000000000000,Vanderburgh,163
VANDERBURGH|WARD5PRECINCT8,49,1.000000000000,Vanderburgh,163
VANDERBURGH|WARD5PRECINCT9,49,1.000000000000,Vanderburgh,163
VANDERBURGH|WARD6PRECINCT0NV,49,1.000000000000,Vanderburgh,163
VANDERBURGH|WARD6PRECINCT1,49,1.000000000000,Vanderburgh,163
VANDERBURGH|WARD6PRECINCT11,49,1.000000000000,Vanderburgh,163
VANDERBURGH|WARD6PRECINCT12,49,1.000000000000,Vanderburgh,163
VANDERBURGH|WARD6PRECINCT13,49,1.000000000000,Vanderburgh,163
VANDERBURGH|WARD6PRECINCT14,49,1.000000000000,Vanderburgh,163
VANDERBURGH|WARD6PRECINCT15,49,1.000000000000,Vanderburgh,163
VANDERBURGH|WARD6PRECINCT16,49,1.000000000000,Vanderburgh,163
VANDERBURGH|WARD6PRECINCT17,49,1.000000000000,Vanderburgh,163
VANDERBURGH|WARD6PRECINCT2,49,1.000000000000,Vanderburgh,163
VANDERBURGH|WARD6PRECINCT3,49,1.000000000000,Vanderburgh,163
VANDERBURGH|WARD6PRECINCT4,49,1.000000000000,Vanderburgh,163
VANDERBURGH|WARD6PRECINCT5,49,1.000000000000,Vanderburgh,163
VANDERBURGH|WARD6PRECINCT7,49,1.000000000000,Vanderburgh,163
VANDERBURGH|WARD6PRECINCT8,49,1.000000000000,Vanderburgh,163
VANDERBURGH|WARD6PRECINCT9,49,1.000000000000,Vanderburgh,163
VERMILLION|CAYUGA,23,1.000000000000,Vermillion,165
VERMILLION|CLINTONCITY1,23,1.000000000000,Vermillion,165
VERMILLION|CLINTONCITY2,23,1.000000000000,Vermillion,165
VERMILLION|CLINTONCITY3,23,1.000000000000,Vermillion,165
VERMILLION|CLINTONCITY4,23,1.000000000000,Vermillion,165
VERMILLION|CLINTONTOWNSHIP1,23,1.000000000000,Vermillion,165
VERMILLION|CLINTONTOWNSHIP2,23,1.000000000000,Vermillion,165
VERMILLION|CLINTONTOWNSHIP3,23,0.999845522749,Vermillion,165
VERMILLION|CLINTONTOWNSHIP3,38,0.000154477251,Vermillion,165
VERMILLION|DANA,23,1.000000000000,Vermillion,165
VERMILLION|EASTHELT,23,1.000000000000,Vermillion,165
VERMILLION|EUGENE,23,1.000000000000,Vermillion,165
VERMILLION|FAIRVIEW1,23,1.000000000000,Vermillion,165
VERMILLION|FAIRVIEW2,23,1.000000000000,Vermillion,165
VERMILLION|HIGHLAND,23,1.000000000000,Vermillion,165
VERMILLION|STBERNICE,23,1.000000000000,Vermillion,165
VERMILLION|VERMILLION1,23,1.000000000000,Vermillion,165
VERMILLION|VERMILLION2,23,1.000000000000,Vermillion,165
VIGO|A,38,1.000000000000,Vigo,167
VIGO|APRAIRIETON,38,1.000000000000,Vigo,167
VIGO|B,38,1.000000000000,Vigo,167
VIGO|C,38,1.000000000000,Vigo,167
VIGO|D,38,1.000000000000,Vigo,167
VIGO|E,38,1.000000000000,Vigo,167
VIGO|F,38,1.000000000000,Vigo,167
VIGO|FAYETTEA,23,0.000103129702,Vigo,167
VIGO|FAYETTEA,38,0.999896870298,Vigo,167
VIGO|FAYETTEB,23,0.000012465669,Vigo,167
VIGO|FAYETTEB,38,0.999987534331,Vigo,167
VIGO|G,38,1.000000000000,Vigo,167
VIGO|H,38,1.000000000000,Vigo,167
VIGO|HNV,38,1.000000000000,Vigo,167
VIGO|HONEYCREEKA,38,1.000000000000,Vigo,167
VIGO|HONEYCREEKB,38,1.000000000000,Vigo,167
VIGO|HONEYCREEKC,38,1.000000000000,Vigo,167
VIGO|HONEYCREEKD,38,1.000000000000,Vigo,167
VIGO|HONEYCREEKE,38,1.000000000000,Vigo,167
VIGO|HONEYCREEKF,38,1.000000000000,Vigo,167
VIGO|HONEYCREEKG,38,1.000000000000,Vigo,167
VIGO|HONEYCREEKH,38,1.000000000000,Vigo,167
VIGO|HONEYCREEKI,38,1.000000000000,Vigo,167
VIGO|LINTONA,38,1.000000000000,Vigo,167
VIGO|LOSTCREEKA,38,1.000000000000,Vigo,167
VIGO|LOSTCREEKB,38,1.000000000000,Vigo,167
VIGO|LOSTCREEKC,38,1.000000000000,Vigo,167
VIGO|LOSTCREEKD,38,1.000000000000,Vigo,167
VIGO|NEVINSA,23,0.000102177512,Vigo,167
VIGO|NEVINSA,38,0.999897822488,Vigo,167
VIGO|NEVINSB,38,1.000000000000,Vigo,167
VIGO|OTTERCREEKA,23,0.000259398606,Vigo,167
VIGO|OTTERCREEKA,38,0.999740601394,Vigo,167
VIGO|OTTERCREEKB,38,1.000000000000,Vigo,167
VIGO|OTTERCREEKC,38,1.000000000000,Vigo,167
VIGO|OTTERCREEKD,38,1.000000000000,Vigo,167
VIGO|OTTERCREEKE,38,1.000000000000,Vigo,167
VIGO|OTTERCREEKF,23,0.000000073868,Vigo,167
VIGO|OTTERCREEKF,38,0.999999926132,Vigo,167
VIGO|OTTERCREEKG,38,1.000000000000,Vigo,167
VIGO|PIERSONA,38,1.000000000000,Vigo,167
VIGO|PRAIRIECREEKA,38,0.999969926494,Vigo,167
VIGO|PRAIRIECREEKA,39,0.000030073506,Vigo,167
VIGO|PRAIRIETONA,38,1.000000000000,Vigo,167
VIGO|RILEYA,38,1.000000000000,Vigo,167
VIGO|RILEYB,38,1.000000000000,Vigo,167
VIGO|SUGARCREEKA,38,1.000000000000,Vigo,167
VIGO|SUGARCREEKB,38,1.000000000000,Vigo,167
VIGO|SUGARCREEKC,38,1.000000000000,Vigo,167
VIGO|SUGARCREEKD,38,1.000000000000,Vigo,167
VIGO|SUGARCREEKE,38,1.000000000000,Vigo,167
VIGO|SUGARCREEKF,38,1.000000000000,Vigo,167
WABASH|CHESTER1,17,1.000000000000,Wabash,169
WABASH|CHESTER2,16,0.000018592508,Wabash,169
WABASH|CHESTER2,17,0.999934263772,Wabash,169
WABASH|CHESTER2,18,0.000047143720,Wabash,169
WABASH|CHESTER3,17,1.000000000000,Wabash,169
WABASH|CHESTER4,17,1.000000000000,Wabash,169
WABASH|CHESTER5,17,1.000000000000,Wabash,169
WABASH|CHESTER6,17,1.000000000000,Wabash,169
WABASH|LAGRO1,17,1.000000000000,Wabash,169
WABASH|LAGRO2,17,1.000000000000,Wabash,169
WABASH|LAGRO3,17,1.000000000000,Wabash,169
WABASH|LIBERTY1,17,1.000000000000,Wabash,169
WABASH|LIBERTY2,17,1.000000000000,Wabash,169
WABASH|NOBLE1,17,1.000000000000,Wabash,169
WABASH|NOBLE10,17,1.000000000000,Wabash,169
WABASH|NOBLE11,17,0.999912521643,Wabash,169
WABASH|NOBLE11,18,0.000087478357,Wabash,169
WABASH|NOBLE2,17,1.000000000000,Wabash,169
WABASH|NOBLE3,17,1.000000000000,Wabash,169
WABASH|NOBLE4,17,1.000000000000,Wabash,169
WABASH|NOBLE5,17,1.000000000000,Wabash,169
WABASH|NOBLE6,17,1.000000000000,Wabash,169
WABASH|NOBLE7,17,1.000000000000,Wabash,169
WABASH|NOBLE8,17,1.000000000000,Wabash,169
WABASH|NOBLE9,17,0.999986323573,Wabash,169
WABASH|NOBLE9,18,0.000013676427,Wabash,169
WABASH|PAWPAW,17,0.999986106448,Wabash,169
WABASH|PAWPAW,18,0.000013893552,Wabash,169
WABASH|PLEASANT1,17,1.000000000000,Wabash,169
WABASH|PLEASANT2,17,0.999907297818,Wabash,169
WABASH|PLEASANT2,18,0.000092702182,Wabash,169
WABASH|WALTZ,17,0.999993598506,Wabash,169
WABASH|WALTZ,18,0.000006401494,Wabash,169
WARREN|ADAMS,6,0.000065419055,Warren,171
WARREN|ADAMS,23,0.999934580945,Warren,171
WARREN|JORDAN,23,1.000000000000,Warren,171
WARREN|KENT,23,1.000000000000,Warren,171
WARREN|LIBERTY,23,1.000000000000,Warren,171
WARREN|MEDINA,6,0.000070272428,Warren,171
WARREN|MEDINA,23,0.999929727572,Warren,171
WARREN|MOUND,23,1.000000000000,Warren,171
WARREN|PIKE,23,1.000000000000,Warren,171
WARREN|PINE,6,0.000019757073,Warren,171
WARREN|PINE,23,0.999980242927,Warren,171
WARREN|PRAIRIE,6,0.000090955584,Warren,171
WARREN|PRAIRIE,23,0.999909044416,Warren,171
WARREN|STEUBEN,23,1.000000000000,Warren,171
WARREN|WARREN,23,1.000000000000,Warren,171
WARREN|WASHINGTON1,23,1.000000000000,Warren,171
WARREN|WASHINGTON2,23,1.000000000000,Warren,171
WARRICK|ANDERSON,48,0.000034125784,Warrick,173
WARRICK|ANDERSON,50,0.999965874216,Warrick,173
WARRICK|BOON10,50,1.000000000000,Warrick,173
WARRICK|BOON11,50,1.000000000000,Warrick,173
WARRICK|BOON12,50,1.000000000000,Warrick,173
WARRICK|BOON13,50,1.000000000000,Warrick,173
WARRICK|BOON14,50,1.000000000000,Warrick,173
WARRICK|BOON15,50,1.000000000000,Warrick,173
WARRICK|BOON3,50,1.000000000000,Warrick,173
WARRICK|BOON5,50,1.000000000000,Warrick,173
WARRICK|BOON6,50,1.000000000000,Warrick,173
WARRICK|BOON7,50,1.000000000000,Warrick,173
WARRICK|BOON8,50,1.000000000000,Warrick,173
WARRICK|BOON9,48,0.000049671630,Warrick,173
WARRICK|BOON9,50,0.999950328370,Warrick,173
WARRICK|CAMPBELL,49,0.000059641471,Warrick,173
WARRICK|CAMPBELL,50,0.999940358529,Warrick,173
WARRICK|GREER1,48,0.000141396679,Warrick,173
WARRICK|GREER1,49,0.000007612610,Warrick,173
WARRICK|GREER1,50,0.999850990711,Warrick,173
WARRICK|GREER2,48,0.000206877569,Warrick,173
WARRICK|GREER2,50,0.999793122431,Warrick,173
WARRICK|HART1,48,0.000101433944,Warrick,173
WARRICK|HART1,50,0.999898566056,Warrick,173
WARRICK|HART2,50,1.000000000000,Warrick,173
WARRICK|LANE,48,0.000089242688,Warrick,173
WARRICK|LANE,50,0.999910757312,Warrick,173
WARRICK|OHIO1,50,1.000000000000,Warrick,173
WARRICK|OHIO10,50,1.000000000000,Warrick,173
WARRICK|OHIO11,50,1.000000000000,Warrick,173
WARRICK|OHIO12,50,1.000000000000,Warrick,173
WARRICK|OHIO13,50,1.000000000000,Warrick,173
WARRICK|OHIO14,50,1.000000000000,Warrick,173
WARRICK|OHIO15,50,1.000000000000,Warrick,173
WARRICK|OHIO16,50,1.000000000000,Warrick,173
WARRICK|OHIO17,50,1.000000000000,Warrick,173
WARRICK|OHIO18,50,1.000000000000,Warrick,173
WARRICK|OHIO19,50,1.000000000000,Warrick,173
WARRICK|OHIO2,50,1.000000000000,Warrick,173
WARRICK|OHIO20,50,1.000000000000,Warrick,173
WARRICK|OHIO21,50,1.000000000000,Warrick,173
WARRICK|OHIO22,50,1.000000000000,Warrick,173
WARRICK|OHIO23,50,1.000000000000,Warrick,173
WARRICK|OHIO24,50,1.000000000000,Warrick,173
WARRICK|OHIO25,50,1.000000000000,Warrick,173
WARRICK|OHIO26,50,1.000000000000,Warrick,173
WARRICK|OHIO27,50,1.000000000000,Warrick,173
WARRICK|OHIO28,50,1.000000000000,Warrick,173
WARRICK|OHIO29,50,1.000000000000,Warrick,173
WARRICK|OHIO3,50,1.000000000000,Warrick,173
WARRICK|OHIO30,50,1.000000000000,Warrick,173
WARRICK|OHIO31,50,1.000000000000,Warrick,173
WARRICK|OHIO32,50,1.000000000000,Warrick,173
WARRICK|OHIO33,50,1.000000000000,Warrick,173
WARRICK|OHIO34,50,1.000000000000,Warrick,173
WARRICK|OHIO4,50,1.000000000000,Warrick,173
WARRICK|OHIO5,50,1.000000000000,Warrick,173
WARRICK|OHIO6,50,1.000000000000,Warrick,173
WARRICK|OHIO7,50,1.000000000000,Warrick,173
WARRICK|OHIO8,50,1.000000000000,Warrick,173
WARRICK|OHIO9,50,1.000000000000,Warrick,173
WARRICK|OWEN,50,1.000000000000,Warrick,173
WARRICK|PIGEON,48,0.000126026967,Warrick,173
WARRICK|PIGEON,50,0.999873973033,Warrick,173
WARRICK|SKELTON1,48,0.000882720518,Warrick,173
WARRICK|SKELTON1,50,0.999117279482,Warrick,173
WARRICK|SKELTON2,48,0.000049825277,Warrick,173
WARRICK|SKELTON2,50,0.999950174723,Warrick,173
WASHINGTON|BROWN,44,0.000060222918,Washington,175
WASHINGTON|BROWN,47,0.999939777082,Washington,175
WASHINGTON|FRANKLIN,43,0.000003763963,Washington,175
WASHINGTON|FRANKLIN,47,0.999996236037,Washington,175
WASHINGTON|GIBSON,43,0.000011430098,Washington,175
WASHINGTON|GIBSON,44,0.000769661850,Washington,175
WASHINGTON|GIBSON,47,0.999218908052,Washington,175
WASHINGTON|HOWARD,47,1.000000000000,Washington,175
WASHINGTON|JACKSON,45,0.000115357692,Washington,175
WASHINGTON|JACKSON,47,0.999884642308,Washington,175
WASHINGTON|JEFFERSON,44,0.000056338229,Washington,175
WASHINGTON|JEFFERSON,47,0.999943661771,Washington,175
WASHINGTON|MADISON,44,0.000165124962,Washington,175
WASHINGTON|MADISON,47,0.999834875038,Washington,175
WASHINGTON|MONROE,44,0.000334441024,Washington,175
WASHINGTON|MONROE,47,0.999665558976,Washington,175
WASHINGTON|PIERCE,47,1.000000000000,Washington,175
WASHINGTON|POLK,45,0.000084761417,Washington,175
WASHINGTON|POLK,47,0.999915238583,Washington,175
WASHINGTON|POSEY,47,0.999999943241,Washington,175
WASHINGTON|POSEY,48,0.000000056759,Washington,175
WASHINGTON|SALEM1,47,1.000000000000,Washington,175
WASHINGTON|SALEM2,47,1.000000000000,Washington,175
WASHINGTON|SALEM3,47,1.000000000000,Washington,175
WASHINGTON|SALEM4,47,1.000000000000,Washington,175
WASHINGTON|VERNON,44,0.000026755977,Washington,175
WASHINGTON|VERNON,47,0.999973244023,Washington,175
WASHINGTON|WASHINGTON1,47,1.000000000000,Washington,175
WASHINGTON|WASHINGTON2,47,1.000000000000,Washington,175
WASHINGTON|WASHINGTON3,47,1.000000000000,Washington,175
WASHINGTON|WASHINGTON4,47,1.000000000000,Washington,175
WAYNE|ABINGTON,27,0.999978620187,Wayne,177
WAYNE|ABINGTON,42,0.000021379813,Wayne,177
WAYNE|BOSTON1,27,1.000000000000,Wayne,177
WAYNE|CENTER04A,27,1.000000000000,Wayne,177
WAYNE|CENTER1,27,1.000000000000,Wayne,177
WAYNE|CENTER2,27,1.000000000000,Wayne,177
WAYNE|CENTER3,27,1.000000000000,Wayne,177
WAYNE|CENTER4,27,1.000000000000,Wayne,177
WAYNE|CENTER5,27,1.000000000000,Wayne,177
WAYNE|CENTER6,27,1.000000000000,Wayne,177
WAYNE|CLAY1,27,1.000000000000,Wayne,177
WAYNE|DALTON1,26,0.000121220471,Wayne,177
WAYNE|DALTON1,27,0.999878779529,Wayne,177
WAYNE|FRANKLIN1,26,0.000012737609,Wayne,177
WAYNE|FRANKLIN1,27,0.999987262391,Wayne,177
WAYNE|GREENE1,26,0.000063069797,Wayne,177
WAYNE|GREENE1,27,0.999936930203,Wayne,177
WAYNE|HARRISON,27,1.000000000000,Wayne,177
WAYNE|JACKSON1,27,0.999989625476,Wayne,177
WAYNE|JACKSON1,42,0.000010374524,Wayne,177
WAYNE|JACKSON2,27,1.000000000000,Wayne,177
WAYNE|JACKSON3,27,1.000000000000,Wayne,177
WAYNE|JEFFERSON1,27,1.000000000000,Wayne,177
WAYNE|JEFFERSON2,27,1.000000000000,Wayne,177
WAYNE|JEFFERSON3,27,1.000000000000,Wayne,177
WAYNE|NEWGARDEN1,26,0.000045504882,Wayne,177
WAYNE|NEWGARDEN1,27,0.999954495118,Wayne,177
WAYNE|PERRY1,26,0.000071533749,Wayne,177
WAYNE|PERRY1,27,0.999928466251,Wayne,177
WAYNE|WASHINGTON,27,0.999939916714,Wayne,177
WAYNE|WASHINGTON,42,0.000060083286,Wayne,177
WAYNE|WAYNE1,27,1.000000000000,Wayne,177
WAYNE|WAYNE10,27,1.000000000000,Wayne,177
WAYNE|WAYNE11,27,1.000000000000,Wayne,177
WAYNE|WAYNE12,27,1.000000000000,Wayne,177
WAYNE|WAYNE13,27,1.000000000000,Wayne,177
WAYNE|WAYNE14,27,1.000000000000,Wayne,177
WAYNE|WAYNE15,27,1.000000000000,Wayne,177
WAYNE|WAYNE16,27,1.000000000000,Wayne,177
WAYNE|WAYNE17,27,1.000000000000,Wayne,177
WAYNE|WAYNE18,27,1.000000000000,Wayne,177
WAYNE|WAYNE19,27,1.000000000000,Wayne,177
WAYNE|WAYNE2,27,1.000000000000,Wayne,177
WAYNE|WAYNE20,27,1.000000000000,Wayne,177
WAYNE|WAYNE21,27,1.000000000000,Wayne,177
WAYNE|WAYNE22,27,1.000000000000,Wayne,177
WAYNE|WAYNE23,27,1.000000000000,Wayne,177
WAYNE|WAYNE24,27,1.000000000000,Wayne,177
WAYNE|WAYNE25,27,1.000000000000,Wayne,177
WAYNE|WAYNE26,27,1.000000000000,Wayne,177
WAYNE|WAYNE27,27,1.000000000000,Wayne,177
WAYNE|WAYNE28,27,1.000000000000,Wayne,177
WAYNE|WAYNE29,27,1.000000000000,Wayne,177
WAYNE|WAYNE3,27,1.000000000000,Wayne,177
WAYNE|WAYNE30,27,1.000000000000,Wayne,177
WAYNE|WAYNE31,27,1.000000000000,Wayne,177
WAYNE|WAYNE32,27,1.000000000000,Wayne,177
WAYNE|WAYNE33,27,1.000000000000,Wayne,177
WAYNE|WAYNE34,27,1.000000000000,Wayne,177
WAYNE|WAYNE35,27,1.000000000000,Wayne,177
WAYNE|WAYNE4,27,1.000000000000,Wayne,177
WAYNE|WAYNE5,27,1.000000000000,Wayne,177
WAYNE|WAYNE6,27,1.000000000000,Wayne,177
WAYNE|WAYNE7,27,1.000000000000,Wayne,177
WAYNE|WAYNE8,27,1.000000000000,Wayne,177
WAYNE|WAYNE9,27,1.000000000000,Wayne,177
WAYNE|WEBSTER1,27,1.000000000000,Wayne,177
WELLS|BLUFFTON2,19,1.000000000000,Wells,179
WELLS|BLUFFTON3,19,1.000000000000,Wells,179
WELLS|BLUFFTON4,19,1.000000000000,Wells,179
WELLS|BLUFFTON5,19,1.000000000000,Wells,179
WELLS|BLUFFTON6,19,1.000000000000,Wells,179
WELLS|BLUFFTONLANCASTEREAST,19,1.000000000000,Wells,179
WELLS|BLUFFTONLANCASTERIII,19,1.000000000000,Wells,179
WELLS|BLUFFTONLANCASTERWEST,19,1.000000000000,Wells,179
WELLS|CHESTER,19,1.000000000000,Wells,179
WELLS|HARRISONEAST,19,1.000000000000,Wells,179
WELLS|HARRISONWEST,19,1.000000000000,Wells,179
WELLS|JACKSON,17,0.000106167976,Wells,179
WELLS|JACKSON,19,0.999893832024,Wells,179
WELLS|JEFFERSONEAST,14,0.000030759892,Wells,179
WELLS|JEFFERSONEAST,19,0.999969240108,Wells,179
WELLS|JEFFERSONWEST,19,1.000000000000,Wells,179
WELLS|LANCASTEREAST,19,1.000000000000,Wells,179
WELLS|LANCASTERWEST,19,1.000000000000,Wells,179
WELLS|LIBERTY,17,0.000059896997,Wells,179
WELLS|LIBERTY,19,0.999940103003,Wells,179
WELLS|NOTTINGHAM,19,1.000000000000,Wells,179
WELLS|OSSIANEAST,19,1.000000000000,Wells,179
WELLS|OSSIANWEST,19,1.000000000000,Wells,179
WELLS|ROCKCREEK,17,0.000050778104,Wells,179
WELLS|ROCKCREEK,19,0.999949221896,Wells,179
WELLS|UNION,17,0.000018245251,Wells,179
WELLS|UNION,19,0.999981754749,Wells,179
WHITE|BIGCREEK1,5,0.999984789439,White,181
WHITE|BIGCREEK1,22,0.000015210561,White,181
WHITE|CASS1,5,0.999922714746,White,181
WHITE|CASS1,18,0.000077285254,White,181
WHITE|HONEYCREEK1,5,1.000000000000,White,181
WHITE|JACKSON1,5,0.999817828937,White,181
WHITE|JACKSON1,18,0.000170278735,White,181
WHITE|JACKSON1,22,0.000011892328,White,181
WHITE|LIBERTY,5,1.000000000000,White,181
WHITE|LINCOLN1,5,0.999933533327,White,181
WHITE|LINCOLN1,22,0.000066466673,White,181
WHITE|MONON,5,1.000000000000,White,181
WHITE|PRAIRIE1,5,0.999965953130,White,181
WHITE|PRAIRIE1,22,0.000013876110,White,181
WHITE|PRAIRIE1,23,0.000020170760,White,181
WHITE|PRAIRIE2,5,0.999896717445,White,181
WHITE|PRAIRIE2,22,0.000103282555,White,181
WHITE|PRINCETON,5,0.999965711245,White,181
WHITE|PRINCETON,6,0.000034288755,White,181
WHITE|ROUNDGROVE1,5,0.999948033751,White,181
WHITE|ROUNDGROVE1,6,0.000025496653,White,181
WHITE|ROUNDGROVE1,23,0.000026469595,White,181
WHITE|UNION1,5,0.999954817316,White,181
WHITE|UNION1,22,0.000045182684,White,181
WHITE|UNION2,5,1.000000000000,White,181
WHITE|UNION3,5,0.999364098183,White,181
WHITE|UNION3,22,0.000635901817,White,181
WHITE|UNION4,5,1.000000000000,White,181
WHITE|UNION5,5,1.000000000000,White,181
WHITE|UNION6,5,0.995884311313,White,181
WHITE|UNION6,22,0.004115688687,White,181
WHITE|UNION7,5,1.000000000000,White,181
WHITE|WESTPOINT1,5,0.999980465708,White,181
WHITE|WESTPOINT1,6,0.000019534292,White,181
WHITLEY|CLEVELANDNORTHEAST,16,1.000000000000,Whitley,183
WHITLEY|CLEVELANDNORTHWEST,16,0.999986401709,Whitley,183
WHITLEY|CLEVELANDNORTHWEST,18,0.000013598291,Whitley,183
WHITLEY|CLEVELANDSOUTH,16,0.999948262716,Whitley,183
WHITLEY|CLEVELANDSOUTH,17,0.000038609995,Whitley,183
WHITLEY|CLEVELANDSOUTH,18,0.000013127289,Whitley,183
WHITLEY|COLUMBIA1,16,1.000000000000,Whitley,183
WHITLEY|COLUMBIA2,16,1.000000000000,Whitley,183
WHITLEY|COLUMBIA3,16,1.000000000000,Whitley,183
WHITLEY|COLUMBIA4,16,1.000000000000,Whitley,183
WHITLEY|COLUMBIA5,16,1.000000000000,Whitley,183
WHITLEY|COLUMBIA6,16,1.000000000000,Whitley,183
WHITLEY|COLUMBIA7,16,1.000000000000,Whitley,183
WHITLEY|COLUMBIA8,16,1.000000000000,Whitley,183
WHITLEY|COLUMBIANORTHEAST,16,1.000000000000,Whitley,183
WHITLEY|COLUMBIANORTHWEST,16,1.000000000000,Whitley,183
WHITLEY|COLUMBIASOUTH,16,1.000000000000,Whitley,183
WHITLEY|ETNA,13,0.000040784203,Whitley,183
WHITLEY|ETNA,16,0.999959215797,Whitley,183
WHITLEY|JEFFERSONEAST,16,0.999983016713,Whitley,183
WHITLEY|JEFFERSONEAST,17,0.000016983287,Whitley,183
WHITLEY|JEFFERSONWEST,16,0.999944013402,Whitley,183
WHITLEY|JEFFERSONWEST,17,0.000055986598,Whitley,183
WHITLEY|RICHLANDNORTH,16,0.999992952632,Whitley,183
WHITLEY|RICHLANDNORTH,18,0.000007047368,Whitley,183
WHITLEY|RICHLANDSOUTH,16,0.999966382837,Whitley,183
WHITLEY|RICHLANDSOUTH,18,0.000033617163,Whitley,183
WHITLEY|SMITHEAST,13,0.000069535648,Whitley,183
WHITLEY|SMITHEAST,16,0.999930464352,Whitley,183
WHITLEY|SMITHNORTHEAST,13,0.000061383454,Whitley,183
WHITLEY|SMITHNORTHEAST,16,0.999938616546,Whitley,183
WHITLEY|SMITHNORTHWEST,13,0.000045490344,Whitley,183
WHITLEY|SMITHNORTHWEST,16,0.999954509656,Whitley,183
WHITLEY|SMITHSOUTH,16,1.000000000000,Whitley,183
WHITLEY|SMITHWEST,13,0.000072508875,Whitley,183
WHITLEY|SMITHWEST,16,0.999927491125,Whitley,183
WHITLEY|THORNCREEKNORTH,13,0.000020578465,Whitley,183
WHITLEY|THORNCREEKNORTH,16,0.999979421535,Whitley,183
WHITLEY|THORNCREEKNORTHEAST,13,0.000007006024,Whitley,183
WHITLEY|THORNCREEKNORTHEAST,16,0.999992993976,Whitley,183
WHITLEY|THORNCREEKNORTHWEST,13,0.000071185404,Whitley,183
WHITLEY|THORNCREEKNORTHWEST,16,0.999928814596,Whitley,183
WHITLEY|THORNCREEKSOUTH,16,1.000000000000,Whitley,183
WHITLEY|TROY,9,0.000000228883,Whitley,183
WHITLEY|TROY,16,0.999937709682,Whitley,183
WHITLEY|TROY,18,0.000062061435,Whitley,183
WHITLEY|UNIONCOLUMBIACITY,16,1.000000000000,Whitley,183
WHITLEY|UNIONEAST,16,1.000000000000,Whitley,183
WHITLEY|UNIONWEST,16,1.000000000000,Whitley,183
WHITLEY|WASHINGTONNORTH,16,1.000000000000,Whitley,183
WHITLEY|WASHINGTONSOUTH,16,0.999937760138,Whitley,183
WHITLEY|WASHINGTONSOUTH,17,0.000062239862,Whitley,183
